TEST LOG - tests/escenarios.yaml
FECHA: 6/5/2026, 11:12:08 a. m.
------------------------------------------
Test run id: tyrwb_hf3cergm9paphrkje9z4gkrz7e9jf_7x9j
Phase started: Fase Única: Jornada Completa (index: 0, duration: 60s) 11:12:14(-0500)

* GET /hospital/?route=home 

  ok statusCode 200 
* GET /hospital/?route=home 

  ok statusCode 200 
* GET /hospital/?route=home 

  ok statusCode 200 
* GET /hospital/?route=home 

  ok statusCode 200 
* GET /hospital/?route=home 

  ok statusCode 200 
* GET /hospital/?route=home 

  ok statusCode 200 
* GET /hospital/?route=login 

  ok statusCode 200 
* GET /hospital/?route=home 

  ok statusCode 200 
* GET /hospital/?route=login 

  ok statusCode 200 
* GET /hospital/?route=home 

  ok statusCode 200 
* GET /hospital/?route=login 

  ok statusCode 200 
* GET /hospital/?route=home 

  ok statusCode 200 
* GET /hospital/?route=login 

  ok statusCode 200 
* GET /hospital/?route=home 

  ok statusCode 200 
* GET /hospital/?route=login 

  ok statusCode 200 
* GET /hospital/?route=login 

  ok statusCode 200 
* GET /hospital/?route=home 

  ok statusCode 200 
* POST /hospital/?route=auth&action=login 

  not ok statusCode 200 
  expected: 302
       got: 200
  Request params:
    http://localhost/hospital/?route=auth&action=login
    ""
  Headers:
  date: Wed, 06 May 2026 16:12:17 GMT
  server: Apache/2.4.65 (Win64) PHP/8.3.28 mod_fcgid/2.3.10-dev
  x-powered-by: PHP/8.3.28
  expires: Thu, 19 Nov 1981 08:52:00 GMT
  cache-control: no-store, no-cache, must-revalidate
  pragma: no-cache
  content-length: 1624
  keep-alive: timeout=5, max=97
  connection: Keep-Alive
  content-type: text/html; charset=UTF-8
  Body:
<!DOCTYPE html>
<html lang="es">
<head>
<meta charset="UTF-8">
<meta name="viewport" content="width=device-width,initial-scale=1.0">
<title>Iniciar Sesión — PharmaCRM</title>
<link rel="stylesheet" href="/hospital/public/css/styles.css">
<link rel="stylesheet" href="https://cdnjs.cloudflare.com/ajax/libs/font-awesome/6.5.1/css/all.min.css">
</head>
<body>
<div class="login-wrapper">
<div class="login-card">
<div class="logo">
<div style="font-size:48px;margin-bottom:12px"><i class="fas fa-prescription-bottl
  User variables:
    target: http://localhost/hospital
    $environment: undefined
    $testId: tyrwb_hf3cergm9paphrkje9z4gkrz7e9jf_7x9j
    $dirname: tests
    $scenarioFile: C:\wamp64\www\hospital\mi-qa\tests\escenarios.yaml
    username: username
    password: password
    nombre_medicamento: ibuprofeno
    cliente_id: 3
    $uuid: 40763c08-4cfa-43bd-bac6-943891afeadd
* GET /hospital/?route=home 

  ok statusCode 200 
* GET /hospital/?route=login 

  ok statusCode 200 
* POST /hospital/?route=auth&action=login 

  not ok statusCode 200 
  expected: 302
       got: 200
  Request params:
    http://localhost/hospital/?route=auth&action=login
    ""
  Headers:
  date: Wed, 06 May 2026 16:12:17 GMT
  server: Apache/2.4.65 (Win64) PHP/8.3.28 mod_fcgid/2.3.10-dev
  x-powered-by: PHP/8.3.28
  expires: Thu, 19 Nov 1981 08:52:00 GMT
  cache-control: no-store, no-cache, must-revalidate
  pragma: no-cache
  content-length: 1624
  keep-alive: timeout=5, max=97
  connection: Keep-Alive
  content-type: text/html; charset=UTF-8
  Body:
<!DOCTYPE html>
<html lang="es">
<head>
<meta charset="UTF-8">
<meta name="viewport" content="width=device-width,initial-scale=1.0">
<title>Iniciar Sesión — PharmaCRM</title>
<link rel="stylesheet" href="/hospital/public/css/styles.css">
<link rel="stylesheet" href="https://cdnjs.cloudflare.com/ajax/libs/font-awesome/6.5.1/css/all.min.css">
</head>
<body>
<div class="login-wrapper">
<div class="login-card">
<div class="logo">
<div style="font-size:48px;margin-bottom:12px"><i class="fas fa-prescription-bottl
  User variables:
    target: http://localhost/hospital
    $environment: undefined
    $testId: tyrwb_hf3cergm9paphrkje9z4gkrz7e9jf_7x9j
    $dirname: tests
    $scenarioFile: C:\wamp64\www\hospital\mi-qa\tests\escenarios.yaml
    username: username
    password: password
    nombre_medicamento: dexametasona
    cliente_id: 5
    $uuid: 3c4c17be-c3a4-40d4-b1df-8193a6cd19e9
* GET /hospital/?route=home 

  ok statusCode 200 
* GET /hospital/?route=home 

  ok statusCode 200 
* GET /hospital/?route=login 

  ok statusCode 200 
* POST /hospital/?route=auth&action=login 

  not ok statusCode 200 
  expected: 302
       got: 200
  Request params:
    http://localhost/hospital/?route=auth&action=login
    ""
  Headers:
  date: Wed, 06 May 2026 16:12:17 GMT
  server: Apache/2.4.65 (Win64) PHP/8.3.28 mod_fcgid/2.3.10-dev
  x-powered-by: PHP/8.3.28
  expires: Thu, 19 Nov 1981 08:52:00 GMT
  cache-control: no-store, no-cache, must-revalidate
  pragma: no-cache
  content-length: 1624
  keep-alive: timeout=5, max=97
  connection: Keep-Alive
  content-type: text/html; charset=UTF-8
  Body:
<!DOCTYPE html>
<html lang="es">
<head>
<meta charset="UTF-8">
<meta name="viewport" content="width=device-width,initial-scale=1.0">
<title>Iniciar Sesión — PharmaCRM</title>
<link rel="stylesheet" href="/hospital/public/css/styles.css">
<link rel="stylesheet" href="https://cdnjs.cloudflare.com/ajax/libs/font-awesome/6.5.1/css/all.min.css">
</head>
<body>
<div class="login-wrapper">
<div class="login-card">
<div class="logo">
<div style="font-size:48px;margin-bottom:12px"><i class="fas fa-prescription-bottl
  User variables:
    target: http://localhost/hospital
    $environment: undefined
    $testId: tyrwb_hf3cergm9paphrkje9z4gkrz7e9jf_7x9j
    $dirname: tests
    $scenarioFile: C:\wamp64\www\hospital\mi-qa\tests\escenarios.yaml
    username: vendedor1
    password: vendedor123
    nombre_medicamento: omeprazol
    cliente_id: 8
    $uuid: 49839662-29c4-434f-adf1-c377ce0eb76f
* GET /hospital/?route=login 

  ok statusCode 200 
* POST /hospital/?route=auth&action=login 

  not ok statusCode 200 
  expected: 302
       got: 200
  Request params:
    http://localhost/hospital/?route=auth&action=login
    ""
  Headers:
  date: Wed, 06 May 2026 16:12:17 GMT
  server: Apache/2.4.65 (Win64) PHP/8.3.28 mod_fcgid/2.3.10-dev
  x-powered-by: PHP/8.3.28
  expires: Thu, 19 Nov 1981 08:52:00 GMT
  cache-control: no-store, no-cache, must-revalidate
  pragma: no-cache
  content-length: 1624
  keep-alive: timeout=5, max=97
  connection: Keep-Alive
  content-type: text/html; charset=UTF-8
  Body:
<!DOCTYPE html>
<html lang="es">
<head>
<meta charset="UTF-8">
<meta name="viewport" content="width=device-width,initial-scale=1.0">
<title>Iniciar Sesión — PharmaCRM</title>
<link rel="stylesheet" href="/hospital/public/css/styles.css">
<link rel="stylesheet" href="https://cdnjs.cloudflare.com/ajax/libs/font-awesome/6.5.1/css/all.min.css">
</head>
<body>
<div class="login-wrapper">
<div class="login-card">
<div class="logo">
<div style="font-size:48px;margin-bottom:12px"><i class="fas fa-prescription-bottl
  User variables:
    target: http://localhost/hospital
    $environment: undefined
    $testId: tyrwb_hf3cergm9paphrkje9z4gkrz7e9jf_7x9j
    $dirname: tests
    $scenarioFile: C:\wamp64\www\hospital\mi-qa\tests\escenarios.yaml
    username: username
    password: password
    nombre_medicamento: loratadina
    cliente_id: 2
    $uuid: 2cc985ab-3da5-4252-8e82-d17e22b6febf
* GET /hospital/?route=home 

  ok statusCode 200 
* GET /hospital/?route=login 

  ok statusCode 200 
* POST /hospital/?route=auth&action=login 

  not ok statusCode 200 
  expected: 302
       got: 200
  Request params:
    http://localhost/hospital/?route=auth&action=login
    ""
  Headers:
  date: Wed, 06 May 2026 16:12:18 GMT
  server: Apache/2.4.65 (Win64) PHP/8.3.28 mod_fcgid/2.3.10-dev
  x-powered-by: PHP/8.3.28
  expires: Thu, 19 Nov 1981 08:52:00 GMT
  cache-control: no-store, no-cache, must-revalidate
  pragma: no-cache
  content-length: 1624
  keep-alive: timeout=5, max=97
  connection: Keep-Alive
  content-type: text/html; charset=UTF-8
  Body:
<!DOCTYPE html>
<html lang="es">
<head>
<meta charset="UTF-8">
<meta name="viewport" content="width=device-width,initial-scale=1.0">
<title>Iniciar Sesión — PharmaCRM</title>
<link rel="stylesheet" href="/hospital/public/css/styles.css">
<link rel="stylesheet" href="https://cdnjs.cloudflare.com/ajax/libs/font-awesome/6.5.1/css/all.min.css">
</head>
<body>
<div class="login-wrapper">
<div class="login-card">
<div class="logo">
<div style="font-size:48px;margin-bottom:12px"><i class="fas fa-prescription-bottl
  User variables:
    target: http://localhost/hospital
    $environment: undefined
    $testId: tyrwb_hf3cergm9paphrkje9z4gkrz7e9jf_7x9j
    $dirname: tests
    $scenarioFile: C:\wamp64\www\hospital\mi-qa\tests\escenarios.yaml
    username: vendedor1
    password: vendedor123
    nombre_medicamento: losartan
    cliente_id: 7
    $uuid: fa97854b-3588-46bc-8aa4-9f1c455a6e02
* GET /hospital/?route=home 

  ok statusCode 200 
* GET /hospital/?route=login 

  ok statusCode 200 
* POST /hospital/?route=auth&action=login 

  not ok statusCode 200 
  expected: 302
       got: 200
  Request params:
    http://localhost/hospital/?route=auth&action=login
    ""
  Headers:
  date: Wed, 06 May 2026 16:12:18 GMT
  server: Apache/2.4.65 (Win64) PHP/8.3.28 mod_fcgid/2.3.10-dev
  x-powered-by: PHP/8.3.28
  expires: Thu, 19 Nov 1981 08:52:00 GMT
  cache-control: no-store, no-cache, must-revalidate
  pragma: no-cache
  content-length: 1624
  keep-alive: timeout=5, max=97
  connection: Keep-Alive
  content-type: text/html; charset=UTF-8
  Body:
<!DOCTYPE html>
<html lang="es">
<head>
<meta charset="UTF-8">
<meta name="viewport" content="width=device-width,initial-scale=1.0">
<title>Iniciar Sesión — PharmaCRM</title>
<link rel="stylesheet" href="/hospital/public/css/styles.css">
<link rel="stylesheet" href="https://cdnjs.cloudflare.com/ajax/libs/font-awesome/6.5.1/css/all.min.css">
</head>
<body>
<div class="login-wrapper">
<div class="login-card">
<div class="logo">
<div style="font-size:48px;margin-bottom:12px"><i class="fas fa-prescription-bottl
  User variables:
    target: http://localhost/hospital
    $environment: undefined
    $testId: tyrwb_hf3cergm9paphrkje9z4gkrz7e9jf_7x9j
    $dirname: tests
    $scenarioFile: C:\wamp64\www\hospital\mi-qa\tests\escenarios.yaml
    username: tester
    password: tester123
    nombre_medicamento: acetaminofen
    cliente_id: 3
    $uuid: 4e8dca14-29fa-494e-98b8-432f581d8bc9
* GET /hospital/?route=home 

  ok statusCode 200 
* GET /hospital/?route=login 

  ok statusCode 200 
* POST /hospital/?route=auth&action=login 

  not ok statusCode 200 
  expected: 302
       got: 200
  Request params:
    http://localhost/hospital/?route=auth&action=login
    ""
  Headers:
  date: Wed, 06 May 2026 16:12:18 GMT
  server: Apache/2.4.65 (Win64) PHP/8.3.28 mod_fcgid/2.3.10-dev
  x-powered-by: PHP/8.3.28
  expires: Thu, 19 Nov 1981 08:52:00 GMT
  cache-control: no-store, no-cache, must-revalidate
  pragma: no-cache
  content-length: 1624
  keep-alive: timeout=5, max=97
  connection: Keep-Alive
  content-type: text/html; charset=UTF-8
  Body:
<!DOCTYPE html>
<html lang="es">
<head>
<meta charset="UTF-8">
<meta name="viewport" content="width=device-width,initial-scale=1.0">
<title>Iniciar Sesión — PharmaCRM</title>
<link rel="stylesheet" href="/hospital/public/css/styles.css">
<link rel="stylesheet" href="https://cdnjs.cloudflare.com/ajax/libs/font-awesome/6.5.1/css/all.min.css">
</head>
<body>
<div class="login-wrapper">
<div class="login-card">
<div class="logo">
<div style="font-size:48px;margin-bottom:12px"><i class="fas fa-prescription-bottl
  User variables:
    target: http://localhost/hospital
    $environment: undefined
    $testId: tyrwb_hf3cergm9paphrkje9z4gkrz7e9jf_7x9j
    $dirname: tests
    $scenarioFile: C:\wamp64\www\hospital\mi-qa\tests\escenarios.yaml
    username: username
    password: password
    nombre_medicamento: dexametasona
    cliente_id: 3
    $uuid: f7a21762-64ed-4365-9742-735ef9adc7a3
* GET /hospital/?route=home 

  ok statusCode 200 
* GET /hospital/?route=login 

  ok statusCode 200 
* GET /hospital/?route=home 

  ok statusCode 200 
* GET /hospital/?route=login 

  ok statusCode 200 
* POST /hospital/?route=auth&action=login 

  not ok statusCode 200 
  expected: 302
       got: 200
  Request params:
    http://localhost/hospital/?route=auth&action=login
    ""
  Headers:
  date: Wed, 06 May 2026 16:12:18 GMT
  server: Apache/2.4.65 (Win64) PHP/8.3.28 mod_fcgid/2.3.10-dev
  x-powered-by: PHP/8.3.28
  expires: Thu, 19 Nov 1981 08:52:00 GMT
  cache-control: no-store, no-cache, must-revalidate
  pragma: no-cache
  content-length: 1624
  keep-alive: timeout=5, max=97
  connection: Keep-Alive
  content-type: text/html; charset=UTF-8
  Body:
<!DOCTYPE html>
<html lang="es">
<head>
<meta charset="UTF-8">
<meta name="viewport" content="width=device-width,initial-scale=1.0">
<title>Iniciar Sesión — PharmaCRM</title>
<link rel="stylesheet" href="/hospital/public/css/styles.css">
<link rel="stylesheet" href="https://cdnjs.cloudflare.com/ajax/libs/font-awesome/6.5.1/css/all.min.css">
</head>
<body>
<div class="login-wrapper">
<div class="login-card">
<div class="logo">
<div style="font-size:48px;margin-bottom:12px"><i class="fas fa-prescription-bottl
  User variables:
    target: http://localhost/hospital
    $environment: undefined
    $testId: tyrwb_hf3cergm9paphrkje9z4gkrz7e9jf_7x9j
    $dirname: tests
    $scenarioFile: C:\wamp64\www\hospital\mi-qa\tests\escenarios.yaml
    username: tester
    password: tester123
    nombre_medicamento: ibuprofeno
    cliente_id: 2
    $uuid: deb89ae3-ccf9-43df-8c9d-399656468e92
* GET /hospital/?route=home 

  ok statusCode 200 
* POST /hospital/?route=auth&action=login 

  not ok statusCode 200 
  expected: 302
       got: 200
  Request params:
    http://localhost/hospital/?route=auth&action=login
    ""
  Headers:
  date: Wed, 06 May 2026 16:12:18 GMT
  server: Apache/2.4.65 (Win64) PHP/8.3.28 mod_fcgid/2.3.10-dev
  x-powered-by: PHP/8.3.28
  expires: Thu, 19 Nov 1981 08:52:00 GMT
  cache-control: no-store, no-cache, must-revalidate
  pragma: no-cache
  content-length: 1624
  keep-alive: timeout=5, max=97
  connection: Keep-Alive
  content-type: text/html; charset=UTF-8
  Body:
<!DOCTYPE html>
<html lang="es">
<head>
<meta charset="UTF-8">
<meta name="viewport" content="width=device-width,initial-scale=1.0">
<title>Iniciar Sesión — PharmaCRM</title>
<link rel="stylesheet" href="/hospital/public/css/styles.css">
<link rel="stylesheet" href="https://cdnjs.cloudflare.com/ajax/libs/font-awesome/6.5.1/css/all.min.css">
</head>
<body>
<div class="login-wrapper">
<div class="login-card">
<div class="logo">
<div style="font-size:48px;margin-bottom:12px"><i class="fas fa-prescription-bottl
  User variables:
    target: http://localhost/hospital
    $environment: undefined
    $testId: tyrwb_hf3cergm9paphrkje9z4gkrz7e9jf_7x9j
    $dirname: tests
    $scenarioFile: C:\wamp64\www\hospital\mi-qa\tests\escenarios.yaml
    username: tester
    password: tester123
    nombre_medicamento: amoxicilina
    cliente_id: 1
    $uuid: 239bbb07-218f-406a-8c0f-5ff00c376bea
* GET /hospital/?route=login 

  ok statusCode 200 
* POST /hospital/?route=auth&action=login 

  not ok statusCode 200 
  expected: 302
       got: 200
  Request params:
    http://localhost/hospital/?route=auth&action=login
    ""
  Headers:
  date: Wed, 06 May 2026 16:12:18 GMT
  server: Apache/2.4.65 (Win64) PHP/8.3.28 mod_fcgid/2.3.10-dev
  x-powered-by: PHP/8.3.28
  expires: Thu, 19 Nov 1981 08:52:00 GMT
  cache-control: no-store, no-cache, must-revalidate
  pragma: no-cache
  content-length: 1624
  keep-alive: timeout=5, max=97
  connection: Keep-Alive
  content-type: text/html; charset=UTF-8
  Body:
<!DOCTYPE html>
<html lang="es">
<head>
<meta charset="UTF-8">
<meta name="viewport" content="width=device-width,initial-scale=1.0">
<title>Iniciar Sesión — PharmaCRM</title>
<link rel="stylesheet" href="/hospital/public/css/styles.css">
<link rel="stylesheet" href="https://cdnjs.cloudflare.com/ajax/libs/font-awesome/6.5.1/css/all.min.css">
</head>
<body>
<div class="login-wrapper">
<div class="login-card">
<div class="logo">
<div style="font-size:48px;margin-bottom:12px"><i class="fas fa-prescription-bottl
  User variables:
    target: http://localhost/hospital
    $environment: undefined
    $testId: tyrwb_hf3cergm9paphrkje9z4gkrz7e9jf_7x9j
    $dirname: tests
    $scenarioFile: C:\wamp64\www\hospital\mi-qa\tests\escenarios.yaml
    username: vendedor1
    password: vendedor123
    nombre_medicamento: acetaminofen
    cliente_id: 6
    $uuid: 23f78c93-2f50-4d5b-b3ae-ff56dfc4f5f9
* GET /hospital/?route=home 

  ok statusCode 200 
* GET /hospital/?route=home 

  ok statusCode 200 
* GET /hospital/?route=login 

  ok statusCode 200 
* POST /hospital/?route=auth&action=login 

  not ok statusCode 200 
  expected: 302
       got: 200
  Request params:
    http://localhost/hospital/?route=auth&action=login
    ""
  Headers:
  date: Wed, 06 May 2026 16:12:19 GMT
  server: Apache/2.4.65 (Win64) PHP/8.3.28 mod_fcgid/2.3.10-dev
  x-powered-by: PHP/8.3.28
  expires: Thu, 19 Nov 1981 08:52:00 GMT
  cache-control: no-store, no-cache, must-revalidate
  pragma: no-cache
  content-length: 1624
  keep-alive: timeout=5, max=97
  connection: Keep-Alive
  content-type: text/html; charset=UTF-8
  Body:
<!DOCTYPE html>
<html lang="es">
<head>
<meta charset="UTF-8">
<meta name="viewport" content="width=device-width,initial-scale=1.0">
<title>Iniciar Sesión — PharmaCRM</title>
<link rel="stylesheet" href="/hospital/public/css/styles.css">
<link rel="stylesheet" href="https://cdnjs.cloudflare.com/ajax/libs/font-awesome/6.5.1/css/all.min.css">
</head>
<body>
<div class="login-wrapper">
<div class="login-card">
<div class="logo">
<div style="font-size:48px;margin-bottom:12px"><i class="fas fa-prescription-bottl
  User variables:
    target: http://localhost/hospital
    $environment: undefined
    $testId: tyrwb_hf3cergm9paphrkje9z4gkrz7e9jf_7x9j
    $dirname: tests
    $scenarioFile: C:\wamp64\www\hospital\mi-qa\tests\escenarios.yaml
    username: username
    password: password
    nombre_medicamento: acetaminofen
    cliente_id: 8
    $uuid: aafea17b-1d52-4740-a35b-25e182bad6cc
* GET /hospital/?route=home 

  ok statusCode 200 
* GET /hospital/?route=login 

  ok statusCode 200 
* POST /hospital/?route=auth&action=login 

  not ok statusCode 200 
  expected: 302
       got: 200
  Request params:
    http://localhost/hospital/?route=auth&action=login
    ""
  Headers:
  date: Wed, 06 May 2026 16:12:19 GMT
  server: Apache/2.4.65 (Win64) PHP/8.3.28 mod_fcgid/2.3.10-dev
  x-powered-by: PHP/8.3.28
  expires: Thu, 19 Nov 1981 08:52:00 GMT
  cache-control: no-store, no-cache, must-revalidate
  pragma: no-cache
  content-length: 1624
  keep-alive: timeout=5, max=97
  connection: Keep-Alive
  content-type: text/html; charset=UTF-8
  Body:
<!DOCTYPE html>
<html lang="es">
<head>
<meta charset="UTF-8">
<meta name="viewport" content="width=device-width,initial-scale=1.0">
<title>Iniciar Sesión — PharmaCRM</title>
<link rel="stylesheet" href="/hospital/public/css/styles.css">
<link rel="stylesheet" href="https://cdnjs.cloudflare.com/ajax/libs/font-awesome/6.5.1/css/all.min.css">
</head>
<body>
<div class="login-wrapper">
<div class="login-card">
<div class="logo">
<div style="font-size:48px;margin-bottom:12px"><i class="fas fa-prescription-bottl
  User variables:
    target: http://localhost/hospital
    $environment: undefined
    $testId: tyrwb_hf3cergm9paphrkje9z4gkrz7e9jf_7x9j
    $dirname: tests
    $scenarioFile: C:\wamp64\www\hospital\mi-qa\tests\escenarios.yaml
    username: supervisor1
    password: supervisor123
    nombre_medicamento: nombre_medicamento
    cliente_id: 9
    $uuid: f29f1bb5-33e7-476e-830b-8c4404f28561
* GET /hospital/?route=home 

  ok statusCode 200 
* GET /hospital/?route=login 

  ok statusCode 200 
* POST /hospital/?route=auth&action=login 

  not ok statusCode 200 
  expected: 302
       got: 200
  Request params:
    http://localhost/hospital/?route=auth&action=login
    ""
  Headers:
  date: Wed, 06 May 2026 16:12:19 GMT
  server: Apache/2.4.65 (Win64) PHP/8.3.28 mod_fcgid/2.3.10-dev
  x-powered-by: PHP/8.3.28
  expires: Thu, 19 Nov 1981 08:52:00 GMT
  cache-control: no-store, no-cache, must-revalidate
  pragma: no-cache
  content-length: 1624
  keep-alive: timeout=5, max=97
  connection: Keep-Alive
  content-type: text/html; charset=UTF-8
  Body:
<!DOCTYPE html>
<html lang="es">
<head>
<meta charset="UTF-8">
<meta name="viewport" content="width=device-width,initial-scale=1.0">
<title>Iniciar Sesión — PharmaCRM</title>
<link rel="stylesheet" href="/hospital/public/css/styles.css">
<link rel="stylesheet" href="https://cdnjs.cloudflare.com/ajax/libs/font-awesome/6.5.1/css/all.min.css">
</head>
<body>
<div class="login-wrapper">
<div class="login-card">
<div class="logo">
<div style="font-size:48px;margin-bottom:12px"><i class="fas fa-prescription-bottl
  User variables:
    target: http://localhost/hospital
    $environment: undefined
    $testId: tyrwb_hf3cergm9paphrkje9z4gkrz7e9jf_7x9j
    $dirname: tests
    $scenarioFile: C:\wamp64\www\hospital\mi-qa\tests\escenarios.yaml
    username: admin
    password: admin
    nombre_medicamento: ibuprofeno
    cliente_id: 8
    $uuid: aa957a23-64b7-4e2d-af63-07090ed4a5c0
* GET /hospital/?route=login 

  ok statusCode 200 
* GET /hospital/?route=home 

  ok statusCode 200 
* POST /hospital/?route=auth&action=login 

  not ok statusCode 200 
  expected: 302
       got: 200
  Request params:
    http://localhost/hospital/?route=auth&action=login
    ""
  Headers:
  date: Wed, 06 May 2026 16:12:19 GMT
  server: Apache/2.4.65 (Win64) PHP/8.3.28 mod_fcgid/2.3.10-dev
  x-powered-by: PHP/8.3.28
  expires: Thu, 19 Nov 1981 08:52:00 GMT
  cache-control: no-store, no-cache, must-revalidate
  pragma: no-cache
  content-length: 1624
  keep-alive: timeout=5, max=97
  connection: Keep-Alive
  content-type: text/html; charset=UTF-8
  Body:
<!DOCTYPE html>
<html lang="es">
<head>
<meta charset="UTF-8">
<meta name="viewport" content="width=device-width,initial-scale=1.0">
<title>Iniciar Sesión — PharmaCRM</title>
<link rel="stylesheet" href="/hospital/public/css/styles.css">
<link rel="stylesheet" href="https://cdnjs.cloudflare.com/ajax/libs/font-awesome/6.5.1/css/all.min.css">
</head>
<body>
<div class="login-wrapper">
<div class="login-card">
<div class="logo">
<div style="font-size:48px;margin-bottom:12px"><i class="fas fa-prescription-bottl
  User variables:
    target: http://localhost/hospital
    $environment: undefined
    $testId: tyrwb_hf3cergm9paphrkje9z4gkrz7e9jf_7x9j
    $dirname: tests
    $scenarioFile: C:\wamp64\www\hospital\mi-qa\tests\escenarios.yaml
    username: vendedor1
    password: vendedor123
    nombre_medicamento: losartan
    cliente_id: 4
    $uuid: 8963860e-1db5-41ac-bef3-e1842ab75b70
* GET /hospital/?route=login 

  ok statusCode 200 
* GET /hospital/?route=home 

  ok statusCode 200 
* POST /hospital/?route=auth&action=login 

  not ok statusCode 200 
  expected: 302
       got: 200
  Request params:
    http://localhost/hospital/?route=auth&action=login
    ""
  Headers:
  date: Wed, 06 May 2026 16:12:19 GMT
  server: Apache/2.4.65 (Win64) PHP/8.3.28 mod_fcgid/2.3.10-dev
  x-powered-by: PHP/8.3.28
  expires: Thu, 19 Nov 1981 08:52:00 GMT
  cache-control: no-store, no-cache, must-revalidate
  pragma: no-cache
  content-length: 1624
  keep-alive: timeout=5, max=97
  connection: Keep-Alive
  content-type: text/html; charset=UTF-8
  Body:
<!DOCTYPE html>
<html lang="es">
<head>
<meta charset="UTF-8">
<meta name="viewport" content="width=device-width,initial-scale=1.0">
<title>Iniciar Sesión — PharmaCRM</title>
<link rel="stylesheet" href="/hospital/public/css/styles.css">
<link rel="stylesheet" href="https://cdnjs.cloudflare.com/ajax/libs/font-awesome/6.5.1/css/all.min.css">
</head>
<body>
<div class="login-wrapper">
<div class="login-card">
<div class="logo">
<div style="font-size:48px;margin-bottom:12px"><i class="fas fa-prescription-bottl
  User variables:
    target: http://localhost/hospital
    $environment: undefined
    $testId: tyrwb_hf3cergm9paphrkje9z4gkrz7e9jf_7x9j
    $dirname: tests
    $scenarioFile: C:\wamp64\www\hospital\mi-qa\tests\escenarios.yaml
    username: supervisor1
    password: supervisor123
    nombre_medicamento: ibuprofeno
    cliente_id: 3
    $uuid: 0e58a7b8-7287-47d1-9b96-a7ee1a0b97bb
* GET /hospital/?route=home 

  ok statusCode 200 
* GET /hospital/?route=login 

  ok statusCode 200 
* GET /hospital/?route=login 

  ok statusCode 200 
* GET /hospital/?route=home 

  ok statusCode 200 
* POST /hospital/?route=auth&action=login 

  not ok statusCode 200 
  expected: 302
       got: 200
  Request params:
    http://localhost/hospital/?route=auth&action=login
    ""
  Headers:
  date: Wed, 06 May 2026 16:12:20 GMT
  server: Apache/2.4.65 (Win64) PHP/8.3.28 mod_fcgid/2.3.10-dev
  x-powered-by: PHP/8.3.28
  expires: Thu, 19 Nov 1981 08:52:00 GMT
  cache-control: no-store, no-cache, must-revalidate
  pragma: no-cache
  content-length: 1624
  keep-alive: timeout=5, max=97
  connection: Keep-Alive
  content-type: text/html; charset=UTF-8
  Body:
<!DOCTYPE html>
<html lang="es">
<head>
<meta charset="UTF-8">
<meta name="viewport" content="width=device-width,initial-scale=1.0">
<title>Iniciar Sesión — PharmaCRM</title>
<link rel="stylesheet" href="/hospital/public/css/styles.css">
<link rel="stylesheet" href="https://cdnjs.cloudflare.com/ajax/libs/font-awesome/6.5.1/css/all.min.css">
</head>
<body>
<div class="login-wrapper">
<div class="login-card">
<div class="logo">
<div style="font-size:48px;margin-bottom:12px"><i class="fas fa-prescription-bottl
  User variables:
    target: http://localhost/hospital
    $environment: undefined
    $testId: tyrwb_hf3cergm9paphrkje9z4gkrz7e9jf_7x9j
    $dirname: tests
    $scenarioFile: C:\wamp64\www\hospital\mi-qa\tests\escenarios.yaml
    username: tester
    password: tester123
    nombre_medicamento: losartan
    cliente_id: 1
    $uuid: 417aca01-2c2c-46bb-926f-064d040f6a07
* GET /hospital/?route=home 

  ok statusCode 200 
* GET /hospital/?route=login 

  ok statusCode 200 
* POST /hospital/?route=auth&action=login 

  not ok statusCode 200 
  expected: 302
       got: 200
  Request params:
    http://localhost/hospital/?route=auth&action=login
    ""
  Headers:
  date: Wed, 06 May 2026 16:12:20 GMT
  server: Apache/2.4.65 (Win64) PHP/8.3.28 mod_fcgid/2.3.10-dev
  x-powered-by: PHP/8.3.28
  expires: Thu, 19 Nov 1981 08:52:00 GMT
  cache-control: no-store, no-cache, must-revalidate
  pragma: no-cache
  content-length: 1624
  keep-alive: timeout=5, max=97
  connection: Keep-Alive
  content-type: text/html; charset=UTF-8
  Body:
<!DOCTYPE html>
<html lang="es">
<head>
<meta charset="UTF-8">
<meta name="viewport" content="width=device-width,initial-scale=1.0">
<title>Iniciar Sesión — PharmaCRM</title>
<link rel="stylesheet" href="/hospital/public/css/styles.css">
<link rel="stylesheet" href="https://cdnjs.cloudflare.com/ajax/libs/font-awesome/6.5.1/css/all.min.css">
</head>
<body>
<div class="login-wrapper">
<div class="login-card">
<div class="logo">
<div style="font-size:48px;margin-bottom:12px"><i class="fas fa-prescription-bottl
  User variables:
    target: http://localhost/hospital
    $environment: undefined
    $testId: tyrwb_hf3cergm9paphrkje9z4gkrz7e9jf_7x9j
    $dirname: tests
    $scenarioFile: C:\wamp64\www\hospital\mi-qa\tests\escenarios.yaml
    username: username
    password: password
    nombre_medicamento: losartan
    cliente_id: 9
    $uuid: 5360d741-b997-43e7-89b5-d64a9902763f
* GET /hospital/?route=login 

  ok statusCode 200 
* POST /hospital/?route=auth&action=login 

  not ok statusCode 200 
  expected: 302
       got: 200
  Request params:
    http://localhost/hospital/?route=auth&action=login
    ""
  Headers:
  date: Wed, 06 May 2026 16:12:20 GMT
  server: Apache/2.4.65 (Win64) PHP/8.3.28 mod_fcgid/2.3.10-dev
  x-powered-by: PHP/8.3.28
  expires: Thu, 19 Nov 1981 08:52:00 GMT
  cache-control: no-store, no-cache, must-revalidate
  pragma: no-cache
  content-length: 1624
  keep-alive: timeout=5, max=97
  connection: Keep-Alive
  content-type: text/html; charset=UTF-8
  Body:
<!DOCTYPE html>
<html lang="es">
<head>
<meta charset="UTF-8">
<meta name="viewport" content="width=device-width,initial-scale=1.0">
<title>Iniciar Sesión — PharmaCRM</title>
<link rel="stylesheet" href="/hospital/public/css/styles.css">
<link rel="stylesheet" href="https://cdnjs.cloudflare.com/ajax/libs/font-awesome/6.5.1/css/all.min.css">
</head>
<body>
<div class="login-wrapper">
<div class="login-card">
<div class="logo">
<div style="font-size:48px;margin-bottom:12px"><i class="fas fa-prescription-bottl
  User variables:
    target: http://localhost/hospital
    $environment: undefined
    $testId: tyrwb_hf3cergm9paphrkje9z4gkrz7e9jf_7x9j
    $dirname: tests
    $scenarioFile: C:\wamp64\www\hospital\mi-qa\tests\escenarios.yaml
    username: admin
    password: admin
    nombre_medicamento: loratadina
    cliente_id: 6
    $uuid: 5b6fc8d6-a6d8-421c-b9e1-10cbcea324d5
* GET /hospital/?route=home 

  ok statusCode 200 
* GET /hospital/?route=home 

  ok statusCode 200 
* GET /hospital/?route=login 

  ok statusCode 200 
* POST /hospital/?route=auth&action=login 

  not ok statusCode 200 
  expected: 302
       got: 200
  Request params:
    http://localhost/hospital/?route=auth&action=login
    ""
  Headers:
  date: Wed, 06 May 2026 16:12:20 GMT
  server: Apache/2.4.65 (Win64) PHP/8.3.28 mod_fcgid/2.3.10-dev
  x-powered-by: PHP/8.3.28
  expires: Thu, 19 Nov 1981 08:52:00 GMT
  cache-control: no-store, no-cache, must-revalidate
  pragma: no-cache
  content-length: 1624
  keep-alive: timeout=5, max=97
  connection: Keep-Alive
  content-type: text/html; charset=UTF-8
  Body:
<!DOCTYPE html>
<html lang="es">
<head>
<meta charset="UTF-8">
<meta name="viewport" content="width=device-width,initial-scale=1.0">
<title>Iniciar Sesión — PharmaCRM</title>
<link rel="stylesheet" href="/hospital/public/css/styles.css">
<link rel="stylesheet" href="https://cdnjs.cloudflare.com/ajax/libs/font-awesome/6.5.1/css/all.min.css">
</head>
<body>
<div class="login-wrapper">
<div class="login-card">
<div class="logo">
<div style="font-size:48px;margin-bottom:12px"><i class="fas fa-prescription-bottl
  User variables:
    target: http://localhost/hospital
    $environment: undefined
    $testId: tyrwb_hf3cergm9paphrkje9z4gkrz7e9jf_7x9j
    $dirname: tests
    $scenarioFile: C:\wamp64\www\hospital\mi-qa\tests\escenarios.yaml
    username: vendedor1
    password: vendedor123
    nombre_medicamento: amoxicilina
    cliente_id: 2
    $uuid: 114474df-a2cd-4c47-ada6-490490f87950
* GET /hospital/?route=home 

  ok statusCode 200 
* GET /hospital/?route=login 

  ok statusCode 200 
* POST /hospital/?route=auth&action=login 

  not ok statusCode 200 
  expected: 302
       got: 200
  Request params:
    http://localhost/hospital/?route=auth&action=login
    ""
  Headers:
  date: Wed, 06 May 2026 16:12:20 GMT
  server: Apache/2.4.65 (Win64) PHP/8.3.28 mod_fcgid/2.3.10-dev
  x-powered-by: PHP/8.3.28
  expires: Thu, 19 Nov 1981 08:52:00 GMT
  cache-control: no-store, no-cache, must-revalidate
  pragma: no-cache
  content-length: 1624
  keep-alive: timeout=5, max=97
  connection: Keep-Alive
  content-type: text/html; charset=UTF-8
  Body:
<!DOCTYPE html>
<html lang="es">
<head>
<meta charset="UTF-8">
<meta name="viewport" content="width=device-width,initial-scale=1.0">
<title>Iniciar Sesión — PharmaCRM</title>
<link rel="stylesheet" href="/hospital/public/css/styles.css">
<link rel="stylesheet" href="https://cdnjs.cloudflare.com/ajax/libs/font-awesome/6.5.1/css/all.min.css">
</head>
<body>
<div class="login-wrapper">
<div class="login-card">
<div class="logo">
<div style="font-size:48px;margin-bottom:12px"><i class="fas fa-prescription-bottl
  User variables:
    target: http://localhost/hospital
    $environment: undefined
    $testId: tyrwb_hf3cergm9paphrkje9z4gkrz7e9jf_7x9j
    $dirname: tests
    $scenarioFile: C:\wamp64\www\hospital\mi-qa\tests\escenarios.yaml
    username: vendedor1
    password: vendedor123
    nombre_medicamento: amoxicilina
    cliente_id: 8
    $uuid: b2cd5d48-6c01-46bc-a84d-5fb2051ec590
* GET /hospital/?route=home 

  ok statusCode 200 
* GET /hospital/?route=login 

  ok statusCode 200 
* POST /hospital/?route=auth&action=login 

  not ok statusCode 200 
  expected: 302
       got: 200
  Request params:
    http://localhost/hospital/?route=auth&action=login
    ""
  Headers:
  date: Wed, 06 May 2026 16:12:21 GMT
  server: Apache/2.4.65 (Win64) PHP/8.3.28 mod_fcgid/2.3.10-dev
  x-powered-by: PHP/8.3.28
  expires: Thu, 19 Nov 1981 08:52:00 GMT
  cache-control: no-store, no-cache, must-revalidate
  pragma: no-cache
  content-length: 1624
  keep-alive: timeout=5, max=97
  connection: Keep-Alive
  content-type: text/html; charset=UTF-8
  Body:
<!DOCTYPE html>
<html lang="es">
<head>
<meta charset="UTF-8">
<meta name="viewport" content="width=device-width,initial-scale=1.0">
<title>Iniciar Sesión — PharmaCRM</title>
<link rel="stylesheet" href="/hospital/public/css/styles.css">
<link rel="stylesheet" href="https://cdnjs.cloudflare.com/ajax/libs/font-awesome/6.5.1/css/all.min.css">
</head>
<body>
<div class="login-wrapper">
<div class="login-card">
<div class="logo">
<div style="font-size:48px;margin-bottom:12px"><i class="fas fa-prescription-bottl
  User variables:
    target: http://localhost/hospital
    $environment: undefined
    $testId: tyrwb_hf3cergm9paphrkje9z4gkrz7e9jf_7x9j
    $dirname: tests
    $scenarioFile: C:\wamp64\www\hospital\mi-qa\tests\escenarios.yaml
    username: admin
    password: admin
    nombre_medicamento: salbutamol
    cliente_id: 4
    $uuid: c2b30444-d5a2-4db7-9858-60c88a26681e
* GET /hospital/?route=home 

  ok statusCode 200 
* GET /hospital/?route=login 

  ok statusCode 200 
* POST /hospital/?route=auth&action=login 

  not ok statusCode 200 
  expected: 302
       got: 200
  Request params:
    http://localhost/hospital/?route=auth&action=login
    ""
  Headers:
  date: Wed, 06 May 2026 16:12:21 GMT
  server: Apache/2.4.65 (Win64) PHP/8.3.28 mod_fcgid/2.3.10-dev
  x-powered-by: PHP/8.3.28
  expires: Thu, 19 Nov 1981 08:52:00 GMT
  cache-control: no-store, no-cache, must-revalidate
  pragma: no-cache
  content-length: 1624
  keep-alive: timeout=5, max=97
  connection: Keep-Alive
  content-type: text/html; charset=UTF-8
  Body:
<!DOCTYPE html>
<html lang="es">
<head>
<meta charset="UTF-8">
<meta name="viewport" content="width=device-width,initial-scale=1.0">
<title>Iniciar Sesión — PharmaCRM</title>
<link rel="stylesheet" href="/hospital/public/css/styles.css">
<link rel="stylesheet" href="https://cdnjs.cloudflare.com/ajax/libs/font-awesome/6.5.1/css/all.min.css">
</head>
<body>
<div class="login-wrapper">
<div class="login-card">
<div class="logo">
<div style="font-size:48px;margin-bottom:12px"><i class="fas fa-prescription-bottl
  User variables:
    target: http://localhost/hospital
    $environment: undefined
    $testId: tyrwb_hf3cergm9paphrkje9z4gkrz7e9jf_7x9j
    $dirname: tests
    $scenarioFile: C:\wamp64\www\hospital\mi-qa\tests\escenarios.yaml
    username: supervisor1
    password: supervisor123
    nombre_medicamento: loratadina
    cliente_id: 7
    $uuid: 09d2247a-25c7-44dd-a3bb-4e46a1bf02fc
* GET /hospital/?route=home 

  ok statusCode 200 
* GET /hospital/?route=login 

  ok statusCode 200 
* POST /hospital/?route=auth&action=login 

  not ok statusCode 200 
  expected: 302
       got: 200
  Request params:
    http://localhost/hospital/?route=auth&action=login
    ""
  Headers:
  date: Wed, 06 May 2026 16:12:21 GMT
  server: Apache/2.4.65 (Win64) PHP/8.3.28 mod_fcgid/2.3.10-dev
  x-powered-by: PHP/8.3.28
  expires: Thu, 19 Nov 1981 08:52:00 GMT
  cache-control: no-store, no-cache, must-revalidate
  pragma: no-cache
  content-length: 1624
  keep-alive: timeout=5, max=97
  connection: Keep-Alive
  content-type: text/html; charset=UTF-8
  Body:
<!DOCTYPE html>
<html lang="es">
<head>
<meta charset="UTF-8">
<meta name="viewport" content="width=device-width,initial-scale=1.0">
<title>Iniciar Sesión — PharmaCRM</title>
<link rel="stylesheet" href="/hospital/public/css/styles.css">
<link rel="stylesheet" href="https://cdnjs.cloudflare.com/ajax/libs/font-awesome/6.5.1/css/all.min.css">
</head>
<body>
<div class="login-wrapper">
<div class="login-card">
<div class="logo">
<div style="font-size:48px;margin-bottom:12px"><i class="fas fa-prescription-bottl
  User variables:
    target: http://localhost/hospital
    $environment: undefined
    $testId: tyrwb_hf3cergm9paphrkje9z4gkrz7e9jf_7x9j
    $dirname: tests
    $scenarioFile: C:\wamp64\www\hospital\mi-qa\tests\escenarios.yaml
    username: username
    password: password
    nombre_medicamento: acetaminofen
    cliente_id: 6
    $uuid: 4c3353ca-ed57-4727-b7dc-4173124d7227
* GET /hospital/?route=home 

  ok statusCode 200 
* GET /hospital/?route=login 

  ok statusCode 200 
* GET /hospital/?route=home 

  ok statusCode 200 
* POST /hospital/?route=auth&action=login 

  not ok statusCode 200 
  expected: 302
       got: 200
  Request params:
    http://localhost/hospital/?route=auth&action=login
    ""
  Headers:
  date: Wed, 06 May 2026 16:12:21 GMT
  server: Apache/2.4.65 (Win64) PHP/8.3.28 mod_fcgid/2.3.10-dev
  x-powered-by: PHP/8.3.28
  expires: Thu, 19 Nov 1981 08:52:00 GMT
  cache-control: no-store, no-cache, must-revalidate
  pragma: no-cache
  content-length: 1624
  keep-alive: timeout=5, max=97
  connection: Keep-Alive
  content-type: text/html; charset=UTF-8
  Body:
<!DOCTYPE html>
<html lang="es">
<head>
<meta charset="UTF-8">
<meta name="viewport" content="width=device-width,initial-scale=1.0">
<title>Iniciar Sesión — PharmaCRM</title>
<link rel="stylesheet" href="/hospital/public/css/styles.css">
<link rel="stylesheet" href="https://cdnjs.cloudflare.com/ajax/libs/font-awesome/6.5.1/css/all.min.css">
</head>
<body>
<div class="login-wrapper">
<div class="login-card">
<div class="logo">
<div style="font-size:48px;margin-bottom:12px"><i class="fas fa-prescription-bottl
  User variables:
    target: http://localhost/hospital
    $environment: undefined
    $testId: tyrwb_hf3cergm9paphrkje9z4gkrz7e9jf_7x9j
    $dirname: tests
    $scenarioFile: C:\wamp64\www\hospital\mi-qa\tests\escenarios.yaml
    username: tester
    password: tester123
    nombre_medicamento: salbutamol
    cliente_id: 6
    $uuid: 48448454-0850-4393-a86d-ab2c71da8549
* GET /hospital/?route=login 

  ok statusCode 200 
* POST /hospital/?route=auth&action=login 

  not ok statusCode 200 
  expected: 302
       got: 200
  Request params:
    http://localhost/hospital/?route=auth&action=login
    ""
  Headers:
  date: Wed, 06 May 2026 16:12:21 GMT
  server: Apache/2.4.65 (Win64) PHP/8.3.28 mod_fcgid/2.3.10-dev
  x-powered-by: PHP/8.3.28
  expires: Thu, 19 Nov 1981 08:52:00 GMT
  cache-control: no-store, no-cache, must-revalidate
  pragma: no-cache
  content-length: 1624
  keep-alive: timeout=5, max=97
  connection: Keep-Alive
  content-type: text/html; charset=UTF-8
  Body:
<!DOCTYPE html>
<html lang="es">
<head>
<meta charset="UTF-8">
<meta name="viewport" content="width=device-width,initial-scale=1.0">
<title>Iniciar Sesión — PharmaCRM</title>
<link rel="stylesheet" href="/hospital/public/css/styles.css">
<link rel="stylesheet" href="https://cdnjs.cloudflare.com/ajax/libs/font-awesome/6.5.1/css/all.min.css">
</head>
<body>
<div class="login-wrapper">
<div class="login-card">
<div class="logo">
<div style="font-size:48px;margin-bottom:12px"><i class="fas fa-prescription-bottl
  User variables:
    target: http://localhost/hospital
    $environment: undefined
    $testId: tyrwb_hf3cergm9paphrkje9z4gkrz7e9jf_7x9j
    $dirname: tests
    $scenarioFile: C:\wamp64\www\hospital\mi-qa\tests\escenarios.yaml
    username: admin
    password: admin
    nombre_medicamento: losartan
    cliente_id: 6
    $uuid: 374147bf-65df-490b-9178-efe6645ddbfa
* GET /hospital/?route=login 

  ok statusCode 200 
* POST /hospital/?route=auth&action=login 

  not ok statusCode 200 
  expected: 302
       got: 200
  Request params:
    http://localhost/hospital/?route=auth&action=login
    ""
  Headers:
  date: Wed, 06 May 2026 16:12:21 GMT
  server: Apache/2.4.65 (Win64) PHP/8.3.28 mod_fcgid/2.3.10-dev
  x-powered-by: PHP/8.3.28
  expires: Thu, 19 Nov 1981 08:52:00 GMT
  cache-control: no-store, no-cache, must-revalidate
  pragma: no-cache
  content-length: 1624
  keep-alive: timeout=5, max=97
  connection: Keep-Alive
  content-type: text/html; charset=UTF-8
  Body:
<!DOCTYPE html>
<html lang="es">
<head>
<meta charset="UTF-8">
<meta name="viewport" content="width=device-width,initial-scale=1.0">
<title>Iniciar Sesión — PharmaCRM</title>
<link rel="stylesheet" href="/hospital/public/css/styles.css">
<link rel="stylesheet" href="https://cdnjs.cloudflare.com/ajax/libs/font-awesome/6.5.1/css/all.min.css">
</head>
<body>
<div class="login-wrapper">
<div class="login-card">
<div class="logo">
<div style="font-size:48px;margin-bottom:12px"><i class="fas fa-prescription-bottl
  User variables:
    target: http://localhost/hospital
    $environment: undefined
    $testId: tyrwb_hf3cergm9paphrkje9z4gkrz7e9jf_7x9j
    $dirname: tests
    $scenarioFile: C:\wamp64\www\hospital\mi-qa\tests\escenarios.yaml
    username: username
    password: password
    nombre_medicamento: ibuprofeno
    cliente_id: 10
    $uuid: 761c3fd1-c4bb-4515-8bce-64a75e45d434
* GET /hospital/?route=home 

  ok statusCode 200 
* GET /hospital/?route=login 

  ok statusCode 200 
* GET /hospital/?route=home 

  ok statusCode 200 
* POST /hospital/?route=auth&action=login 

  not ok statusCode 200 
  expected: 302
       got: 200
  Request params:
    http://localhost/hospital/?route=auth&action=login
    ""
  Headers:
  date: Wed, 06 May 2026 16:12:22 GMT
  server: Apache/2.4.65 (Win64) PHP/8.3.28 mod_fcgid/2.3.10-dev
  x-powered-by: PHP/8.3.28
  expires: Thu, 19 Nov 1981 08:52:00 GMT
  cache-control: no-store, no-cache, must-revalidate
  pragma: no-cache
  content-length: 1624
  keep-alive: timeout=5, max=97
  connection: Keep-Alive
  content-type: text/html; charset=UTF-8
  Body:
<!DOCTYPE html>
<html lang="es">
<head>
<meta charset="UTF-8">
<meta name="viewport" content="width=device-width,initial-scale=1.0">
<title>Iniciar Sesión — PharmaCRM</title>
<link rel="stylesheet" href="/hospital/public/css/styles.css">
<link rel="stylesheet" href="https://cdnjs.cloudflare.com/ajax/libs/font-awesome/6.5.1/css/all.min.css">
</head>
<body>
<div class="login-wrapper">
<div class="login-card">
<div class="logo">
<div style="font-size:48px;margin-bottom:12px"><i class="fas fa-prescription-bottl
  User variables:
    target: http://localhost/hospital
    $environment: undefined
    $testId: tyrwb_hf3cergm9paphrkje9z4gkrz7e9jf_7x9j
    $dirname: tests
    $scenarioFile: C:\wamp64\www\hospital\mi-qa\tests\escenarios.yaml
    username: username
    password: password
    nombre_medicamento: acetaminofen
    cliente_id: 4
    $uuid: 6c76555e-86b4-4102-b16a-34c2ec1de718
* GET /hospital/?route=login 

  ok statusCode 200 
* GET /hospital/?route=home 

  ok statusCode 200 
* POST /hospital/?route=auth&action=login 

  not ok statusCode 200 
  expected: 302
       got: 200
  Request params:
    http://localhost/hospital/?route=auth&action=login
    ""
  Headers:
  date: Wed, 06 May 2026 16:12:22 GMT
  server: Apache/2.4.65 (Win64) PHP/8.3.28 mod_fcgid/2.3.10-dev
  x-powered-by: PHP/8.3.28
  expires: Thu, 19 Nov 1981 08:52:00 GMT
  cache-control: no-store, no-cache, must-revalidate
  pragma: no-cache
  content-length: 1624
  keep-alive: timeout=5, max=97
  connection: Keep-Alive
  content-type: text/html; charset=UTF-8
  Body:
<!DOCTYPE html>
<html lang="es">
<head>
<meta charset="UTF-8">
<meta name="viewport" content="width=device-width,initial-scale=1.0">
<title>Iniciar Sesión — PharmaCRM</title>
<link rel="stylesheet" href="/hospital/public/css/styles.css">
<link rel="stylesheet" href="https://cdnjs.cloudflare.com/ajax/libs/font-awesome/6.5.1/css/all.min.css">
</head>
<body>
<div class="login-wrapper">
<div class="login-card">
<div class="logo">
<div style="font-size:48px;margin-bottom:12px"><i class="fas fa-prescription-bottl
  User variables:
    target: http://localhost/hospital
    $environment: undefined
    $testId: tyrwb_hf3cergm9paphrkje9z4gkrz7e9jf_7x9j
    $dirname: tests
    $scenarioFile: C:\wamp64\www\hospital\mi-qa\tests\escenarios.yaml
    username: admin
    password: admin
    nombre_medicamento: omeprazol
    cliente_id: 3
    $uuid: 4d18f1b3-5ad8-42c9-998c-aa7b07e03f65
* GET /hospital/?route=home 

  ok statusCode 200 
* GET /hospital/?route=login 

  ok statusCode 200 
* POST /hospital/?route=auth&action=login 

  not ok statusCode 200 
  expected: 302
       got: 200
  Request params:
    http://localhost/hospital/?route=auth&action=login
    ""
  Headers:
  date: Wed, 06 May 2026 16:12:22 GMT
  server: Apache/2.4.65 (Win64) PHP/8.3.28 mod_fcgid/2.3.10-dev
  x-powered-by: PHP/8.3.28
  expires: Thu, 19 Nov 1981 08:52:00 GMT
  cache-control: no-store, no-cache, must-revalidate
  pragma: no-cache
  content-length: 1624
  keep-alive: timeout=5, max=97
  connection: Keep-Alive
  content-type: text/html; charset=UTF-8
  Body:
<!DOCTYPE html>
<html lang="es">
<head>
<meta charset="UTF-8">
<meta name="viewport" content="width=device-width,initial-scale=1.0">
<title>Iniciar Sesión — PharmaCRM</title>
<link rel="stylesheet" href="/hospital/public/css/styles.css">
<link rel="stylesheet" href="https://cdnjs.cloudflare.com/ajax/libs/font-awesome/6.5.1/css/all.min.css">
</head>
<body>
<div class="login-wrapper">
<div class="login-card">
<div class="logo">
<div style="font-size:48px;margin-bottom:12px"><i class="fas fa-prescription-bottl
  User variables:
    target: http://localhost/hospital
    $environment: undefined
    $testId: tyrwb_hf3cergm9paphrkje9z4gkrz7e9jf_7x9j
    $dirname: tests
    $scenarioFile: C:\wamp64\www\hospital\mi-qa\tests\escenarios.yaml
    username: admin
    password: admin
    nombre_medicamento: amoxicilina
    cliente_id: 9
    $uuid: ec90dfa2-d7f5-41a7-9f68-c03746f755cc
* GET /hospital/?route=home 

  ok statusCode 200 
* GET /hospital/?route=login 

  ok statusCode 200 
* GET /hospital/?route=login 

  ok statusCode 200 
* GET /hospital/?route=home 

  ok statusCode 200 
* POST /hospital/?route=auth&action=login 

  not ok statusCode 200 
  expected: 302
       got: 200
  Request params:
    http://localhost/hospital/?route=auth&action=login
    ""
  Headers:
  date: Wed, 06 May 2026 16:12:22 GMT
  server: Apache/2.4.65 (Win64) PHP/8.3.28 mod_fcgid/2.3.10-dev
  x-powered-by: PHP/8.3.28
  expires: Thu, 19 Nov 1981 08:52:00 GMT
  cache-control: no-store, no-cache, must-revalidate
  pragma: no-cache
  content-length: 1624
  keep-alive: timeout=5, max=97
  connection: Keep-Alive
  content-type: text/html; charset=UTF-8
  Body:
<!DOCTYPE html>
<html lang="es">
<head>
<meta charset="UTF-8">
<meta name="viewport" content="width=device-width,initial-scale=1.0">
<title>Iniciar Sesión — PharmaCRM</title>
<link rel="stylesheet" href="/hospital/public/css/styles.css">
<link rel="stylesheet" href="https://cdnjs.cloudflare.com/ajax/libs/font-awesome/6.5.1/css/all.min.css">
</head>
<body>
<div class="login-wrapper">
<div class="login-card">
<div class="logo">
<div style="font-size:48px;margin-bottom:12px"><i class="fas fa-prescription-bottl
  User variables:
    target: http://localhost/hospital
    $environment: undefined
    $testId: tyrwb_hf3cergm9paphrkje9z4gkrz7e9jf_7x9j
    $dirname: tests
    $scenarioFile: C:\wamp64\www\hospital\mi-qa\tests\escenarios.yaml
    username: tester
    password: tester123
    nombre_medicamento: dexametasona
    cliente_id: 1
    $uuid: 98d685b2-f350-41db-967c-71bdba30a000
* POST /hospital/?route=auth&action=login 

  not ok statusCode 200 
  expected: 302
       got: 200
  Request params:
    http://localhost/hospital/?route=auth&action=login
    ""
  Headers:
  date: Wed, 06 May 2026 16:12:22 GMT
  server: Apache/2.4.65 (Win64) PHP/8.3.28 mod_fcgid/2.3.10-dev
  x-powered-by: PHP/8.3.28
  expires: Thu, 19 Nov 1981 08:52:00 GMT
  cache-control: no-store, no-cache, must-revalidate
  pragma: no-cache
  content-length: 1624
  keep-alive: timeout=5, max=97
  connection: Keep-Alive
  content-type: text/html; charset=UTF-8
  Body:
<!DOCTYPE html>
<html lang="es">
<head>
<meta charset="UTF-8">
<meta name="viewport" content="width=device-width,initial-scale=1.0">
<title>Iniciar Sesión — PharmaCRM</title>
<link rel="stylesheet" href="/hospital/public/css/styles.css">
<link rel="stylesheet" href="https://cdnjs.cloudflare.com/ajax/libs/font-awesome/6.5.1/css/all.min.css">
</head>
<body>
<div class="login-wrapper">
<div class="login-card">
<div class="logo">
<div style="font-size:48px;margin-bottom:12px"><i class="fas fa-prescription-bottl
  User variables:
    target: http://localhost/hospital
    $environment: undefined
    $testId: tyrwb_hf3cergm9paphrkje9z4gkrz7e9jf_7x9j
    $dirname: tests
    $scenarioFile: C:\wamp64\www\hospital\mi-qa\tests\escenarios.yaml
    username: tester
    password: tester123
    nombre_medicamento: losartan
    cliente_id: cliente_id
    $uuid: a421eecb-0564-4923-a1a3-09cca16496ac
* GET /hospital/?route=home 

  ok statusCode 200 
* GET /hospital/?route=login 

  ok statusCode 200 
* POST /hospital/?route=auth&action=login 

  not ok statusCode 200 
  expected: 302
       got: 200
  Request params:
    http://localhost/hospital/?route=auth&action=login
    ""
  Headers:
  date: Wed, 06 May 2026 16:12:22 GMT
  server: Apache/2.4.65 (Win64) PHP/8.3.28 mod_fcgid/2.3.10-dev
  x-powered-by: PHP/8.3.28
  expires: Thu, 19 Nov 1981 08:52:00 GMT
  cache-control: no-store, no-cache, must-revalidate
  pragma: no-cache
  content-length: 1624
  keep-alive: timeout=5, max=97
  connection: Keep-Alive
  content-type: text/html; charset=UTF-8
  Body:
<!DOCTYPE html>
<html lang="es">
<head>
<meta charset="UTF-8">
<meta name="viewport" content="width=device-width,initial-scale=1.0">
<title>Iniciar Sesión — PharmaCRM</title>
<link rel="stylesheet" href="/hospital/public/css/styles.css">
<link rel="stylesheet" href="https://cdnjs.cloudflare.com/ajax/libs/font-awesome/6.5.1/css/all.min.css">
</head>
<body>
<div class="login-wrapper">
<div class="login-card">
<div class="logo">
<div style="font-size:48px;margin-bottom:12px"><i class="fas fa-prescription-bottl
  User variables:
    target: http://localhost/hospital
    $environment: undefined
    $testId: tyrwb_hf3cergm9paphrkje9z4gkrz7e9jf_7x9j
    $dirname: tests
    $scenarioFile: C:\wamp64\www\hospital\mi-qa\tests\escenarios.yaml
    username: username
    password: password
    nombre_medicamento: enalapril
    cliente_id: 9
    $uuid: 3c150d54-2cf1-4cf9-a638-c837910d0954
* POST /hospital/?route=auth&action=login 

  not ok statusCode 200 
  expected: 302
       got: 200
  Request params:
    http://localhost/hospital/?route=auth&action=login
    ""
  Headers:
  date: Wed, 06 May 2026 16:12:22 GMT
  server: Apache/2.4.65 (Win64) PHP/8.3.28 mod_fcgid/2.3.10-dev
  x-powered-by: PHP/8.3.28
  expires: Thu, 19 Nov 1981 08:52:00 GMT
  cache-control: no-store, no-cache, must-revalidate
  pragma: no-cache
  content-length: 1624
  keep-alive: timeout=5, max=97
  connection: Keep-Alive
  content-type: text/html; charset=UTF-8
  Body:
<!DOCTYPE html>
<html lang="es">
<head>
<meta charset="UTF-8">
<meta name="viewport" content="width=device-width,initial-scale=1.0">
<title>Iniciar Sesión — PharmaCRM</title>
<link rel="stylesheet" href="/hospital/public/css/styles.css">
<link rel="stylesheet" href="https://cdnjs.cloudflare.com/ajax/libs/font-awesome/6.5.1/css/all.min.css">
</head>
<body>
<div class="login-wrapper">
<div class="login-card">
<div class="logo">
<div style="font-size:48px;margin-bottom:12px"><i class="fas fa-prescription-bottl
  User variables:
    target: http://localhost/hospital
    $environment: undefined
    $testId: tyrwb_hf3cergm9paphrkje9z4gkrz7e9jf_7x9j
    $dirname: tests
    $scenarioFile: C:\wamp64\www\hospital\mi-qa\tests\escenarios.yaml
    username: supervisor1
    password: supervisor123
    nombre_medicamento: salbutamol
    cliente_id: 1
    $uuid: 44479aeb-fa52-4e68-ab9c-e7c92a3fe771
* GET /hospital/?route=home 

  ok statusCode 200 
* GET /hospital/?route=login 

  ok statusCode 200 
* GET /hospital/?route=home 

  ok statusCode 200 
* GET /hospital/?route=login 

  ok statusCode 200 
* POST /hospital/?route=auth&action=login 

  not ok statusCode 200 
  expected: 302
       got: 200
  Request params:
    http://localhost/hospital/?route=auth&action=login
    ""
  Headers:
  date: Wed, 06 May 2026 16:12:23 GMT
  server: Apache/2.4.65 (Win64) PHP/8.3.28 mod_fcgid/2.3.10-dev
  x-powered-by: PHP/8.3.28
  expires: Thu, 19 Nov 1981 08:52:00 GMT
  cache-control: no-store, no-cache, must-revalidate
  pragma: no-cache
  content-length: 1624
  keep-alive: timeout=5, max=97
  connection: Keep-Alive
  content-type: text/html; charset=UTF-8
  Body:
<!DOCTYPE html>
<html lang="es">
<head>
<meta charset="UTF-8">
<meta name="viewport" content="width=device-width,initial-scale=1.0">
<title>Iniciar Sesión — PharmaCRM</title>
<link rel="stylesheet" href="/hospital/public/css/styles.css">
<link rel="stylesheet" href="https://cdnjs.cloudflare.com/ajax/libs/font-awesome/6.5.1/css/all.min.css">
</head>
<body>
<div class="login-wrapper">
<div class="login-card">
<div class="logo">
<div style="font-size:48px;margin-bottom:12px"><i class="fas fa-prescription-bottl
  User variables:
    target: http://localhost/hospital
    $environment: undefined
    $testId: tyrwb_hf3cergm9paphrkje9z4gkrz7e9jf_7x9j
    $dirname: tests
    $scenarioFile: C:\wamp64\www\hospital\mi-qa\tests\escenarios.yaml
    username: supervisor1
    password: supervisor123
    nombre_medicamento: amoxicilina
    cliente_id: 6
    $uuid: 539eb75e-274a-4ea3-acea-0049c50373c7
* GET /hospital/?route=home 

  ok statusCode 200 
* GET /hospital/?route=login 

  ok statusCode 200 
* POST /hospital/?route=auth&action=login 

  not ok statusCode 200 
  expected: 302
       got: 200
  Request params:
    http://localhost/hospital/?route=auth&action=login
    ""
  Headers:
  date: Wed, 06 May 2026 16:12:23 GMT
  server: Apache/2.4.65 (Win64) PHP/8.3.28 mod_fcgid/2.3.10-dev
  x-powered-by: PHP/8.3.28
  expires: Thu, 19 Nov 1981 08:52:00 GMT
  cache-control: no-store, no-cache, must-revalidate
  pragma: no-cache
  content-length: 1624
  keep-alive: timeout=5, max=97
  connection: Keep-Alive
  content-type: text/html; charset=UTF-8
  Body:
<!DOCTYPE html>
<html lang="es">
<head>
<meta charset="UTF-8">
<meta name="viewport" content="width=device-width,initial-scale=1.0">
<title>Iniciar Sesión — PharmaCRM</title>
<link rel="stylesheet" href="/hospital/public/css/styles.css">
<link rel="stylesheet" href="https://cdnjs.cloudflare.com/ajax/libs/font-awesome/6.5.1/css/all.min.css">
</head>
<body>
<div class="login-wrapper">
<div class="login-card">
<div class="logo">
<div style="font-size:48px;margin-bottom:12px"><i class="fas fa-prescription-bottl
  User variables:
    target: http://localhost/hospital
    $environment: undefined
    $testId: tyrwb_hf3cergm9paphrkje9z4gkrz7e9jf_7x9j
    $dirname: tests
    $scenarioFile: C:\wamp64\www\hospital\mi-qa\tests\escenarios.yaml
    username: username
    password: password
    nombre_medicamento: acetaminofen
    cliente_id: 8
    $uuid: d2cf61bc-80f9-4603-8ff2-6c53040afb48
* GET /hospital/?route=login 

  ok statusCode 200 
* POST /hospital/?route=auth&action=login 

  not ok statusCode 200 
  expected: 302
       got: 200
  Request params:
    http://localhost/hospital/?route=auth&action=login
    ""
  Headers:
  date: Wed, 06 May 2026 16:12:23 GMT
  server: Apache/2.4.65 (Win64) PHP/8.3.28 mod_fcgid/2.3.10-dev
  x-powered-by: PHP/8.3.28
  expires: Thu, 19 Nov 1981 08:52:00 GMT
  cache-control: no-store, no-cache, must-revalidate
  pragma: no-cache
  content-length: 1624
  keep-alive: timeout=5, max=97
  connection: Keep-Alive
  content-type: text/html; charset=UTF-8
  Body:
<!DOCTYPE html>
<html lang="es">
<head>
<meta charset="UTF-8">
<meta name="viewport" content="width=device-width,initial-scale=1.0">
<title>Iniciar Sesión — PharmaCRM</title>
<link rel="stylesheet" href="/hospital/public/css/styles.css">
<link rel="stylesheet" href="https://cdnjs.cloudflare.com/ajax/libs/font-awesome/6.5.1/css/all.min.css">
</head>
<body>
<div class="login-wrapper">
<div class="login-card">
<div class="logo">
<div style="font-size:48px;margin-bottom:12px"><i class="fas fa-prescription-bottl
  User variables:
    target: http://localhost/hospital
    $environment: undefined
    $testId: tyrwb_hf3cergm9paphrkje9z4gkrz7e9jf_7x9j
    $dirname: tests
    $scenarioFile: C:\wamp64\www\hospital\mi-qa\tests\escenarios.yaml
    username: username
    password: password
    nombre_medicamento: acetaminofen
    cliente_id: cliente_id
    $uuid: 3983b99b-fa7e-428f-8595-5fc3a6b29e33
* GET /hospital/?route=home 

  ok statusCode 200 
* GET /hospital/?route=home 

  ok statusCode 200 
* GET /hospital/?route=login 

  ok statusCode 200 
* POST /hospital/?route=auth&action=login 

  not ok statusCode 200 
  expected: 302
       got: 200
  Request params:
    http://localhost/hospital/?route=auth&action=login
    ""
  Headers:
  date: Wed, 06 May 2026 16:12:23 GMT
  server: Apache/2.4.65 (Win64) PHP/8.3.28 mod_fcgid/2.3.10-dev
  x-powered-by: PHP/8.3.28
  expires: Thu, 19 Nov 1981 08:52:00 GMT
  cache-control: no-store, no-cache, must-revalidate
  pragma: no-cache
  content-length: 1624
  keep-alive: timeout=5, max=97
  connection: Keep-Alive
  content-type: text/html; charset=UTF-8
  Body:
<!DOCTYPE html>
<html lang="es">
<head>
<meta charset="UTF-8">
<meta name="viewport" content="width=device-width,initial-scale=1.0">
<title>Iniciar Sesión — PharmaCRM</title>
<link rel="stylesheet" href="/hospital/public/css/styles.css">
<link rel="stylesheet" href="https://cdnjs.cloudflare.com/ajax/libs/font-awesome/6.5.1/css/all.min.css">
</head>
<body>
<div class="login-wrapper">
<div class="login-card">
<div class="logo">
<div style="font-size:48px;margin-bottom:12px"><i class="fas fa-prescription-bottl
  User variables:
    target: http://localhost/hospital
    $environment: undefined
    $testId: tyrwb_hf3cergm9paphrkje9z4gkrz7e9jf_7x9j
    $dirname: tests
    $scenarioFile: C:\wamp64\www\hospital\mi-qa\tests\escenarios.yaml
    username: supervisor1
    password: supervisor123
    nombre_medicamento: salbutamol
    cliente_id: cliente_id
    $uuid: 7172dfaf-aed7-4be6-809d-d370fbc4033a
* GET /hospital/?route=home 

  ok statusCode 200 
* GET /hospital/?route=login 

  ok statusCode 200 
* GET /hospital/?route=home 

  ok statusCode 200 
* GET /hospital/?route=login 

  ok statusCode 200 
* POST /hospital/?route=auth&action=login 

  not ok statusCode 200 
  expected: 302
       got: 200
  Request params:
    http://localhost/hospital/?route=auth&action=login
    ""
  Headers:
  date: Wed, 06 May 2026 16:12:24 GMT
  server: Apache/2.4.65 (Win64) PHP/8.3.28 mod_fcgid/2.3.10-dev
  x-powered-by: PHP/8.3.28
  expires: Thu, 19 Nov 1981 08:52:00 GMT
  cache-control: no-store, no-cache, must-revalidate
  pragma: no-cache
  content-length: 1624
  keep-alive: timeout=5, max=97
  connection: Keep-Alive
  content-type: text/html; charset=UTF-8
  Body:
<!DOCTYPE html>
<html lang="es">
<head>
<meta charset="UTF-8">
<meta name="viewport" content="width=device-width,initial-scale=1.0">
<title>Iniciar Sesión — PharmaCRM</title>
<link rel="stylesheet" href="/hospital/public/css/styles.css">
<link rel="stylesheet" href="https://cdnjs.cloudflare.com/ajax/libs/font-awesome/6.5.1/css/all.min.css">
</head>
<body>
<div class="login-wrapper">
<div class="login-card">
<div class="logo">
<div style="font-size:48px;margin-bottom:12px"><i class="fas fa-prescription-bottl
  User variables:
    target: http://localhost/hospital
    $environment: undefined
    $testId: tyrwb_hf3cergm9paphrkje9z4gkrz7e9jf_7x9j
    $dirname: tests
    $scenarioFile: C:\wamp64\www\hospital\mi-qa\tests\escenarios.yaml
    username: tester
    password: tester123
    nombre_medicamento: losartan
    cliente_id: 5
    $uuid: c64d8670-03d1-481d-8d6a-912a9fe296ac
* POST /hospital/?route=auth&action=login 

  not ok statusCode 200 
  expected: 302
       got: 200
  Request params:
    http://localhost/hospital/?route=auth&action=login
    ""
  Headers:
  date: Wed, 06 May 2026 16:12:24 GMT
  server: Apache/2.4.65 (Win64) PHP/8.3.28 mod_fcgid/2.3.10-dev
  x-powered-by: PHP/8.3.28
  expires: Thu, 19 Nov 1981 08:52:00 GMT
  cache-control: no-store, no-cache, must-revalidate
  pragma: no-cache
  content-length: 1624
  keep-alive: timeout=5, max=97
  connection: Keep-Alive
  content-type: text/html; charset=UTF-8
  Body:
<!DOCTYPE html>
<html lang="es">
<head>
<meta charset="UTF-8">
<meta name="viewport" content="width=device-width,initial-scale=1.0">
<title>Iniciar Sesión — PharmaCRM</title>
<link rel="stylesheet" href="/hospital/public/css/styles.css">
<link rel="stylesheet" href="https://cdnjs.cloudflare.com/ajax/libs/font-awesome/6.5.1/css/all.min.css">
</head>
<body>
<div class="login-wrapper">
<div class="login-card">
<div class="logo">
<div style="font-size:48px;margin-bottom:12px"><i class="fas fa-prescription-bottl
  User variables:
    target: http://localhost/hospital
    $environment: undefined
    $testId: tyrwb_hf3cergm9paphrkje9z4gkrz7e9jf_7x9j
    $dirname: tests
    $scenarioFile: C:\wamp64\www\hospital\mi-qa\tests\escenarios.yaml
    username: vendedor1
    password: vendedor123
    nombre_medicamento: losartan
    cliente_id: 5
    $uuid: a9bdcac2-443e-4fd3-b8e5-e05e766d6e6c
* GET /hospital/?route=login 

  ok statusCode 200 
* GET /hospital/?route=home 

  ok statusCode 200 
* POST /hospital/?route=auth&action=login 

  not ok statusCode 200 
  expected: 302
       got: 200
  Request params:
    http://localhost/hospital/?route=auth&action=login
    ""
  Headers:
  date: Wed, 06 May 2026 16:12:24 GMT
  server: Apache/2.4.65 (Win64) PHP/8.3.28 mod_fcgid/2.3.10-dev
  x-powered-by: PHP/8.3.28
  expires: Thu, 19 Nov 1981 08:52:00 GMT
  cache-control: no-store, no-cache, must-revalidate
  pragma: no-cache
  content-length: 1624
  keep-alive: timeout=5, max=97
  connection: Keep-Alive
  content-type: text/html; charset=UTF-8
  Body:
<!DOCTYPE html>
<html lang="es">
<head>
<meta charset="UTF-8">
<meta name="viewport" content="width=device-width,initial-scale=1.0">
<title>Iniciar Sesión — PharmaCRM</title>
<link rel="stylesheet" href="/hospital/public/css/styles.css">
<link rel="stylesheet" href="https://cdnjs.cloudflare.com/ajax/libs/font-awesome/6.5.1/css/all.min.css">
</head>
<body>
<div class="login-wrapper">
<div class="login-card">
<div class="logo">
<div style="font-size:48px;margin-bottom:12px"><i class="fas fa-prescription-bottl
  User variables:
    target: http://localhost/hospital
    $environment: undefined
    $testId: tyrwb_hf3cergm9paphrkje9z4gkrz7e9jf_7x9j
    $dirname: tests
    $scenarioFile: C:\wamp64\www\hospital\mi-qa\tests\escenarios.yaml
    username: username
    password: password
    nombre_medicamento: dexametasona
    cliente_id: 7
    $uuid: 79345290-5bf5-41ec-b0f6-0efa1aa8e345
* GET /hospital/?route=home 

  ok statusCode 200 
* GET /hospital/?route=login 

  ok statusCode 200 
* POST /hospital/?route=auth&action=login 

  not ok statusCode 200 
  expected: 302
       got: 200
  Request params:
    http://localhost/hospital/?route=auth&action=login
    ""
  Headers:
  date: Wed, 06 May 2026 16:12:24 GMT
  server: Apache/2.4.65 (Win64) PHP/8.3.28 mod_fcgid/2.3.10-dev
  x-powered-by: PHP/8.3.28
  expires: Thu, 19 Nov 1981 08:52:00 GMT
  cache-control: no-store, no-cache, must-revalidate
  pragma: no-cache
  content-length: 1624
  keep-alive: timeout=5, max=97
  connection: Keep-Alive
  content-type: text/html; charset=UTF-8
  Body:
<!DOCTYPE html>
<html lang="es">
<head>
<meta charset="UTF-8">
<meta name="viewport" content="width=device-width,initial-scale=1.0">
<title>Iniciar Sesión — PharmaCRM</title>
<link rel="stylesheet" href="/hospital/public/css/styles.css">
<link rel="stylesheet" href="https://cdnjs.cloudflare.com/ajax/libs/font-awesome/6.5.1/css/all.min.css">
</head>
<body>
<div class="login-wrapper">
<div class="login-card">
<div class="logo">
<div style="font-size:48px;margin-bottom:12px"><i class="fas fa-prescription-bottl
  User variables:
    target: http://localhost/hospital
    $environment: undefined
    $testId: tyrwb_hf3cergm9paphrkje9z4gkrz7e9jf_7x9j
    $dirname: tests
    $scenarioFile: C:\wamp64\www\hospital\mi-qa\tests\escenarios.yaml
    username: vendedor1
    password: vendedor123
    nombre_medicamento: dexametasona
    cliente_id: 3
    $uuid: 6e71dc36-110b-4c27-a7ab-3a1cd20266b1
* GET /hospital/?route=login 

  ok statusCode 200 
* GET /hospital/?route=home 

  ok statusCode 200 
* POST /hospital/?route=auth&action=login 

  not ok statusCode 200 
  expected: 302
       got: 200
  Request params:
    http://localhost/hospital/?route=auth&action=login
    ""
  Headers:
  date: Wed, 06 May 2026 16:12:24 GMT
  server: Apache/2.4.65 (Win64) PHP/8.3.28 mod_fcgid/2.3.10-dev
  x-powered-by: PHP/8.3.28
  expires: Thu, 19 Nov 1981 08:52:00 GMT
  cache-control: no-store, no-cache, must-revalidate
  pragma: no-cache
  content-length: 1624
  keep-alive: timeout=5, max=97
  connection: Keep-Alive
  content-type: text/html; charset=UTF-8
  Body:
<!DOCTYPE html>
<html lang="es">
<head>
<meta charset="UTF-8">
<meta name="viewport" content="width=device-width,initial-scale=1.0">
<title>Iniciar Sesión — PharmaCRM</title>
<link rel="stylesheet" href="/hospital/public/css/styles.css">
<link rel="stylesheet" href="https://cdnjs.cloudflare.com/ajax/libs/font-awesome/6.5.1/css/all.min.css">
</head>
<body>
<div class="login-wrapper">
<div class="login-card">
<div class="logo">
<div style="font-size:48px;margin-bottom:12px"><i class="fas fa-prescription-bottl
  User variables:
    target: http://localhost/hospital
    $environment: undefined
    $testId: tyrwb_hf3cergm9paphrkje9z4gkrz7e9jf_7x9j
    $dirname: tests
    $scenarioFile: C:\wamp64\www\hospital\mi-qa\tests\escenarios.yaml
    username: admin
    password: admin
    nombre_medicamento: enalapril
    cliente_id: 5
    $uuid: dd567b86-b78d-4001-bc37-0bcc0d305245
* GET /hospital/?route=login 

  ok statusCode 200 
* GET /hospital/?route=home 

  ok statusCode 200 
* GET /hospital/?route=login 

  ok statusCode 200 
* POST /hospital/?route=auth&action=login 

  not ok statusCode 200 
  expected: 302
       got: 200
  Request params:
    http://localhost/hospital/?route=auth&action=login
    ""
  Headers:
  date: Wed, 06 May 2026 16:12:24 GMT
  server: Apache/2.4.65 (Win64) PHP/8.3.28 mod_fcgid/2.3.10-dev
  x-powered-by: PHP/8.3.28
  expires: Thu, 19 Nov 1981 08:52:00 GMT
  cache-control: no-store, no-cache, must-revalidate
  pragma: no-cache
  content-length: 1624
  keep-alive: timeout=5, max=97
  connection: Keep-Alive
  content-type: text/html; charset=UTF-8
  Body:
<!DOCTYPE html>
<html lang="es">
<head>
<meta charset="UTF-8">
<meta name="viewport" content="width=device-width,initial-scale=1.0">
<title>Iniciar Sesión — PharmaCRM</title>
<link rel="stylesheet" href="/hospital/public/css/styles.css">
<link rel="stylesheet" href="https://cdnjs.cloudflare.com/ajax/libs/font-awesome/6.5.1/css/all.min.css">
</head>
<body>
<div class="login-wrapper">
<div class="login-card">
<div class="logo">
<div style="font-size:48px;margin-bottom:12px"><i class="fas fa-prescription-bottl
  User variables:
    target: http://localhost/hospital
    $environment: undefined
    $testId: tyrwb_hf3cergm9paphrkje9z4gkrz7e9jf_7x9j
    $dirname: tests
    $scenarioFile: C:\wamp64\www\hospital\mi-qa\tests\escenarios.yaml
    username: username
    password: password
    nombre_medicamento: omeprazol
    cliente_id: 7
    $uuid: 6f76a0ca-55a1-4389-9ebf-ee160d3d1b43
* GET /hospital/?route=home 

  ok statusCode 200 
* POST /hospital/?route=auth&action=login 

  not ok statusCode 200 
  expected: 302
       got: 200
  Request params:
    http://localhost/hospital/?route=auth&action=login
    ""
  Headers:
  date: Wed, 06 May 2026 16:12:24 GMT
  server: Apache/2.4.65 (Win64) PHP/8.3.28 mod_fcgid/2.3.10-dev
  x-powered-by: PHP/8.3.28
  expires: Thu, 19 Nov 1981 08:52:00 GMT
  cache-control: no-store, no-cache, must-revalidate
  pragma: no-cache
  content-length: 1624
  keep-alive: timeout=5, max=97
  connection: Keep-Alive
  content-type: text/html; charset=UTF-8
  Body:
<!DOCTYPE html>
<html lang="es">
<head>
<meta charset="UTF-8">
<meta name="viewport" content="width=device-width,initial-scale=1.0">
<title>Iniciar Sesión — PharmaCRM</title>
<link rel="stylesheet" href="/hospital/public/css/styles.css">
<link rel="stylesheet" href="https://cdnjs.cloudflare.com/ajax/libs/font-awesome/6.5.1/css/all.min.css">
</head>
<body>
<div class="login-wrapper">
<div class="login-card">
<div class="logo">
<div style="font-size:48px;margin-bottom:12px"><i class="fas fa-prescription-bottl
  User variables:
    target: http://localhost/hospital
    $environment: undefined
    $testId: tyrwb_hf3cergm9paphrkje9z4gkrz7e9jf_7x9j
    $dirname: tests
    $scenarioFile: C:\wamp64\www\hospital\mi-qa\tests\escenarios.yaml
    username: tester
    password: tester123
    nombre_medicamento: enalapril
    cliente_id: 10
    $uuid: 7f202e52-0259-4ed1-8c9a-c3b7719f665f
* GET /hospital/?route=login 

  ok statusCode 200 
* GET /hospital/?route=home 

  ok statusCode 200 
* POST /hospital/?route=auth&action=login 

  not ok statusCode 200 
  expected: 302
       got: 200
  Request params:
    http://localhost/hospital/?route=auth&action=login
    ""
  Headers:
  date: Wed, 06 May 2026 16:12:25 GMT
  server: Apache/2.4.65 (Win64) PHP/8.3.28 mod_fcgid/2.3.10-dev
  x-powered-by: PHP/8.3.28
  expires: Thu, 19 Nov 1981 08:52:00 GMT
  cache-control: no-store, no-cache, must-revalidate
  pragma: no-cache
  content-length: 1624
  keep-alive: timeout=5, max=97
  connection: Keep-Alive
  content-type: text/html; charset=UTF-8
  Body:
<!DOCTYPE html>
<html lang="es">
<head>
<meta charset="UTF-8">
<meta name="viewport" content="width=device-width,initial-scale=1.0">
<title>Iniciar Sesión — PharmaCRM</title>
<link rel="stylesheet" href="/hospital/public/css/styles.css">
<link rel="stylesheet" href="https://cdnjs.cloudflare.com/ajax/libs/font-awesome/6.5.1/css/all.min.css">
</head>
<body>
<div class="login-wrapper">
<div class="login-card">
<div class="logo">
<div style="font-size:48px;margin-bottom:12px"><i class="fas fa-prescription-bottl
  User variables:
    target: http://localhost/hospital
    $environment: undefined
    $testId: tyrwb_hf3cergm9paphrkje9z4gkrz7e9jf_7x9j
    $dirname: tests
    $scenarioFile: C:\wamp64\www\hospital\mi-qa\tests\escenarios.yaml
    username: username
    password: password
    nombre_medicamento: acetaminofen
    cliente_id: 3
    $uuid: 0222d63b-db8a-4036-8f5e-12d1766262b2
* GET /hospital/?route=home 

  ok statusCode 200 
* GET /hospital/?route=login 

  ok statusCode 200 
* POST /hospital/?route=auth&action=login 

  not ok statusCode 200 
  expected: 302
       got: 200
  Request params:
    http://localhost/hospital/?route=auth&action=login
    ""
  Headers:
  date: Wed, 06 May 2026 16:12:25 GMT
  server: Apache/2.4.65 (Win64) PHP/8.3.28 mod_fcgid/2.3.10-dev
  x-powered-by: PHP/8.3.28
  expires: Thu, 19 Nov 1981 08:52:00 GMT
  cache-control: no-store, no-cache, must-revalidate
  pragma: no-cache
  content-length: 1624
  keep-alive: timeout=5, max=97
  connection: Keep-Alive
  content-type: text/html; charset=UTF-8
  Body:
<!DOCTYPE html>
<html lang="es">
<head>
<meta charset="UTF-8">
<meta name="viewport" content="width=device-width,initial-scale=1.0">
<title>Iniciar Sesión — PharmaCRM</title>
<link rel="stylesheet" href="/hospital/public/css/styles.css">
<link rel="stylesheet" href="https://cdnjs.cloudflare.com/ajax/libs/font-awesome/6.5.1/css/all.min.css">
</head>
<body>
<div class="login-wrapper">
<div class="login-card">
<div class="logo">
<div style="font-size:48px;margin-bottom:12px"><i class="fas fa-prescription-bottl
  User variables:
    target: http://localhost/hospital
    $environment: undefined
    $testId: tyrwb_hf3cergm9paphrkje9z4gkrz7e9jf_7x9j
    $dirname: tests
    $scenarioFile: C:\wamp64\www\hospital\mi-qa\tests\escenarios.yaml
    username: tester
    password: tester123
    nombre_medicamento: salbutamol
    cliente_id: 10
    $uuid: 0ab0642d-9664-47c6-b4ab-dada0bdf88f7
* GET /hospital/?route=home 

  ok statusCode 200 
* GET /hospital/?route=login 

  ok statusCode 200 
* GET /hospital/?route=home 

  ok statusCode 200 
* POST /hospital/?route=auth&action=login 

  not ok statusCode 200 
  expected: 302
       got: 200
  Request params:
    http://localhost/hospital/?route=auth&action=login
    ""
  Headers:
  date: Wed, 06 May 2026 16:12:25 GMT
  server: Apache/2.4.65 (Win64) PHP/8.3.28 mod_fcgid/2.3.10-dev
  x-powered-by: PHP/8.3.28
  expires: Thu, 19 Nov 1981 08:52:00 GMT
  cache-control: no-store, no-cache, must-revalidate
  pragma: no-cache
  content-length: 1624
  keep-alive: timeout=5, max=97
  connection: Keep-Alive
  content-type: text/html; charset=UTF-8
  Body:
<!DOCTYPE html>
<html lang="es">
<head>
<meta charset="UTF-8">
<meta name="viewport" content="width=device-width,initial-scale=1.0">
<title>Iniciar Sesión — PharmaCRM</title>
<link rel="stylesheet" href="/hospital/public/css/styles.css">
<link rel="stylesheet" href="https://cdnjs.cloudflare.com/ajax/libs/font-awesome/6.5.1/css/all.min.css">
</head>
<body>
<div class="login-wrapper">
<div class="login-card">
<div class="logo">
<div style="font-size:48px;margin-bottom:12px"><i class="fas fa-prescription-bottl
  User variables:
    target: http://localhost/hospital
    $environment: undefined
    $testId: tyrwb_hf3cergm9paphrkje9z4gkrz7e9jf_7x9j
    $dirname: tests
    $scenarioFile: C:\wamp64\www\hospital\mi-qa\tests\escenarios.yaml
    username: admin
    password: admin
    nombre_medicamento: enalapril
    cliente_id: 8
    $uuid: b05a1e26-3fe9-4c18-894c-d83525f705e5
* POST /hospital/?route=auth&action=login 

  not ok statusCode 200 
  expected: 302
       got: 200
  Request params:
    http://localhost/hospital/?route=auth&action=login
    ""
  Headers:
  date: Wed, 06 May 2026 16:12:25 GMT
  server: Apache/2.4.65 (Win64) PHP/8.3.28 mod_fcgid/2.3.10-dev
  x-powered-by: PHP/8.3.28
  expires: Thu, 19 Nov 1981 08:52:00 GMT
  cache-control: no-store, no-cache, must-revalidate
  pragma: no-cache
  content-length: 1624
  keep-alive: timeout=5, max=97
  connection: Keep-Alive
  content-type: text/html; charset=UTF-8
  Body:
<!DOCTYPE html>
<html lang="es">
<head>
<meta charset="UTF-8">
<meta name="viewport" content="width=device-width,initial-scale=1.0">
<title>Iniciar Sesión — PharmaCRM</title>
<link rel="stylesheet" href="/hospital/public/css/styles.css">
<link rel="stylesheet" href="https://cdnjs.cloudflare.com/ajax/libs/font-awesome/6.5.1/css/all.min.css">
</head>
<body>
<div class="login-wrapper">
<div class="login-card">
<div class="logo">
<div style="font-size:48px;margin-bottom:12px"><i class="fas fa-prescription-bottl
  User variables:
    target: http://localhost/hospital
    $environment: undefined
    $testId: tyrwb_hf3cergm9paphrkje9z4gkrz7e9jf_7x9j
    $dirname: tests
    $scenarioFile: C:\wamp64\www\hospital\mi-qa\tests\escenarios.yaml
    username: tester
    password: tester123
    nombre_medicamento: amoxicilina
    cliente_id: 6
    $uuid: 605e5d57-84de-44ac-a6e2-e61ebd1bf97b
* GET /hospital/?route=login 

  ok statusCode 200 
* GET /hospital/?route=home 

  ok statusCode 200 
* GET /hospital/?route=home 

  ok statusCode 200 
* GET /hospital/?route=login 

  ok statusCode 200 
* POST /hospital/?route=auth&action=login 

  not ok statusCode 200 
  expected: 302
       got: 200
  Request params:
    http://localhost/hospital/?route=auth&action=login
    ""
  Headers:
  date: Wed, 06 May 2026 16:12:25 GMT
  server: Apache/2.4.65 (Win64) PHP/8.3.28 mod_fcgid/2.3.10-dev
  x-powered-by: PHP/8.3.28
  expires: Thu, 19 Nov 1981 08:52:00 GMT
  cache-control: no-store, no-cache, must-revalidate
  pragma: no-cache
  content-length: 1624
  keep-alive: timeout=5, max=97
  connection: Keep-Alive
  content-type: text/html; charset=UTF-8
  Body:
<!DOCTYPE html>
<html lang="es">
<head>
<meta charset="UTF-8">
<meta name="viewport" content="width=device-width,initial-scale=1.0">
<title>Iniciar Sesión — PharmaCRM</title>
<link rel="stylesheet" href="/hospital/public/css/styles.css">
<link rel="stylesheet" href="https://cdnjs.cloudflare.com/ajax/libs/font-awesome/6.5.1/css/all.min.css">
</head>
<body>
<div class="login-wrapper">
<div class="login-card">
<div class="logo">
<div style="font-size:48px;margin-bottom:12px"><i class="fas fa-prescription-bottl
  User variables:
    target: http://localhost/hospital
    $environment: undefined
    $testId: tyrwb_hf3cergm9paphrkje9z4gkrz7e9jf_7x9j
    $dirname: tests
    $scenarioFile: C:\wamp64\www\hospital\mi-qa\tests\escenarios.yaml
    username: username
    password: password
    nombre_medicamento: ibuprofeno
    cliente_id: 5
    $uuid: 6dfa723e-d201-46b9-8d39-79aab0a1c5ec
* GET /hospital/?route=home 

  ok statusCode 200 
* GET /hospital/?route=login 

  ok statusCode 200 
* POST /hospital/?route=auth&action=login 

  not ok statusCode 200 
  expected: 302
       got: 200
  Request params:
    http://localhost/hospital/?route=auth&action=login
    ""
  Headers:
  date: Wed, 06 May 2026 16:12:25 GMT
  server: Apache/2.4.65 (Win64) PHP/8.3.28 mod_fcgid/2.3.10-dev
  x-powered-by: PHP/8.3.28
  expires: Thu, 19 Nov 1981 08:52:00 GMT
  cache-control: no-store, no-cache, must-revalidate
  pragma: no-cache
  content-length: 1624
  keep-alive: timeout=5, max=97
  connection: Keep-Alive
  content-type: text/html; charset=UTF-8
  Body:
<!DOCTYPE html>
<html lang="es">
<head>
<meta charset="UTF-8">
<meta name="viewport" content="width=device-width,initial-scale=1.0">
<title>Iniciar Sesión — PharmaCRM</title>
<link rel="stylesheet" href="/hospital/public/css/styles.css">
<link rel="stylesheet" href="https://cdnjs.cloudflare.com/ajax/libs/font-awesome/6.5.1/css/all.min.css">
</head>
<body>
<div class="login-wrapper">
<div class="login-card">
<div class="logo">
<div style="font-size:48px;margin-bottom:12px"><i class="fas fa-prescription-bottl
  User variables:
    target: http://localhost/hospital
    $environment: undefined
    $testId: tyrwb_hf3cergm9paphrkje9z4gkrz7e9jf_7x9j
    $dirname: tests
    $scenarioFile: C:\wamp64\www\hospital\mi-qa\tests\escenarios.yaml
    username: tester
    password: tester123
    nombre_medicamento: dexametasona
    cliente_id: 1
    $uuid: 774243df-1c82-4a80-b332-dcfcdb222a68
* GET /hospital/?route=home 

  ok statusCode 200 
* POST /hospital/?route=auth&action=login 

  not ok statusCode 200 
  expected: 302
       got: 200
  Request params:
    http://localhost/hospital/?route=auth&action=login
    ""
  Headers:
  date: Wed, 06 May 2026 16:12:26 GMT
  server: Apache/2.4.65 (Win64) PHP/8.3.28 mod_fcgid/2.3.10-dev
  x-powered-by: PHP/8.3.28
  expires: Thu, 19 Nov 1981 08:52:00 GMT
  cache-control: no-store, no-cache, must-revalidate
  pragma: no-cache
  content-length: 1624
  keep-alive: timeout=5, max=97
  connection: Keep-Alive
  content-type: text/html; charset=UTF-8
  Body:
<!DOCTYPE html>
<html lang="es">
<head>
<meta charset="UTF-8">
<meta name="viewport" content="width=device-width,initial-scale=1.0">
<title>Iniciar Sesión — PharmaCRM</title>
<link rel="stylesheet" href="/hospital/public/css/styles.css">
<link rel="stylesheet" href="https://cdnjs.cloudflare.com/ajax/libs/font-awesome/6.5.1/css/all.min.css">
</head>
<body>
<div class="login-wrapper">
<div class="login-card">
<div class="logo">
<div style="font-size:48px;margin-bottom:12px"><i class="fas fa-prescription-bottl
  User variables:
    target: http://localhost/hospital
    $environment: undefined
    $testId: tyrwb_hf3cergm9paphrkje9z4gkrz7e9jf_7x9j
    $dirname: tests
    $scenarioFile: C:\wamp64\www\hospital\mi-qa\tests\escenarios.yaml
    username: username
    password: password
    nombre_medicamento: metformina
    cliente_id: 3
    $uuid: 07822957-1820-497e-84cd-a280bfd06637
* GET /hospital/?route=login 

  ok statusCode 200 
* GET /hospital/?route=home 

  ok statusCode 200 
* GET /hospital/?route=login 

  ok statusCode 200 
* GET /hospital/?route=login 

  ok statusCode 200 
* GET /hospital/?route=home 

  ok statusCode 200 
* POST /hospital/?route=auth&action=login 

  not ok statusCode 200 
  expected: 302
       got: 200
  Request params:
    http://localhost/hospital/?route=auth&action=login
    ""
  Headers:
  date: Wed, 06 May 2026 16:12:26 GMT
  server: Apache/2.4.65 (Win64) PHP/8.3.28 mod_fcgid/2.3.10-dev
  x-powered-by: PHP/8.3.28
  expires: Thu, 19 Nov 1981 08:52:00 GMT
  cache-control: no-store, no-cache, must-revalidate
  pragma: no-cache
  content-length: 1624
  keep-alive: timeout=5, max=97
  connection: Keep-Alive
  content-type: text/html; charset=UTF-8
  Body:
<!DOCTYPE html>
<html lang="es">
<head>
<meta charset="UTF-8">
<meta name="viewport" content="width=device-width,initial-scale=1.0">
<title>Iniciar Sesión — PharmaCRM</title>
<link rel="stylesheet" href="/hospital/public/css/styles.css">
<link rel="stylesheet" href="https://cdnjs.cloudflare.com/ajax/libs/font-awesome/6.5.1/css/all.min.css">
</head>
<body>
<div class="login-wrapper">
<div class="login-card">
<div class="logo">
<div style="font-size:48px;margin-bottom:12px"><i class="fas fa-prescription-bottl
  User variables:
    target: http://localhost/hospital
    $environment: undefined
    $testId: tyrwb_hf3cergm9paphrkje9z4gkrz7e9jf_7x9j
    $dirname: tests
    $scenarioFile: C:\wamp64\www\hospital\mi-qa\tests\escenarios.yaml
    username: supervisor1
    password: supervisor123
    nombre_medicamento: metformina
    cliente_id: 1
    $uuid: 9f515ec3-c455-4926-a1dd-ec973fa8c736
* POST /hospital/?route=auth&action=login 

  not ok statusCode 200 
  expected: 302
       got: 200
  Request params:
    http://localhost/hospital/?route=auth&action=login
    ""
  Headers:
  date: Wed, 06 May 2026 16:12:26 GMT
  server: Apache/2.4.65 (Win64) PHP/8.3.28 mod_fcgid/2.3.10-dev
  x-powered-by: PHP/8.3.28
  expires: Thu, 19 Nov 1981 08:52:00 GMT
  cache-control: no-store, no-cache, must-revalidate
  pragma: no-cache
  content-length: 1624
  keep-alive: timeout=5, max=97
  connection: Keep-Alive
  content-type: text/html; charset=UTF-8
  Body:
<!DOCTYPE html>
<html lang="es">
<head>
<meta charset="UTF-8">
<meta name="viewport" content="width=device-width,initial-scale=1.0">
<title>Iniciar Sesión — PharmaCRM</title>
<link rel="stylesheet" href="/hospital/public/css/styles.css">
<link rel="stylesheet" href="https://cdnjs.cloudflare.com/ajax/libs/font-awesome/6.5.1/css/all.min.css">
</head>
<body>
<div class="login-wrapper">
<div class="login-card">
<div class="logo">
<div style="font-size:48px;margin-bottom:12px"><i class="fas fa-prescription-bottl
  User variables:
    target: http://localhost/hospital
    $environment: undefined
    $testId: tyrwb_hf3cergm9paphrkje9z4gkrz7e9jf_7x9j
    $dirname: tests
    $scenarioFile: C:\wamp64\www\hospital\mi-qa\tests\escenarios.yaml
    username: username
    password: password
    nombre_medicamento: amoxicilina
    cliente_id: 9
    $uuid: 1ef100f9-28e4-4fb7-bbea-0048fae52349
* GET /hospital/?route=home 

  ok statusCode 200 
* GET /hospital/?route=login 

  ok statusCode 200 
* GET /hospital/?route=home 

  ok statusCode 200 
* GET /hospital/?route=login 

  ok statusCode 200 
* GET /hospital/?route=login 

  ok statusCode 200 
* POST /hospital/?route=auth&action=login 

  not ok statusCode 200 
  expected: 302
       got: 200
  Request params:
    http://localhost/hospital/?route=auth&action=login
    ""
  Headers:
  date: Wed, 06 May 2026 16:12:26 GMT
  server: Apache/2.4.65 (Win64) PHP/8.3.28 mod_fcgid/2.3.10-dev
  x-powered-by: PHP/8.3.28
  expires: Thu, 19 Nov 1981 08:52:00 GMT
  cache-control: no-store, no-cache, must-revalidate
  pragma: no-cache
  content-length: 1624
  keep-alive: timeout=5, max=97
  connection: Keep-Alive
  content-type: text/html; charset=UTF-8
  Body:
<!DOCTYPE html>
<html lang="es">
<head>
<meta charset="UTF-8">
<meta name="viewport" content="width=device-width,initial-scale=1.0">
<title>Iniciar Sesión — PharmaCRM</title>
<link rel="stylesheet" href="/hospital/public/css/styles.css">
<link rel="stylesheet" href="https://cdnjs.cloudflare.com/ajax/libs/font-awesome/6.5.1/css/all.min.css">
</head>
<body>
<div class="login-wrapper">
<div class="login-card">
<div class="logo">
<div style="font-size:48px;margin-bottom:12px"><i class="fas fa-prescription-bottl
  User variables:
    target: http://localhost/hospital
    $environment: undefined
    $testId: tyrwb_hf3cergm9paphrkje9z4gkrz7e9jf_7x9j
    $dirname: tests
    $scenarioFile: C:\wamp64\www\hospital\mi-qa\tests\escenarios.yaml
    username: tester
    password: tester123
    nombre_medicamento: nombre_medicamento
    cliente_id: 8
    $uuid: 43201b51-d331-4ff8-bdeb-965eded027ae
* POST /hospital/?route=auth&action=login 

  not ok statusCode 200 
  expected: 302
       got: 200
  Request params:
    http://localhost/hospital/?route=auth&action=login
    ""
  Headers:
  date: Wed, 06 May 2026 16:12:26 GMT
  server: Apache/2.4.65 (Win64) PHP/8.3.28 mod_fcgid/2.3.10-dev
  x-powered-by: PHP/8.3.28
  expires: Thu, 19 Nov 1981 08:52:00 GMT
  cache-control: no-store, no-cache, must-revalidate
  pragma: no-cache
  content-length: 1624
  keep-alive: timeout=5, max=97
  connection: Keep-Alive
  content-type: text/html; charset=UTF-8
  Body:
<!DOCTYPE html>
<html lang="es">
<head>
<meta charset="UTF-8">
<meta name="viewport" content="width=device-width,initial-scale=1.0">
<title>Iniciar Sesión — PharmaCRM</title>
<link rel="stylesheet" href="/hospital/public/css/styles.css">
<link rel="stylesheet" href="https://cdnjs.cloudflare.com/ajax/libs/font-awesome/6.5.1/css/all.min.css">
</head>
<body>
<div class="login-wrapper">
<div class="login-card">
<div class="logo">
<div style="font-size:48px;margin-bottom:12px"><i class="fas fa-prescription-bottl
  User variables:
    target: http://localhost/hospital
    $environment: undefined
    $testId: tyrwb_hf3cergm9paphrkje9z4gkrz7e9jf_7x9j
    $dirname: tests
    $scenarioFile: C:\wamp64\www\hospital\mi-qa\tests\escenarios.yaml
    username: vendedor1
    password: vendedor123
    nombre_medicamento: ibuprofeno
    cliente_id: 9
    $uuid: fed6eec3-1c87-40fb-bc0b-bcc447f01efa
* GET /hospital/?route=home 

  ok statusCode 200 
* GET /hospital/?route=login 

  ok statusCode 200 
* GET /hospital/?route=home 

  ok statusCode 200 
* POST /hospital/?route=auth&action=login 

  not ok statusCode 200 
  expected: 302
       got: 200
  Request params:
    http://localhost/hospital/?route=auth&action=login
    ""
  Headers:
  date: Wed, 06 May 2026 16:12:27 GMT
  server: Apache/2.4.65 (Win64) PHP/8.3.28 mod_fcgid/2.3.10-dev
  x-powered-by: PHP/8.3.28
  expires: Thu, 19 Nov 1981 08:52:00 GMT
  cache-control: no-store, no-cache, must-revalidate
  pragma: no-cache
  content-length: 1624
  keep-alive: timeout=5, max=97
  connection: Keep-Alive
  content-type: text/html; charset=UTF-8
  Body:
<!DOCTYPE html>
<html lang="es">
<head>
<meta charset="UTF-8">
<meta name="viewport" content="width=device-width,initial-scale=1.0">
<title>Iniciar Sesión — PharmaCRM</title>
<link rel="stylesheet" href="/hospital/public/css/styles.css">
<link rel="stylesheet" href="https://cdnjs.cloudflare.com/ajax/libs/font-awesome/6.5.1/css/all.min.css">
</head>
<body>
<div class="login-wrapper">
<div class="login-card">
<div class="logo">
<div style="font-size:48px;margin-bottom:12px"><i class="fas fa-prescription-bottl
  User variables:
    target: http://localhost/hospital
    $environment: undefined
    $testId: tyrwb_hf3cergm9paphrkje9z4gkrz7e9jf_7x9j
    $dirname: tests
    $scenarioFile: C:\wamp64\www\hospital\mi-qa\tests\escenarios.yaml
    username: vendedor1
    password: vendedor123
    nombre_medicamento: salbutamol
    cliente_id: 5
    $uuid: dd5bd77c-0ab9-4ba9-ac7b-2cb8ac2fc314
* GET /hospital/?route=login 

  ok statusCode 200 
* GET /hospital/?route=home 

  ok statusCode 200 
* POST /hospital/?route=auth&action=login 

  not ok statusCode 200 
  expected: 302
       got: 200
  Request params:
    http://localhost/hospital/?route=auth&action=login
    ""
  Headers:
  date: Wed, 06 May 2026 16:12:27 GMT
  server: Apache/2.4.65 (Win64) PHP/8.3.28 mod_fcgid/2.3.10-dev
  x-powered-by: PHP/8.3.28
  expires: Thu, 19 Nov 1981 08:52:00 GMT
  cache-control: no-store, no-cache, must-revalidate
  pragma: no-cache
  content-length: 1624
  keep-alive: timeout=5, max=97
  connection: Keep-Alive
  content-type: text/html; charset=UTF-8
  Body:
<!DOCTYPE html>
<html lang="es">
<head>
<meta charset="UTF-8">
<meta name="viewport" content="width=device-width,initial-scale=1.0">
<title>Iniciar Sesión — PharmaCRM</title>
<link rel="stylesheet" href="/hospital/public/css/styles.css">
<link rel="stylesheet" href="https://cdnjs.cloudflare.com/ajax/libs/font-awesome/6.5.1/css/all.min.css">
</head>
<body>
<div class="login-wrapper">
<div class="login-card">
<div class="logo">
<div style="font-size:48px;margin-bottom:12px"><i class="fas fa-prescription-bottl
  User variables:
    target: http://localhost/hospital
    $environment: undefined
    $testId: tyrwb_hf3cergm9paphrkje9z4gkrz7e9jf_7x9j
    $dirname: tests
    $scenarioFile: C:\wamp64\www\hospital\mi-qa\tests\escenarios.yaml
    username: tester
    password: tester123
    nombre_medicamento: nombre_medicamento
    cliente_id: 7
    $uuid: 21c98b40-fef3-4ebd-a812-f8fb815ac9a4
* GET /hospital/?route=home 

  ok statusCode 200 
* GET /hospital/?route=login 

  ok statusCode 200 
* POST /hospital/?route=auth&action=login 

  not ok statusCode 200 
  expected: 302
       got: 200
  Request params:
    http://localhost/hospital/?route=auth&action=login
    ""
  Headers:
  date: Wed, 06 May 2026 16:12:27 GMT
  server: Apache/2.4.65 (Win64) PHP/8.3.28 mod_fcgid/2.3.10-dev
  x-powered-by: PHP/8.3.28
  expires: Thu, 19 Nov 1981 08:52:00 GMT
  cache-control: no-store, no-cache, must-revalidate
  pragma: no-cache
  content-length: 1624
  keep-alive: timeout=5, max=97
  connection: Keep-Alive
  content-type: text/html; charset=UTF-8
  Body:
<!DOCTYPE html>
<html lang="es">
<head>
<meta charset="UTF-8">
<meta name="viewport" content="width=device-width,initial-scale=1.0">
<title>Iniciar Sesión — PharmaCRM</title>
<link rel="stylesheet" href="/hospital/public/css/styles.css">
<link rel="stylesheet" href="https://cdnjs.cloudflare.com/ajax/libs/font-awesome/6.5.1/css/all.min.css">
</head>
<body>
<div class="login-wrapper">
<div class="login-card">
<div class="logo">
<div style="font-size:48px;margin-bottom:12px"><i class="fas fa-prescription-bottl
  User variables:
    target: http://localhost/hospital
    $environment: undefined
    $testId: tyrwb_hf3cergm9paphrkje9z4gkrz7e9jf_7x9j
    $dirname: tests
    $scenarioFile: C:\wamp64\www\hospital\mi-qa\tests\escenarios.yaml
    username: vendedor1
    password: vendedor123
    nombre_medicamento: losartan
    cliente_id: 2
    $uuid: c021ef14-80a0-42e6-a254-6cf8bf90712c
* GET /hospital/?route=home 

  ok statusCode 200 
* GET /hospital/?route=login 

  ok statusCode 200 
* GET /hospital/?route=home 

  ok statusCode 200 
* POST /hospital/?route=auth&action=login 

  not ok statusCode 200 
  expected: 302
       got: 200
  Request params:
    http://localhost/hospital/?route=auth&action=login
    ""
  Headers:
  date: Wed, 06 May 2026 16:12:27 GMT
  server: Apache/2.4.65 (Win64) PHP/8.3.28 mod_fcgid/2.3.10-dev
  x-powered-by: PHP/8.3.28
  expires: Thu, 19 Nov 1981 08:52:00 GMT
  cache-control: no-store, no-cache, must-revalidate
  pragma: no-cache
  content-length: 1624
  keep-alive: timeout=5, max=97
  connection: Keep-Alive
  content-type: text/html; charset=UTF-8
  Body:
<!DOCTYPE html>
<html lang="es">
<head>
<meta charset="UTF-8">
<meta name="viewport" content="width=device-width,initial-scale=1.0">
<title>Iniciar Sesión — PharmaCRM</title>
<link rel="stylesheet" href="/hospital/public/css/styles.css">
<link rel="stylesheet" href="https://cdnjs.cloudflare.com/ajax/libs/font-awesome/6.5.1/css/all.min.css">
</head>
<body>
<div class="login-wrapper">
<div class="login-card">
<div class="logo">
<div style="font-size:48px;margin-bottom:12px"><i class="fas fa-prescription-bottl
  User variables:
    target: http://localhost/hospital
    $environment: undefined
    $testId: tyrwb_hf3cergm9paphrkje9z4gkrz7e9jf_7x9j
    $dirname: tests
    $scenarioFile: C:\wamp64\www\hospital\mi-qa\tests\escenarios.yaml
    username: admin
    password: admin
    nombre_medicamento: ibuprofeno
    cliente_id: 7
    $uuid: c906867e-e509-42c1-bc23-4ec9fd2a2ac3
* GET /hospital/?route=login 

  ok statusCode 200 
* POST /hospital/?route=auth&action=login 

  not ok statusCode 200 
  expected: 302
       got: 200
  Request params:
    http://localhost/hospital/?route=auth&action=login
    ""
  Headers:
  date: Wed, 06 May 2026 16:12:27 GMT
  server: Apache/2.4.65 (Win64) PHP/8.3.28 mod_fcgid/2.3.10-dev
  x-powered-by: PHP/8.3.28
  expires: Thu, 19 Nov 1981 08:52:00 GMT
  cache-control: no-store, no-cache, must-revalidate
  pragma: no-cache
  content-length: 1624
  keep-alive: timeout=5, max=97
  connection: Keep-Alive
  content-type: text/html; charset=UTF-8
  Body:
<!DOCTYPE html>
<html lang="es">
<head>
<meta charset="UTF-8">
<meta name="viewport" content="width=device-width,initial-scale=1.0">
<title>Iniciar Sesión — PharmaCRM</title>
<link rel="stylesheet" href="/hospital/public/css/styles.css">
<link rel="stylesheet" href="https://cdnjs.cloudflare.com/ajax/libs/font-awesome/6.5.1/css/all.min.css">
</head>
<body>
<div class="login-wrapper">
<div class="login-card">
<div class="logo">
<div style="font-size:48px;margin-bottom:12px"><i class="fas fa-prescription-bottl
  User variables:
    target: http://localhost/hospital
    $environment: undefined
    $testId: tyrwb_hf3cergm9paphrkje9z4gkrz7e9jf_7x9j
    $dirname: tests
    $scenarioFile: C:\wamp64\www\hospital\mi-qa\tests\escenarios.yaml
    username: supervisor1
    password: supervisor123
    nombre_medicamento: enalapril
    cliente_id: 9
    $uuid: f3d90937-b616-4238-90d7-d5f1940cef98
* GET /hospital/?route=home 

  ok statusCode 200 
* GET /hospital/?route=login 

  ok statusCode 200 
* POST /hospital/?route=auth&action=login 

  not ok statusCode 200 
  expected: 302
       got: 200
  Request params:
    http://localhost/hospital/?route=auth&action=login
    ""
  Headers:
  date: Wed, 06 May 2026 16:12:27 GMT
  server: Apache/2.4.65 (Win64) PHP/8.3.28 mod_fcgid/2.3.10-dev
  x-powered-by: PHP/8.3.28
  expires: Thu, 19 Nov 1981 08:52:00 GMT
  cache-control: no-store, no-cache, must-revalidate
  pragma: no-cache
  content-length: 1624
  keep-alive: timeout=5, max=97
  connection: Keep-Alive
  content-type: text/html; charset=UTF-8
  Body:
<!DOCTYPE html>
<html lang="es">
<head>
<meta charset="UTF-8">
<meta name="viewport" content="width=device-width,initial-scale=1.0">
<title>Iniciar Sesión — PharmaCRM</title>
<link rel="stylesheet" href="/hospital/public/css/styles.css">
<link rel="stylesheet" href="https://cdnjs.cloudflare.com/ajax/libs/font-awesome/6.5.1/css/all.min.css">
</head>
<body>
<div class="login-wrapper">
<div class="login-card">
<div class="logo">
<div style="font-size:48px;margin-bottom:12px"><i class="fas fa-prescription-bottl
  User variables:
    target: http://localhost/hospital
    $environment: undefined
    $testId: tyrwb_hf3cergm9paphrkje9z4gkrz7e9jf_7x9j
    $dirname: tests
    $scenarioFile: C:\wamp64\www\hospital\mi-qa\tests\escenarios.yaml
    username: vendedor1
    password: vendedor123
    nombre_medicamento: salbutamol
    cliente_id: 8
    $uuid: 724cd846-1cfc-4b07-8080-db8505e9bb8c
* GET /hospital/?route=home 

  ok statusCode 200 
* GET /hospital/?route=login 

  ok statusCode 200 
* POST /hospital/?route=auth&action=login 

  not ok statusCode 200 
  expected: 302
       got: 200
  Request params:
    http://localhost/hospital/?route=auth&action=login
    ""
  Headers:
  date: Wed, 06 May 2026 16:12:27 GMT
  server: Apache/2.4.65 (Win64) PHP/8.3.28 mod_fcgid/2.3.10-dev
  x-powered-by: PHP/8.3.28
  expires: Thu, 19 Nov 1981 08:52:00 GMT
  cache-control: no-store, no-cache, must-revalidate
  pragma: no-cache
  content-length: 1624
  keep-alive: timeout=5, max=97
  connection: Keep-Alive
  content-type: text/html; charset=UTF-8
  Body:
<!DOCTYPE html>
<html lang="es">
<head>
<meta charset="UTF-8">
<meta name="viewport" content="width=device-width,initial-scale=1.0">
<title>Iniciar Sesión — PharmaCRM</title>
<link rel="stylesheet" href="/hospital/public/css/styles.css">
<link rel="stylesheet" href="https://cdnjs.cloudflare.com/ajax/libs/font-awesome/6.5.1/css/all.min.css">
</head>
<body>
<div class="login-wrapper">
<div class="login-card">
<div class="logo">
<div style="font-size:48px;margin-bottom:12px"><i class="fas fa-prescription-bottl
  User variables:
    target: http://localhost/hospital
    $environment: undefined
    $testId: tyrwb_hf3cergm9paphrkje9z4gkrz7e9jf_7x9j
    $dirname: tests
    $scenarioFile: C:\wamp64\www\hospital\mi-qa\tests\escenarios.yaml
    username: admin
    password: admin
    nombre_medicamento: dexametasona
    cliente_id: 4
    $uuid: 38da0867-a00b-41c0-88a8-f2ced4e7c21f
* POST /hospital/?route=auth&action=login 

  not ok statusCode 200 
  expected: 302
       got: 200
  Request params:
    http://localhost/hospital/?route=auth&action=login
    ""
  Headers:
  date: Wed, 06 May 2026 16:12:27 GMT
  server: Apache/2.4.65 (Win64) PHP/8.3.28 mod_fcgid/2.3.10-dev
  x-powered-by: PHP/8.3.28
  expires: Thu, 19 Nov 1981 08:52:00 GMT
  cache-control: no-store, no-cache, must-revalidate
  pragma: no-cache
  content-length: 1624
  keep-alive: timeout=5, max=97
  connection: Keep-Alive
  content-type: text/html; charset=UTF-8
  Body:
<!DOCTYPE html>
<html lang="es">
<head>
<meta charset="UTF-8">
<meta name="viewport" content="width=device-width,initial-scale=1.0">
<title>Iniciar Sesión — PharmaCRM</title>
<link rel="stylesheet" href="/hospital/public/css/styles.css">
<link rel="stylesheet" href="https://cdnjs.cloudflare.com/ajax/libs/font-awesome/6.5.1/css/all.min.css">
</head>
<body>
<div class="login-wrapper">
<div class="login-card">
<div class="logo">
<div style="font-size:48px;margin-bottom:12px"><i class="fas fa-prescription-bottl
  User variables:
    target: http://localhost/hospital
    $environment: undefined
    $testId: tyrwb_hf3cergm9paphrkje9z4gkrz7e9jf_7x9j
    $dirname: tests
    $scenarioFile: C:\wamp64\www\hospital\mi-qa\tests\escenarios.yaml
    username: tester
    password: tester123
    nombre_medicamento: nombre_medicamento
    cliente_id: 4
    $uuid: d4f2f037-7fbb-4f81-975f-82b0f1cc4ecd
* GET /hospital/?route=home 

  ok statusCode 200 
* GET /hospital/?route=login 

  ok statusCode 200 
* GET /hospital/?route=home 

  ok statusCode 200 
* GET /hospital/?route=login 

  ok statusCode 200 
* POST /hospital/?route=auth&action=login 

  not ok statusCode 200 
  expected: 302
       got: 200
  Request params:
    http://localhost/hospital/?route=auth&action=login
    ""
  Headers:
  date: Wed, 06 May 2026 16:12:28 GMT
  server: Apache/2.4.65 (Win64) PHP/8.3.28 mod_fcgid/2.3.10-dev
  x-powered-by: PHP/8.3.28
  expires: Thu, 19 Nov 1981 08:52:00 GMT
  cache-control: no-store, no-cache, must-revalidate
  pragma: no-cache
  content-length: 1624
  keep-alive: timeout=5, max=97
  connection: Keep-Alive
  content-type: text/html; charset=UTF-8
  Body:
<!DOCTYPE html>
<html lang="es">
<head>
<meta charset="UTF-8">
<meta name="viewport" content="width=device-width,initial-scale=1.0">
<title>Iniciar Sesión — PharmaCRM</title>
<link rel="stylesheet" href="/hospital/public/css/styles.css">
<link rel="stylesheet" href="https://cdnjs.cloudflare.com/ajax/libs/font-awesome/6.5.1/css/all.min.css">
</head>
<body>
<div class="login-wrapper">
<div class="login-card">
<div class="logo">
<div style="font-size:48px;margin-bottom:12px"><i class="fas fa-prescription-bottl
  User variables:
    target: http://localhost/hospital
    $environment: undefined
    $testId: tyrwb_hf3cergm9paphrkje9z4gkrz7e9jf_7x9j
    $dirname: tests
    $scenarioFile: C:\wamp64\www\hospital\mi-qa\tests\escenarios.yaml
    username: username
    password: password
    nombre_medicamento: amoxicilina
    cliente_id: 1
    $uuid: aabd3f5d-6953-4b2d-ae27-1b24302f2a5f
* GET /hospital/?route=home 

  ok statusCode 200 
* GET /hospital/?route=login 

  ok statusCode 200 
* POST /hospital/?route=auth&action=login 

  not ok statusCode 200 
  expected: 302
       got: 200
  Request params:
    http://localhost/hospital/?route=auth&action=login
    ""
  Headers:
  date: Wed, 06 May 2026 16:12:28 GMT
  server: Apache/2.4.65 (Win64) PHP/8.3.28 mod_fcgid/2.3.10-dev
  x-powered-by: PHP/8.3.28
  expires: Thu, 19 Nov 1981 08:52:00 GMT
  cache-control: no-store, no-cache, must-revalidate
  pragma: no-cache
  content-length: 1624
  keep-alive: timeout=5, max=97
  connection: Keep-Alive
  content-type: text/html; charset=UTF-8
  Body:
<!DOCTYPE html>
<html lang="es">
<head>
<meta charset="UTF-8">
<meta name="viewport" content="width=device-width,initial-scale=1.0">
<title>Iniciar Sesión — PharmaCRM</title>
<link rel="stylesheet" href="/hospital/public/css/styles.css">
<link rel="stylesheet" href="https://cdnjs.cloudflare.com/ajax/libs/font-awesome/6.5.1/css/all.min.css">
</head>
<body>
<div class="login-wrapper">
<div class="login-card">
<div class="logo">
<div style="font-size:48px;margin-bottom:12px"><i class="fas fa-prescription-bottl
  User variables:
    target: http://localhost/hospital
    $environment: undefined
    $testId: tyrwb_hf3cergm9paphrkje9z4gkrz7e9jf_7x9j
    $dirname: tests
    $scenarioFile: C:\wamp64\www\hospital\mi-qa\tests\escenarios.yaml
    username: vendedor1
    password: vendedor123
    nombre_medicamento: acetaminofen
    cliente_id: 1
    $uuid: fc7175c9-19e7-4b21-8555-2563ac4d36ee
* GET /hospital/?route=home 

  ok statusCode 200 
* GET /hospital/?route=login 

  ok statusCode 200 
* GET /hospital/?route=login 

  ok statusCode 200 
* GET /hospital/?route=home 

  ok statusCode 200 
* POST /hospital/?route=auth&action=login 

  not ok statusCode 200 
  expected: 302
       got: 200
  Request params:
    http://localhost/hospital/?route=auth&action=login
    ""
  Headers:
  date: Wed, 06 May 2026 16:12:28 GMT
  server: Apache/2.4.65 (Win64) PHP/8.3.28 mod_fcgid/2.3.10-dev
  x-powered-by: PHP/8.3.28
  expires: Thu, 19 Nov 1981 08:52:00 GMT
  cache-control: no-store, no-cache, must-revalidate
  pragma: no-cache
  content-length: 1624
  keep-alive: timeout=5, max=97
  connection: Keep-Alive
  content-type: text/html; charset=UTF-8
  Body:
<!DOCTYPE html>
<html lang="es">
<head>
<meta charset="UTF-8">
<meta name="viewport" content="width=device-width,initial-scale=1.0">
<title>Iniciar Sesión — PharmaCRM</title>
<link rel="stylesheet" href="/hospital/public/css/styles.css">
<link rel="stylesheet" href="https://cdnjs.cloudflare.com/ajax/libs/font-awesome/6.5.1/css/all.min.css">
</head>
<body>
<div class="login-wrapper">
<div class="login-card">
<div class="logo">
<div style="font-size:48px;margin-bottom:12px"><i class="fas fa-prescription-bottl
  User variables:
    target: http://localhost/hospital
    $environment: undefined
    $testId: tyrwb_hf3cergm9paphrkje9z4gkrz7e9jf_7x9j
    $dirname: tests
    $scenarioFile: C:\wamp64\www\hospital\mi-qa\tests\escenarios.yaml
    username: tester
    password: tester123
    nombre_medicamento: dexametasona
    cliente_id: 4
    $uuid: d677d3bf-4b01-49e3-8e96-7ba7f55d950b
* POST /hospital/?route=auth&action=login 

  not ok statusCode 200 
  expected: 302
       got: 200
  Request params:
    http://localhost/hospital/?route=auth&action=login
    ""
  Headers:
  date: Wed, 06 May 2026 16:12:28 GMT
  server: Apache/2.4.65 (Win64) PHP/8.3.28 mod_fcgid/2.3.10-dev
  x-powered-by: PHP/8.3.28
  expires: Thu, 19 Nov 1981 08:52:00 GMT
  cache-control: no-store, no-cache, must-revalidate
  pragma: no-cache
  content-length: 1624
  keep-alive: timeout=5, max=97
  connection: Keep-Alive
  content-type: text/html; charset=UTF-8
  Body:
<!DOCTYPE html>
<html lang="es">
<head>
<meta charset="UTF-8">
<meta name="viewport" content="width=device-width,initial-scale=1.0">
<title>Iniciar Sesión — PharmaCRM</title>
<link rel="stylesheet" href="/hospital/public/css/styles.css">
<link rel="stylesheet" href="https://cdnjs.cloudflare.com/ajax/libs/font-awesome/6.5.1/css/all.min.css">
</head>
<body>
<div class="login-wrapper">
<div class="login-card">
<div class="logo">
<div style="font-size:48px;margin-bottom:12px"><i class="fas fa-prescription-bottl
  User variables:
    target: http://localhost/hospital
    $environment: undefined
    $testId: tyrwb_hf3cergm9paphrkje9z4gkrz7e9jf_7x9j
    $dirname: tests
    $scenarioFile: C:\wamp64\www\hospital\mi-qa\tests\escenarios.yaml
    username: vendedor1
    password: vendedor123
    nombre_medicamento: dexametasona
    cliente_id: 5
    $uuid: 8d4f9e66-5151-4eb3-9d8b-89c2a60f502d
* GET /hospital/?route=home 

  ok statusCode 200 
* GET /hospital/?route=login 

  ok statusCode 200 
* GET /hospital/?route=home 

  ok statusCode 200 
* GET /hospital/?route=login 

  ok statusCode 200 
* POST /hospital/?route=auth&action=login 

* POST /hospital/?route=auth&action=login 

  not ok statusCode 200 
  expected: 302
       got: 200
  Request params:
    http://localhost/hospital/?route=auth&action=login
    ""
  Headers:
  date: Wed, 06 May 2026 16:12:28 GMT
  server: Apache/2.4.65 (Win64) PHP/8.3.28 mod_fcgid/2.3.10-dev
  x-powered-by: PHP/8.3.28
  expires: Thu, 19 Nov 1981 08:52:00 GMT
  cache-control: no-store, no-cache, must-revalidate
  pragma: no-cache
  content-length: 1624
  keep-alive: timeout=5, max=97
  connection: Keep-Alive
  content-type: text/html; charset=UTF-8
  Body:
<!DOCTYPE html>
<html lang="es">
<head>
<meta charset="UTF-8">
<meta name="viewport" content="width=device-width,initial-scale=1.0">
<title>Iniciar Sesión — PharmaCRM</title>
<link rel="stylesheet" href="/hospital/public/css/styles.css">
<link rel="stylesheet" href="https://cdnjs.cloudflare.com/ajax/libs/font-awesome/6.5.1/css/all.min.css">
</head>
<body>
<div class="login-wrapper">
<div class="login-card">
<div class="logo">
<div style="font-size:48px;margin-bottom:12px"><i class="fas fa-prescription-bottl
  User variables:
    target: http://localhost/hospital
    $environment: undefined
    $testId: tyrwb_hf3cergm9paphrkje9z4gkrz7e9jf_7x9j
    $dirname: tests
    $scenarioFile: C:\wamp64\www\hospital\mi-qa\tests\escenarios.yaml
    username: tester
    password: tester123
    nombre_medicamento: amoxicilina
    cliente_id: 2
    $uuid: bc08ac69-d38d-482e-870a-1f033b377d1e
  not ok statusCode 200 
  expected: 302
       got: 200
  Request params:
    http://localhost/hospital/?route=auth&action=login
    ""
  Headers:
  date: Wed, 06 May 2026 16:12:28 GMT
  server: Apache/2.4.65 (Win64) PHP/8.3.28 mod_fcgid/2.3.10-dev
  x-powered-by: PHP/8.3.28
  expires: Thu, 19 Nov 1981 08:52:00 GMT
  cache-control: no-store, no-cache, must-revalidate
  pragma: no-cache
  content-length: 1624
  keep-alive: timeout=5, max=97
  connection: Keep-Alive
  content-type: text/html; charset=UTF-8
  Body:
<!DOCTYPE html>
<html lang="es">
<head>
<meta charset="UTF-8">
<meta name="viewport" content="width=device-width,initial-scale=1.0">
<title>Iniciar Sesión — PharmaCRM</title>
<link rel="stylesheet" href="/hospital/public/css/styles.css">
<link rel="stylesheet" href="https://cdnjs.cloudflare.com/ajax/libs/font-awesome/6.5.1/css/all.min.css">
</head>
<body>
<div class="login-wrapper">
<div class="login-card">
<div class="logo">
<div style="font-size:48px;margin-bottom:12px"><i class="fas fa-prescription-bottl
  User variables:
    target: http://localhost/hospital
    $environment: undefined
    $testId: tyrwb_hf3cergm9paphrkje9z4gkrz7e9jf_7x9j
    $dirname: tests
    $scenarioFile: C:\wamp64\www\hospital\mi-qa\tests\escenarios.yaml
    username: supervisor1
    password: supervisor123
    nombre_medicamento: amoxicilina
    cliente_id: 6
    $uuid: fc1e0595-7223-4323-a354-52be8a325a46
* GET /hospital/?route=login 

  ok statusCode 200 
* GET /hospital/?route=home 

  ok statusCode 200 
* POST /hospital/?route=auth&action=login 

  not ok statusCode 200 
  expected: 302
       got: 200
  Request params:
    http://localhost/hospital/?route=auth&action=login
    ""
  Headers:
  date: Wed, 06 May 2026 16:12:29 GMT
  server: Apache/2.4.65 (Win64) PHP/8.3.28 mod_fcgid/2.3.10-dev
  x-powered-by: PHP/8.3.28
  expires: Thu, 19 Nov 1981 08:52:00 GMT
  cache-control: no-store, no-cache, must-revalidate
  pragma: no-cache
  content-length: 1624
  keep-alive: timeout=5, max=97
  connection: Keep-Alive
  content-type: text/html; charset=UTF-8
  Body:
<!DOCTYPE html>
<html lang="es">
<head>
<meta charset="UTF-8">
<meta name="viewport" content="width=device-width,initial-scale=1.0">
<title>Iniciar Sesión — PharmaCRM</title>
<link rel="stylesheet" href="/hospital/public/css/styles.css">
<link rel="stylesheet" href="https://cdnjs.cloudflare.com/ajax/libs/font-awesome/6.5.1/css/all.min.css">
</head>
<body>
<div class="login-wrapper">
<div class="login-card">
<div class="logo">
<div style="font-size:48px;margin-bottom:12px"><i class="fas fa-prescription-bottl
  User variables:
    target: http://localhost/hospital
    $environment: undefined
    $testId: tyrwb_hf3cergm9paphrkje9z4gkrz7e9jf_7x9j
    $dirname: tests
    $scenarioFile: C:\wamp64\www\hospital\mi-qa\tests\escenarios.yaml
    username: tester
    password: tester123
    nombre_medicamento: omeprazol
    cliente_id: 7
    $uuid: be6c0647-8952-4828-8b44-6804c9e03c02
* GET /hospital/?route=home 

  ok statusCode 200 
* GET /hospital/?route=login 

  ok statusCode 200 
* POST /hospital/?route=auth&action=login 

  not ok statusCode 200 
  expected: 302
       got: 200
  Request params:
    http://localhost/hospital/?route=auth&action=login
    ""
  Headers:
  date: Wed, 06 May 2026 16:12:29 GMT
  server: Apache/2.4.65 (Win64) PHP/8.3.28 mod_fcgid/2.3.10-dev
  x-powered-by: PHP/8.3.28
  expires: Thu, 19 Nov 1981 08:52:00 GMT
  cache-control: no-store, no-cache, must-revalidate
  pragma: no-cache
  content-length: 1624
  keep-alive: timeout=5, max=97
  connection: Keep-Alive
  content-type: text/html; charset=UTF-8
  Body:
<!DOCTYPE html>
<html lang="es">
<head>
<meta charset="UTF-8">
<meta name="viewport" content="width=device-width,initial-scale=1.0">
<title>Iniciar Sesión — PharmaCRM</title>
<link rel="stylesheet" href="/hospital/public/css/styles.css">
<link rel="stylesheet" href="https://cdnjs.cloudflare.com/ajax/libs/font-awesome/6.5.1/css/all.min.css">
</head>
<body>
<div class="login-wrapper">
<div class="login-card">
<div class="logo">
<div style="font-size:48px;margin-bottom:12px"><i class="fas fa-prescription-bottl
  User variables:
    target: http://localhost/hospital
    $environment: undefined
    $testId: tyrwb_hf3cergm9paphrkje9z4gkrz7e9jf_7x9j
    $dirname: tests
    $scenarioFile: C:\wamp64\www\hospital\mi-qa\tests\escenarios.yaml
    username: vendedor1
    password: vendedor123
    nombre_medicamento: losartan
    cliente_id: 7
    $uuid: 7b4b5057-610b-427e-8052-af7d1f41ec93
* GET /hospital/?route=home 

  ok statusCode 200 
* GET /hospital/?route=login 

  ok statusCode 200 
* POST /hospital/?route=auth&action=login 

  not ok statusCode 200 
  expected: 302
       got: 200
  Request params:
    http://localhost/hospital/?route=auth&action=login
    ""
  Headers:
  date: Wed, 06 May 2026 16:12:29 GMT
  server: Apache/2.4.65 (Win64) PHP/8.3.28 mod_fcgid/2.3.10-dev
  x-powered-by: PHP/8.3.28
  expires: Thu, 19 Nov 1981 08:52:00 GMT
  cache-control: no-store, no-cache, must-revalidate
  pragma: no-cache
  content-length: 1624
  keep-alive: timeout=5, max=97
  connection: Keep-Alive
  content-type: text/html; charset=UTF-8
  Body:
<!DOCTYPE html>
<html lang="es">
<head>
<meta charset="UTF-8">
<meta name="viewport" content="width=device-width,initial-scale=1.0">
<title>Iniciar Sesión — PharmaCRM</title>
<link rel="stylesheet" href="/hospital/public/css/styles.css">
<link rel="stylesheet" href="https://cdnjs.cloudflare.com/ajax/libs/font-awesome/6.5.1/css/all.min.css">
</head>
<body>
<div class="login-wrapper">
<div class="login-card">
<div class="logo">
<div style="font-size:48px;margin-bottom:12px"><i class="fas fa-prescription-bottl
  User variables:
    target: http://localhost/hospital
    $environment: undefined
    $testId: tyrwb_hf3cergm9paphrkje9z4gkrz7e9jf_7x9j
    $dirname: tests
    $scenarioFile: C:\wamp64\www\hospital\mi-qa\tests\escenarios.yaml
    username: vendedor1
    password: vendedor123
    nombre_medicamento: salbutamol
    cliente_id: 4
    $uuid: a5812696-c94a-4724-99b5-c5b20b2e2a0e
* GET /hospital/?route=home 

  ok statusCode 200 
* GET /hospital/?route=login 

  ok statusCode 200 
* GET /hospital/?route=home 

  ok statusCode 200 
* POST /hospital/?route=auth&action=login 

  not ok statusCode 200 
  expected: 302
       got: 200
  Request params:
    http://localhost/hospital/?route=auth&action=login
    ""
  Headers:
  date: Wed, 06 May 2026 16:12:29 GMT
  server: Apache/2.4.65 (Win64) PHP/8.3.28 mod_fcgid/2.3.10-dev
  x-powered-by: PHP/8.3.28
  expires: Thu, 19 Nov 1981 08:52:00 GMT
  cache-control: no-store, no-cache, must-revalidate
  pragma: no-cache
  content-length: 1624
  keep-alive: timeout=5, max=97
  connection: Keep-Alive
  content-type: text/html; charset=UTF-8
  Body:
<!DOCTYPE html>
<html lang="es">
<head>
<meta charset="UTF-8">
<meta name="viewport" content="width=device-width,initial-scale=1.0">
<title>Iniciar Sesión — PharmaCRM</title>
<link rel="stylesheet" href="/hospital/public/css/styles.css">
<link rel="stylesheet" href="https://cdnjs.cloudflare.com/ajax/libs/font-awesome/6.5.1/css/all.min.css">
</head>
<body>
<div class="login-wrapper">
<div class="login-card">
<div class="logo">
<div style="font-size:48px;margin-bottom:12px"><i class="fas fa-prescription-bottl
  User variables:
    target: http://localhost/hospital
    $environment: undefined
    $testId: tyrwb_hf3cergm9paphrkje9z4gkrz7e9jf_7x9j
    $dirname: tests
    $scenarioFile: C:\wamp64\www\hospital\mi-qa\tests\escenarios.yaml
    username: admin
    password: admin
    nombre_medicamento: nombre_medicamento
    cliente_id: 2
    $uuid: ec0221f9-b10f-4778-94dc-694fac16adcb
* GET /hospital/?route=login 

  ok statusCode 200 
* POST /hospital/?route=auth&action=login 

  not ok statusCode 200 
  expected: 302
       got: 200
  Request params:
    http://localhost/hospital/?route=auth&action=login
    ""
  Headers:
  date: Wed, 06 May 2026 16:12:29 GMT
  server: Apache/2.4.65 (Win64) PHP/8.3.28 mod_fcgid/2.3.10-dev
  x-powered-by: PHP/8.3.28
  expires: Thu, 19 Nov 1981 08:52:00 GMT
  cache-control: no-store, no-cache, must-revalidate
  pragma: no-cache
  content-length: 1624
  keep-alive: timeout=5, max=97
  connection: Keep-Alive
  content-type: text/html; charset=UTF-8
  Body:
<!DOCTYPE html>
<html lang="es">
<head>
<meta charset="UTF-8">
<meta name="viewport" content="width=device-width,initial-scale=1.0">
<title>Iniciar Sesión — PharmaCRM</title>
<link rel="stylesheet" href="/hospital/public/css/styles.css">
<link rel="stylesheet" href="https://cdnjs.cloudflare.com/ajax/libs/font-awesome/6.5.1/css/all.min.css">
</head>
<body>
<div class="login-wrapper">
<div class="login-card">
<div class="logo">
<div style="font-size:48px;margin-bottom:12px"><i class="fas fa-prescription-bottl
  User variables:
    target: http://localhost/hospital
    $environment: undefined
    $testId: tyrwb_hf3cergm9paphrkje9z4gkrz7e9jf_7x9j
    $dirname: tests
    $scenarioFile: C:\wamp64\www\hospital\mi-qa\tests\escenarios.yaml
    username: admin
    password: admin
    nombre_medicamento: loratadina
    cliente_id: 6
    $uuid: f106b03a-8e49-4786-b4c6-bf004c754a8d
* GET /hospital/?route=login 

  ok statusCode 200 
* GET /hospital/?route=home 

  ok statusCode 200 
* GET /hospital/?route=login 

  ok statusCode 200 
* POST /hospital/?route=auth&action=login 

  not ok statusCode 200 
  expected: 302
       got: 200
  Request params:
    http://localhost/hospital/?route=auth&action=login
    ""
  Headers:
  date: Wed, 06 May 2026 16:12:29 GMT
  server: Apache/2.4.65 (Win64) PHP/8.3.28 mod_fcgid/2.3.10-dev
  x-powered-by: PHP/8.3.28
  expires: Thu, 19 Nov 1981 08:52:00 GMT
  cache-control: no-store, no-cache, must-revalidate
  pragma: no-cache
  content-length: 1624
  keep-alive: timeout=5, max=97
  connection: Keep-Alive
  content-type: text/html; charset=UTF-8
  Body:
<!DOCTYPE html>
<html lang="es">
<head>
<meta charset="UTF-8">
<meta name="viewport" content="width=device-width,initial-scale=1.0">
<title>Iniciar Sesión — PharmaCRM</title>
<link rel="stylesheet" href="/hospital/public/css/styles.css">
<link rel="stylesheet" href="https://cdnjs.cloudflare.com/ajax/libs/font-awesome/6.5.1/css/all.min.css">
</head>
<body>
<div class="login-wrapper">
<div class="login-card">
<div class="logo">
<div style="font-size:48px;margin-bottom:12px"><i class="fas fa-prescription-bottl
  User variables:
    target: http://localhost/hospital
    $environment: undefined
    $testId: tyrwb_hf3cergm9paphrkje9z4gkrz7e9jf_7x9j
    $dirname: tests
    $scenarioFile: C:\wamp64\www\hospital\mi-qa\tests\escenarios.yaml
    username: supervisor1
    password: supervisor123
    nombre_medicamento: amoxicilina
    cliente_id: 8
    $uuid: 54912e25-d5d9-4f7e-800d-811842aa0287
* GET /hospital/?route=home 

  ok statusCode 200 
* POST /hospital/?route=auth&action=login 

  not ok statusCode 200 
  expected: 302
       got: 200
  Request params:
    http://localhost/hospital/?route=auth&action=login
    ""
  Headers:
  date: Wed, 06 May 2026 16:12:29 GMT
  server: Apache/2.4.65 (Win64) PHP/8.3.28 mod_fcgid/2.3.10-dev
  x-powered-by: PHP/8.3.28
  expires: Thu, 19 Nov 1981 08:52:00 GMT
  cache-control: no-store, no-cache, must-revalidate
  pragma: no-cache
  content-length: 1624
  keep-alive: timeout=5, max=97
  connection: Keep-Alive
  content-type: text/html; charset=UTF-8
  Body:
<!DOCTYPE html>
<html lang="es">
<head>
<meta charset="UTF-8">
<meta name="viewport" content="width=device-width,initial-scale=1.0">
<title>Iniciar Sesión — PharmaCRM</title>
<link rel="stylesheet" href="/hospital/public/css/styles.css">
<link rel="stylesheet" href="https://cdnjs.cloudflare.com/ajax/libs/font-awesome/6.5.1/css/all.min.css">
</head>
<body>
<div class="login-wrapper">
<div class="login-card">
<div class="logo">
<div style="font-size:48px;margin-bottom:12px"><i class="fas fa-prescription-bottl
  User variables:
    target: http://localhost/hospital
    $environment: undefined
    $testId: tyrwb_hf3cergm9paphrkje9z4gkrz7e9jf_7x9j
    $dirname: tests
    $scenarioFile: C:\wamp64\www\hospital\mi-qa\tests\escenarios.yaml
    username: username
    password: password
    nombre_medicamento: nombre_medicamento
    cliente_id: 8
    $uuid: ec583811-bfb7-4d27-8b56-585e79cfa5b5
* GET /hospital/?route=home 

  ok statusCode 200 
* POST /hospital/?route=auth&action=login 

  not ok statusCode 200 
  expected: 302
       got: 200
  Request params:
    http://localhost/hospital/?route=auth&action=login
    ""
  Headers:
  date: Wed, 06 May 2026 16:12:30 GMT
  server: Apache/2.4.65 (Win64) PHP/8.3.28 mod_fcgid/2.3.10-dev
  x-powered-by: PHP/8.3.28
  expires: Thu, 19 Nov 1981 08:52:00 GMT
  cache-control: no-store, no-cache, must-revalidate
  pragma: no-cache
  content-length: 1624
  keep-alive: timeout=5, max=97
  connection: Keep-Alive
  content-type: text/html; charset=UTF-8
  Body:
<!DOCTYPE html>
<html lang="es">
<head>
<meta charset="UTF-8">
<meta name="viewport" content="width=device-width,initial-scale=1.0">
<title>Iniciar Sesión — PharmaCRM</title>
<link rel="stylesheet" href="/hospital/public/css/styles.css">
<link rel="stylesheet" href="https://cdnjs.cloudflare.com/ajax/libs/font-awesome/6.5.1/css/all.min.css">
</head>
<body>
<div class="login-wrapper">
<div class="login-card">
<div class="logo">
<div style="font-size:48px;margin-bottom:12px"><i class="fas fa-prescription-bottl
  User variables:
    target: http://localhost/hospital
    $environment: undefined
    $testId: tyrwb_hf3cergm9paphrkje9z4gkrz7e9jf_7x9j
    $dirname: tests
    $scenarioFile: C:\wamp64\www\hospital\mi-qa\tests\escenarios.yaml
    username: vendedor1
    password: vendedor123
    nombre_medicamento: dexametasona
    cliente_id: 3
    $uuid: 7e855ed6-fb56-4cfd-aa7a-2516537b4d77
* GET /hospital/?route=login 

  ok statusCode 200 
* GET /hospital/?route=home 

  ok statusCode 200 
* GET /hospital/?route=login 

  ok statusCode 200 
* POST /hospital/?route=auth&action=login 

  not ok statusCode 200 
  expected: 302
       got: 200
  Request params:
    http://localhost/hospital/?route=auth&action=login
    ""
  Headers:
  date: Wed, 06 May 2026 16:12:30 GMT
  server: Apache/2.4.65 (Win64) PHP/8.3.28 mod_fcgid/2.3.10-dev
  x-powered-by: PHP/8.3.28
  expires: Thu, 19 Nov 1981 08:52:00 GMT
  cache-control: no-store, no-cache, must-revalidate
  pragma: no-cache
  content-length: 1624
  keep-alive: timeout=5, max=97
  connection: Keep-Alive
  content-type: text/html; charset=UTF-8
  Body:
<!DOCTYPE html>
<html lang="es">
<head>
<meta charset="UTF-8">
<meta name="viewport" content="width=device-width,initial-scale=1.0">
<title>Iniciar Sesión — PharmaCRM</title>
<link rel="stylesheet" href="/hospital/public/css/styles.css">
<link rel="stylesheet" href="https://cdnjs.cloudflare.com/ajax/libs/font-awesome/6.5.1/css/all.min.css">
</head>
<body>
<div class="login-wrapper">
<div class="login-card">
<div class="logo">
<div style="font-size:48px;margin-bottom:12px"><i class="fas fa-prescription-bottl
  User variables:
    target: http://localhost/hospital
    $environment: undefined
    $testId: tyrwb_hf3cergm9paphrkje9z4gkrz7e9jf_7x9j
    $dirname: tests
    $scenarioFile: C:\wamp64\www\hospital\mi-qa\tests\escenarios.yaml
    username: vendedor1
    password: vendedor123
    nombre_medicamento: metformina
    cliente_id: cliente_id
    $uuid: cd05efed-0063-40e8-a2c4-fe82f11b3277
* GET /hospital/?route=home 

  ok statusCode 200 
* GET /hospital/?route=login 

  ok statusCode 200 
* POST /hospital/?route=auth&action=login 

  not ok statusCode 200 
  expected: 302
       got: 200
  Request params:
    http://localhost/hospital/?route=auth&action=login
    ""
  Headers:
  date: Wed, 06 May 2026 16:12:30 GMT
  server: Apache/2.4.65 (Win64) PHP/8.3.28 mod_fcgid/2.3.10-dev
  x-powered-by: PHP/8.3.28
  expires: Thu, 19 Nov 1981 08:52:00 GMT
  cache-control: no-store, no-cache, must-revalidate
  pragma: no-cache
  content-length: 1624
  keep-alive: timeout=5, max=97
  connection: Keep-Alive
  content-type: text/html; charset=UTF-8
  Body:
<!DOCTYPE html>
<html lang="es">
<head>
<meta charset="UTF-8">
<meta name="viewport" content="width=device-width,initial-scale=1.0">
<title>Iniciar Sesión — PharmaCRM</title>
<link rel="stylesheet" href="/hospital/public/css/styles.css">
<link rel="stylesheet" href="https://cdnjs.cloudflare.com/ajax/libs/font-awesome/6.5.1/css/all.min.css">
</head>
<body>
<div class="login-wrapper">
<div class="login-card">
<div class="logo">
<div style="font-size:48px;margin-bottom:12px"><i class="fas fa-prescription-bottl
  User variables:
    target: http://localhost/hospital
    $environment: undefined
    $testId: tyrwb_hf3cergm9paphrkje9z4gkrz7e9jf_7x9j
    $dirname: tests
    $scenarioFile: C:\wamp64\www\hospital\mi-qa\tests\escenarios.yaml
    username: admin
    password: admin
    nombre_medicamento: metformina
    cliente_id: 10
    $uuid: e9e6a806-763a-42c4-82a0-df92eedd8a47
* GET /hospital/?route=login 

  ok statusCode 200 
* GET /hospital/?route=login 

  ok statusCode 200 
* GET /hospital/?route=home 

  ok statusCode 200 
* GET /hospital/?route=home 

  ok statusCode 200 
* POST /hospital/?route=auth&action=login 

  not ok statusCode 200 
  expected: 302
       got: 200
  Request params:
    http://localhost/hospital/?route=auth&action=login
    ""
  Headers:
  date: Wed, 06 May 2026 16:12:30 GMT
  server: Apache/2.4.65 (Win64) PHP/8.3.28 mod_fcgid/2.3.10-dev
  x-powered-by: PHP/8.3.28
  expires: Thu, 19 Nov 1981 08:52:00 GMT
  cache-control: no-store, no-cache, must-revalidate
  pragma: no-cache
  content-length: 1624
  keep-alive: timeout=5, max=97
  connection: Keep-Alive
  content-type: text/html; charset=UTF-8
  Body:
<!DOCTYPE html>
<html lang="es">
<head>
<meta charset="UTF-8">
<meta name="viewport" content="width=device-width,initial-scale=1.0">
<title>Iniciar Sesión — PharmaCRM</title>
<link rel="stylesheet" href="/hospital/public/css/styles.css">
<link rel="stylesheet" href="https://cdnjs.cloudflare.com/ajax/libs/font-awesome/6.5.1/css/all.min.css">
</head>
<body>
<div class="login-wrapper">
<div class="login-card">
<div class="logo">
<div style="font-size:48px;margin-bottom:12px"><i class="fas fa-prescription-bottl
  User variables:
    target: http://localhost/hospital
    $environment: undefined
    $testId: tyrwb_hf3cergm9paphrkje9z4gkrz7e9jf_7x9j
    $dirname: tests
    $scenarioFile: C:\wamp64\www\hospital\mi-qa\tests\escenarios.yaml
    username: username
    password: password
    nombre_medicamento: acetaminofen
    cliente_id: 1
    $uuid: 8f573565-ee53-4a1e-aa40-9329c2f38901
* POST /hospital/?route=auth&action=login 

  not ok statusCode 200 
  expected: 302
       got: 200
  Request params:
    http://localhost/hospital/?route=auth&action=login
    ""
  Headers:
  date: Wed, 06 May 2026 16:12:30 GMT
  server: Apache/2.4.65 (Win64) PHP/8.3.28 mod_fcgid/2.3.10-dev
  x-powered-by: PHP/8.3.28
  expires: Thu, 19 Nov 1981 08:52:00 GMT
  cache-control: no-store, no-cache, must-revalidate
  pragma: no-cache
  content-length: 1624
  keep-alive: timeout=5, max=97
  connection: Keep-Alive
  content-type: text/html; charset=UTF-8
  Body:
<!DOCTYPE html>
<html lang="es">
<head>
<meta charset="UTF-8">
<meta name="viewport" content="width=device-width,initial-scale=1.0">
<title>Iniciar Sesión — PharmaCRM</title>
<link rel="stylesheet" href="/hospital/public/css/styles.css">
<link rel="stylesheet" href="https://cdnjs.cloudflare.com/ajax/libs/font-awesome/6.5.1/css/all.min.css">
</head>
<body>
<div class="login-wrapper">
<div class="login-card">
<div class="logo">
<div style="font-size:48px;margin-bottom:12px"><i class="fas fa-prescription-bottl
  User variables:
    target: http://localhost/hospital
    $environment: undefined
    $testId: tyrwb_hf3cergm9paphrkje9z4gkrz7e9jf_7x9j
    $dirname: tests
    $scenarioFile: C:\wamp64\www\hospital\mi-qa\tests\escenarios.yaml
    username: username
    password: password
    nombre_medicamento: metformina
    cliente_id: 9
    $uuid: 7446ee37-8b66-491f-9bbf-9440c09dfc96
* GET /hospital/?route=login 

  ok statusCode 200 
* POST /hospital/?route=auth&action=login 

  not ok statusCode 200 
  expected: 302
       got: 200
  Request params:
    http://localhost/hospital/?route=auth&action=login
    ""
  Headers:
  date: Wed, 06 May 2026 16:12:30 GMT
  server: Apache/2.4.65 (Win64) PHP/8.3.28 mod_fcgid/2.3.10-dev
  x-powered-by: PHP/8.3.28
  expires: Thu, 19 Nov 1981 08:52:00 GMT
  cache-control: no-store, no-cache, must-revalidate
  pragma: no-cache
  content-length: 1624
  keep-alive: timeout=5, max=97
  connection: Keep-Alive
  content-type: text/html; charset=UTF-8
  Body:
<!DOCTYPE html>
<html lang="es">
<head>
<meta charset="UTF-8">
<meta name="viewport" content="width=device-width,initial-scale=1.0">
<title>Iniciar Sesión — PharmaCRM</title>
<link rel="stylesheet" href="/hospital/public/css/styles.css">
<link rel="stylesheet" href="https://cdnjs.cloudflare.com/ajax/libs/font-awesome/6.5.1/css/all.min.css">
</head>
<body>
<div class="login-wrapper">
<div class="login-card">
<div class="logo">
<div style="font-size:48px;margin-bottom:12px"><i class="fas fa-prescription-bottl
  User variables:
    target: http://localhost/hospital
    $environment: undefined
    $testId: tyrwb_hf3cergm9paphrkje9z4gkrz7e9jf_7x9j
    $dirname: tests
    $scenarioFile: C:\wamp64\www\hospital\mi-qa\tests\escenarios.yaml
    username: username
    password: password
    nombre_medicamento: acetaminofen
    cliente_id: cliente_id
    $uuid: f0fc0d63-ef49-46c3-b1f3-fa91cd1901cc
* GET /hospital/?route=home 

  ok statusCode 200 
* GET /hospital/?route=home 

  ok statusCode 200 
* POST /hospital/?route=auth&action=login 

  not ok statusCode 200 
  expected: 302
       got: 200
  Request params:
    http://localhost/hospital/?route=auth&action=login
    ""
  Headers:
  date: Wed, 06 May 2026 16:12:30 GMT
  server: Apache/2.4.65 (Win64) PHP/8.3.28 mod_fcgid/2.3.10-dev
  x-powered-by: PHP/8.3.28
  expires: Thu, 19 Nov 1981 08:52:00 GMT
  cache-control: no-store, no-cache, must-revalidate
  pragma: no-cache
  content-length: 1624
  keep-alive: timeout=5, max=97
  connection: Keep-Alive
  content-type: text/html; charset=UTF-8
  Body:
<!DOCTYPE html>
<html lang="es">
<head>
<meta charset="UTF-8">
<meta name="viewport" content="width=device-width,initial-scale=1.0">
<title>Iniciar Sesión — PharmaCRM</title>
<link rel="stylesheet" href="/hospital/public/css/styles.css">
<link rel="stylesheet" href="https://cdnjs.cloudflare.com/ajax/libs/font-awesome/6.5.1/css/all.min.css">
</head>
<body>
<div class="login-wrapper">
<div class="login-card">
<div class="logo">
<div style="font-size:48px;margin-bottom:12px"><i class="fas fa-prescription-bottl
  User variables:
    target: http://localhost/hospital
    $environment: undefined
    $testId: tyrwb_hf3cergm9paphrkje9z4gkrz7e9jf_7x9j
    $dirname: tests
    $scenarioFile: C:\wamp64\www\hospital\mi-qa\tests\escenarios.yaml
    username: admin
    password: admin
    nombre_medicamento: nombre_medicamento
    cliente_id: 8
    $uuid: d3902e01-cf9f-4ecc-b2af-059fc52d685b
* GET /hospital/?route=login 

  ok statusCode 200 
* GET /hospital/?route=login 

  ok statusCode 200 
* GET /hospital/?route=home 

  ok statusCode 200 
* POST /hospital/?route=auth&action=login 

  not ok statusCode 200 
  expected: 302
       got: 200
  Request params:
    http://localhost/hospital/?route=auth&action=login
    ""
  Headers:
  date: Wed, 06 May 2026 16:12:31 GMT
  server: Apache/2.4.65 (Win64) PHP/8.3.28 mod_fcgid/2.3.10-dev
  x-powered-by: PHP/8.3.28
  expires: Thu, 19 Nov 1981 08:52:00 GMT
  cache-control: no-store, no-cache, must-revalidate
  pragma: no-cache
  content-length: 1624
  keep-alive: timeout=5, max=97
  connection: Keep-Alive
  content-type: text/html; charset=UTF-8
  Body:
<!DOCTYPE html>
<html lang="es">
<head>
<meta charset="UTF-8">
<meta name="viewport" content="width=device-width,initial-scale=1.0">
<title>Iniciar Sesión — PharmaCRM</title>
<link rel="stylesheet" href="/hospital/public/css/styles.css">
<link rel="stylesheet" href="https://cdnjs.cloudflare.com/ajax/libs/font-awesome/6.5.1/css/all.min.css">
</head>
<body>
<div class="login-wrapper">
<div class="login-card">
<div class="logo">
<div style="font-size:48px;margin-bottom:12px"><i class="fas fa-prescription-bottl
  User variables:
    target: http://localhost/hospital
    $environment: undefined
    $testId: tyrwb_hf3cergm9paphrkje9z4gkrz7e9jf_7x9j
    $dirname: tests
    $scenarioFile: C:\wamp64\www\hospital\mi-qa\tests\escenarios.yaml
    username: tester
    password: tester123
    nombre_medicamento: metformina
    cliente_id: 10
    $uuid: a343c9df-bb89-4776-99e9-7e659bee8c0a
* GET /hospital/?route=home 

  ok statusCode 200 
* GET /hospital/?route=login 

  ok statusCode 200 
* POST /hospital/?route=auth&action=login 

  not ok statusCode 200 
  expected: 302
       got: 200
  Request params:
    http://localhost/hospital/?route=auth&action=login
    ""
  Headers:
  date: Wed, 06 May 2026 16:12:31 GMT
  server: Apache/2.4.65 (Win64) PHP/8.3.28 mod_fcgid/2.3.10-dev
  x-powered-by: PHP/8.3.28
  expires: Thu, 19 Nov 1981 08:52:00 GMT
  cache-control: no-store, no-cache, must-revalidate
  pragma: no-cache
  content-length: 1624
  keep-alive: timeout=5, max=97
  connection: Keep-Alive
  content-type: text/html; charset=UTF-8
  Body:
<!DOCTYPE html>
<html lang="es">
<head>
<meta charset="UTF-8">
<meta name="viewport" content="width=device-width,initial-scale=1.0">
<title>Iniciar Sesión — PharmaCRM</title>
<link rel="stylesheet" href="/hospital/public/css/styles.css">
<link rel="stylesheet" href="https://cdnjs.cloudflare.com/ajax/libs/font-awesome/6.5.1/css/all.min.css">
</head>
<body>
<div class="login-wrapper">
<div class="login-card">
<div class="logo">
<div style="font-size:48px;margin-bottom:12px"><i class="fas fa-prescription-bottl
  User variables:
    target: http://localhost/hospital
    $environment: undefined
    $testId: tyrwb_hf3cergm9paphrkje9z4gkrz7e9jf_7x9j
    $dirname: tests
    $scenarioFile: C:\wamp64\www\hospital\mi-qa\tests\escenarios.yaml
    username: supervisor1
    password: supervisor123
    nombre_medicamento: omeprazol
    cliente_id: cliente_id
    $uuid: bbe573ca-51e9-4c5c-bb1d-2f48e227b46e
* GET /hospital/?route=home 

  ok statusCode 200 
* GET /hospital/?route=login 

  ok statusCode 200 
* POST /hospital/?route=auth&action=login 

  not ok statusCode 200 
  expected: 302
       got: 200
  Request params:
    http://localhost/hospital/?route=auth&action=login
    ""
  Headers:
  date: Wed, 06 May 2026 16:12:31 GMT
  server: Apache/2.4.65 (Win64) PHP/8.3.28 mod_fcgid/2.3.10-dev
  x-powered-by: PHP/8.3.28
  expires: Thu, 19 Nov 1981 08:52:00 GMT
  cache-control: no-store, no-cache, must-revalidate
  pragma: no-cache
  content-length: 1624
  keep-alive: timeout=5, max=97
  connection: Keep-Alive
  content-type: text/html; charset=UTF-8
  Body:
<!DOCTYPE html>
<html lang="es">
<head>
<meta charset="UTF-8">
<meta name="viewport" content="width=device-width,initial-scale=1.0">
<title>Iniciar Sesión — PharmaCRM</title>
<link rel="stylesheet" href="/hospital/public/css/styles.css">
<link rel="stylesheet" href="https://cdnjs.cloudflare.com/ajax/libs/font-awesome/6.5.1/css/all.min.css">
</head>
<body>
<div class="login-wrapper">
<div class="login-card">
<div class="logo">
<div style="font-size:48px;margin-bottom:12px"><i class="fas fa-prescription-bottl
  User variables:
    target: http://localhost/hospital
    $environment: undefined
    $testId: tyrwb_hf3cergm9paphrkje9z4gkrz7e9jf_7x9j
    $dirname: tests
    $scenarioFile: C:\wamp64\www\hospital\mi-qa\tests\escenarios.yaml
    username: tester
    password: tester123
    nombre_medicamento: nombre_medicamento
    cliente_id: 3
    $uuid: f0a09af4-742d-46ae-b4aa-37c1e2b11817
* GET /hospital/?route=home 

  ok statusCode 200 
* GET /hospital/?route=home 

* GET /hospital/?route=login 

  ok statusCode 200 
  ok statusCode 200 
* GET /hospital/?route=home 

* GET /hospital/?route=login 

  ok statusCode 200 
  ok statusCode 200 
* POST /hospital/?route=auth&action=login 

  not ok statusCode 200 
  expected: 302
       got: 200
  Request params:
    http://localhost/hospital/?route=auth&action=login
    ""
  Headers:
  date: Wed, 06 May 2026 16:12:31 GMT
  server: Apache/2.4.65 (Win64) PHP/8.3.28 mod_fcgid/2.3.10-dev
  x-powered-by: PHP/8.3.28
  expires: Thu, 19 Nov 1981 08:52:00 GMT
  cache-control: no-store, no-cache, must-revalidate
  pragma: no-cache
  content-length: 1624
  keep-alive: timeout=5, max=97
  connection: Keep-Alive
  content-type: text/html; charset=UTF-8
  Body:
<!DOCTYPE html>
<html lang="es">
<head>
<meta charset="UTF-8">
<meta name="viewport" content="width=device-width,initial-scale=1.0">
<title>Iniciar Sesión — PharmaCRM</title>
<link rel="stylesheet" href="/hospital/public/css/styles.css">
<link rel="stylesheet" href="https://cdnjs.cloudflare.com/ajax/libs/font-awesome/6.5.1/css/all.min.css">
</head>
<body>
<div class="login-wrapper">
<div class="login-card">
<div class="logo">
<div style="font-size:48px;margin-bottom:12px"><i class="fas fa-prescription-bottl
  User variables:
    target: http://localhost/hospital
    $environment: undefined
    $testId: tyrwb_hf3cergm9paphrkje9z4gkrz7e9jf_7x9j
    $dirname: tests
    $scenarioFile: C:\wamp64\www\hospital\mi-qa\tests\escenarios.yaml
    username: username
    password: password
    nombre_medicamento: nombre_medicamento
    cliente_id: 8
    $uuid: 1f5872ab-9a0c-4252-869f-e761c83add3c
* POST /hospital/?route=auth&action=login 

  not ok statusCode 200 
  expected: 302
       got: 200
  Request params:
    http://localhost/hospital/?route=auth&action=login
    ""
  Headers:
  date: Wed, 06 May 2026 16:12:31 GMT
  server: Apache/2.4.65 (Win64) PHP/8.3.28 mod_fcgid/2.3.10-dev
  x-powered-by: PHP/8.3.28
  expires: Thu, 19 Nov 1981 08:52:00 GMT
  cache-control: no-store, no-cache, must-revalidate
  pragma: no-cache
  content-length: 1624
  keep-alive: timeout=5, max=97
  connection: Keep-Alive
  content-type: text/html; charset=UTF-8
  Body:
<!DOCTYPE html>
<html lang="es">
<head>
<meta charset="UTF-8">
<meta name="viewport" content="width=device-width,initial-scale=1.0">
<title>Iniciar Sesión — PharmaCRM</title>
<link rel="stylesheet" href="/hospital/public/css/styles.css">
<link rel="stylesheet" href="https://cdnjs.cloudflare.com/ajax/libs/font-awesome/6.5.1/css/all.min.css">
</head>
<body>
<div class="login-wrapper">
<div class="login-card">
<div class="logo">
<div style="font-size:48px;margin-bottom:12px"><i class="fas fa-prescription-bottl
  User variables:
    target: http://localhost/hospital
    $environment: undefined
    $testId: tyrwb_hf3cergm9paphrkje9z4gkrz7e9jf_7x9j
    $dirname: tests
    $scenarioFile: C:\wamp64\www\hospital\mi-qa\tests\escenarios.yaml
    username: vendedor1
    password: vendedor123
    nombre_medicamento: omeprazol
    cliente_id: 3
    $uuid: 15d1b12f-9cab-4941-83a4-52d371024f0e
* GET /hospital/?route=home 

  ok statusCode 200 
* GET /hospital/?route=login 

  ok statusCode 200 
* POST /hospital/?route=auth&action=login 

  not ok statusCode 200 
  expected: 302
       got: 200
  Request params:
    http://localhost/hospital/?route=auth&action=login
    ""
  Headers:
  date: Wed, 06 May 2026 16:12:31 GMT
  server: Apache/2.4.65 (Win64) PHP/8.3.28 mod_fcgid/2.3.10-dev
  x-powered-by: PHP/8.3.28
  expires: Thu, 19 Nov 1981 08:52:00 GMT
  cache-control: no-store, no-cache, must-revalidate
  pragma: no-cache
  content-length: 1624
  keep-alive: timeout=5, max=97
  connection: Keep-Alive
  content-type: text/html; charset=UTF-8
  Body:
<!DOCTYPE html>
<html lang="es">
<head>
<meta charset="UTF-8">
<meta name="viewport" content="width=device-width,initial-scale=1.0">
<title>Iniciar Sesión — PharmaCRM</title>
<link rel="stylesheet" href="/hospital/public/css/styles.css">
<link rel="stylesheet" href="https://cdnjs.cloudflare.com/ajax/libs/font-awesome/6.5.1/css/all.min.css">
</head>
<body>
<div class="login-wrapper">
<div class="login-card">
<div class="logo">
<div style="font-size:48px;margin-bottom:12px"><i class="fas fa-prescription-bottl
  User variables:
    target: http://localhost/hospital
    $environment: undefined
    $testId: tyrwb_hf3cergm9paphrkje9z4gkrz7e9jf_7x9j
    $dirname: tests
    $scenarioFile: C:\wamp64\www\hospital\mi-qa\tests\escenarios.yaml
    username: username
    password: password
    nombre_medicamento: ibuprofeno
    cliente_id: 7
    $uuid: d6cce11d-9e99-4846-9a2c-9d4bfae8047e
* GET /hospital/?route=login 

  ok statusCode 200 
* GET /hospital/?route=home 

  ok statusCode 200 
* POST /hospital/?route=auth&action=login 

  not ok statusCode 200 
  expected: 302
       got: 200
  Request params:
    http://localhost/hospital/?route=auth&action=login
    ""
  Headers:
  date: Wed, 06 May 2026 16:12:31 GMT
  server: Apache/2.4.65 (Win64) PHP/8.3.28 mod_fcgid/2.3.10-dev
  x-powered-by: PHP/8.3.28
  expires: Thu, 19 Nov 1981 08:52:00 GMT
  cache-control: no-store, no-cache, must-revalidate
  pragma: no-cache
  content-length: 1624
  keep-alive: timeout=5, max=97
  connection: Keep-Alive
  content-type: text/html; charset=UTF-8
  Body:
<!DOCTYPE html>
<html lang="es">
<head>
<meta charset="UTF-8">
<meta name="viewport" content="width=device-width,initial-scale=1.0">
<title>Iniciar Sesión — PharmaCRM</title>
<link rel="stylesheet" href="/hospital/public/css/styles.css">
<link rel="stylesheet" href="https://cdnjs.cloudflare.com/ajax/libs/font-awesome/6.5.1/css/all.min.css">
</head>
<body>
<div class="login-wrapper">
<div class="login-card">
<div class="logo">
<div style="font-size:48px;margin-bottom:12px"><i class="fas fa-prescription-bottl
  User variables:
    target: http://localhost/hospital
    $environment: undefined
    $testId: tyrwb_hf3cergm9paphrkje9z4gkrz7e9jf_7x9j
    $dirname: tests
    $scenarioFile: C:\wamp64\www\hospital\mi-qa\tests\escenarios.yaml
    username: admin
    password: admin
    nombre_medicamento: salbutamol
    cliente_id: 1
    $uuid: 41b3c57a-f64b-4624-97c8-799b12a72f65
* GET /hospital/?route=login 

  ok statusCode 200 
* GET /hospital/?route=home 

  ok statusCode 200 
* POST /hospital/?route=auth&action=login 

  not ok statusCode 200 
  expected: 302
       got: 200
  Request params:
    http://localhost/hospital/?route=auth&action=login
    ""
  Headers:
  date: Wed, 06 May 2026 16:12:32 GMT
  server: Apache/2.4.65 (Win64) PHP/8.3.28 mod_fcgid/2.3.10-dev
  x-powered-by: PHP/8.3.28
  expires: Thu, 19 Nov 1981 08:52:00 GMT
  cache-control: no-store, no-cache, must-revalidate
  pragma: no-cache
  content-length: 1624
  keep-alive: timeout=5, max=97
  connection: Keep-Alive
  content-type: text/html; charset=UTF-8
  Body:
<!DOCTYPE html>
<html lang="es">
<head>
<meta charset="UTF-8">
<meta name="viewport" content="width=device-width,initial-scale=1.0">
<title>Iniciar Sesión — PharmaCRM</title>
<link rel="stylesheet" href="/hospital/public/css/styles.css">
<link rel="stylesheet" href="https://cdnjs.cloudflare.com/ajax/libs/font-awesome/6.5.1/css/all.min.css">
</head>
<body>
<div class="login-wrapper">
<div class="login-card">
<div class="logo">
<div style="font-size:48px;margin-bottom:12px"><i class="fas fa-prescription-bottl
  User variables:
    target: http://localhost/hospital
    $environment: undefined
    $testId: tyrwb_hf3cergm9paphrkje9z4gkrz7e9jf_7x9j
    $dirname: tests
    $scenarioFile: C:\wamp64\www\hospital\mi-qa\tests\escenarios.yaml
    username: vendedor1
    password: vendedor123
    nombre_medicamento: enalapril
    cliente_id: 8
    $uuid: d54ebc9e-c714-445d-9dc7-8b9f91370fee
* GET /hospital/?route=login 

  ok statusCode 200 
* GET /hospital/?route=home 

  ok statusCode 200 
* GET /hospital/?route=login 

  ok statusCode 200 
* GET /hospital/?route=home 

  ok statusCode 200 
* POST /hospital/?route=auth&action=login 

  not ok statusCode 200 
  expected: 302
       got: 200
  Request params:
    http://localhost/hospital/?route=auth&action=login
    ""
  Headers:
  date: Wed, 06 May 2026 16:12:32 GMT
  server: Apache/2.4.65 (Win64) PHP/8.3.28 mod_fcgid/2.3.10-dev
  x-powered-by: PHP/8.3.28
  expires: Thu, 19 Nov 1981 08:52:00 GMT
  cache-control: no-store, no-cache, must-revalidate
  pragma: no-cache
  content-length: 1624
  keep-alive: timeout=5, max=97
  connection: Keep-Alive
  content-type: text/html; charset=UTF-8
  Body:
<!DOCTYPE html>
<html lang="es">
<head>
<meta charset="UTF-8">
<meta name="viewport" content="width=device-width,initial-scale=1.0">
<title>Iniciar Sesión — PharmaCRM</title>
<link rel="stylesheet" href="/hospital/public/css/styles.css">
<link rel="stylesheet" href="https://cdnjs.cloudflare.com/ajax/libs/font-awesome/6.5.1/css/all.min.css">
</head>
<body>
<div class="login-wrapper">
<div class="login-card">
<div class="logo">
<div style="font-size:48px;margin-bottom:12px"><i class="fas fa-prescription-bottl
  User variables:
    target: http://localhost/hospital
    $environment: undefined
    $testId: tyrwb_hf3cergm9paphrkje9z4gkrz7e9jf_7x9j
    $dirname: tests
    $scenarioFile: C:\wamp64\www\hospital\mi-qa\tests\escenarios.yaml
    username: vendedor1
    password: vendedor123
    nombre_medicamento: losartan
    cliente_id: 7
    $uuid: 13ac0490-a0f0-4d07-916a-d49485d3468a
* POST /hospital/?route=auth&action=login 

  not ok statusCode 200 
  expected: 302
       got: 200
  Request params:
    http://localhost/hospital/?route=auth&action=login
    ""
  Headers:
  date: Wed, 06 May 2026 16:12:32 GMT
  server: Apache/2.4.65 (Win64) PHP/8.3.28 mod_fcgid/2.3.10-dev
  x-powered-by: PHP/8.3.28
  expires: Thu, 19 Nov 1981 08:52:00 GMT
  cache-control: no-store, no-cache, must-revalidate
  pragma: no-cache
  content-length: 1624
  keep-alive: timeout=5, max=97
  connection: Keep-Alive
  content-type: text/html; charset=UTF-8
  Body:
<!DOCTYPE html>
<html lang="es">
<head>
<meta charset="UTF-8">
<meta name="viewport" content="width=device-width,initial-scale=1.0">
<title>Iniciar Sesión — PharmaCRM</title>
<link rel="stylesheet" href="/hospital/public/css/styles.css">
<link rel="stylesheet" href="https://cdnjs.cloudflare.com/ajax/libs/font-awesome/6.5.1/css/all.min.css">
</head>
<body>
<div class="login-wrapper">
<div class="login-card">
<div class="logo">
<div style="font-size:48px;margin-bottom:12px"><i class="fas fa-prescription-bottl
  User variables:
    target: http://localhost/hospital
    $environment: undefined
    $testId: tyrwb_hf3cergm9paphrkje9z4gkrz7e9jf_7x9j
    $dirname: tests
    $scenarioFile: C:\wamp64\www\hospital\mi-qa\tests\escenarios.yaml
    username: admin
    password: admin
    nombre_medicamento: ibuprofeno
    cliente_id: 5
    $uuid: 32b20594-b6bf-4101-918c-aa0f4efa0b87
* GET /hospital/?route=home 

  ok statusCode 200 
* GET /hospital/?route=login 

  ok statusCode 200 
* GET /hospital/?route=login 

  ok statusCode 200 
* GET /hospital/?route=home 

  ok statusCode 200 
* GET /hospital/?route=login 

  ok statusCode 200 
* POST /hospital/?route=auth&action=login 

  not ok statusCode 200 
  expected: 302
       got: 200
  Request params:
    http://localhost/hospital/?route=auth&action=login
    ""
  Headers:
  date: Wed, 06 May 2026 16:12:32 GMT
  server: Apache/2.4.65 (Win64) PHP/8.3.28 mod_fcgid/2.3.10-dev
  x-powered-by: PHP/8.3.28
  expires: Thu, 19 Nov 1981 08:52:00 GMT
  cache-control: no-store, no-cache, must-revalidate
  pragma: no-cache
  content-length: 1624
  keep-alive: timeout=5, max=97
  connection: Keep-Alive
  content-type: text/html; charset=UTF-8
  Body:
<!DOCTYPE html>
<html lang="es">
<head>
<meta charset="UTF-8">
<meta name="viewport" content="width=device-width,initial-scale=1.0">
<title>Iniciar Sesión — PharmaCRM</title>
<link rel="stylesheet" href="/hospital/public/css/styles.css">
<link rel="stylesheet" href="https://cdnjs.cloudflare.com/ajax/libs/font-awesome/6.5.1/css/all.min.css">
</head>
<body>
<div class="login-wrapper">
<div class="login-card">
<div class="logo">
<div style="font-size:48px;margin-bottom:12px"><i class="fas fa-prescription-bottl
  User variables:
    target: http://localhost/hospital
    $environment: undefined
    $testId: tyrwb_hf3cergm9paphrkje9z4gkrz7e9jf_7x9j
    $dirname: tests
    $scenarioFile: C:\wamp64\www\hospital\mi-qa\tests\escenarios.yaml
    username: supervisor1
    password: supervisor123
    nombre_medicamento: enalapril
    cliente_id: 10
    $uuid: e62a2423-dad1-49a9-8100-c4ae09c41683
* POST /hospital/?route=auth&action=login 

  not ok statusCode 200 
  expected: 302
       got: 200
  Request params:
    http://localhost/hospital/?route=auth&action=login
    ""
  Headers:
  date: Wed, 06 May 2026 16:12:32 GMT
  server: Apache/2.4.65 (Win64) PHP/8.3.28 mod_fcgid/2.3.10-dev
  x-powered-by: PHP/8.3.28
  expires: Thu, 19 Nov 1981 08:52:00 GMT
  cache-control: no-store, no-cache, must-revalidate
  pragma: no-cache
  content-length: 1624
  keep-alive: timeout=5, max=97
  connection: Keep-Alive
  content-type: text/html; charset=UTF-8
  Body:
<!DOCTYPE html>
<html lang="es">
<head>
<meta charset="UTF-8">
<meta name="viewport" content="width=device-width,initial-scale=1.0">
<title>Iniciar Sesión — PharmaCRM</title>
<link rel="stylesheet" href="/hospital/public/css/styles.css">
<link rel="stylesheet" href="https://cdnjs.cloudflare.com/ajax/libs/font-awesome/6.5.1/css/all.min.css">
</head>
<body>
<div class="login-wrapper">
<div class="login-card">
<div class="logo">
<div style="font-size:48px;margin-bottom:12px"><i class="fas fa-prescription-bottl
  User variables:
    target: http://localhost/hospital
    $environment: undefined
    $testId: tyrwb_hf3cergm9paphrkje9z4gkrz7e9jf_7x9j
    $dirname: tests
    $scenarioFile: C:\wamp64\www\hospital\mi-qa\tests\escenarios.yaml
    username: supervisor1
    password: supervisor123
    nombre_medicamento: nombre_medicamento
    cliente_id: 2
    $uuid: aa80ced6-810a-43c9-b19f-69202095dcc0
* GET /hospital/?route=home 

  ok statusCode 200 
* GET /hospital/?route=login 

  ok statusCode 200 
* GET /hospital/?route=home 

  ok statusCode 200 
* POST /hospital/?route=auth&action=login 

  not ok statusCode 200 
  expected: 302
       got: 200
  Request params:
    http://localhost/hospital/?route=auth&action=login
    ""
  Headers:
  date: Wed, 06 May 2026 16:12:32 GMT
  server: Apache/2.4.65 (Win64) PHP/8.3.28 mod_fcgid/2.3.10-dev
  x-powered-by: PHP/8.3.28
  expires: Thu, 19 Nov 1981 08:52:00 GMT
  cache-control: no-store, no-cache, must-revalidate
  pragma: no-cache
  content-length: 1624
  keep-alive: timeout=5, max=97
  connection: Keep-Alive
  content-type: text/html; charset=UTF-8
  Body:
<!DOCTYPE html>
<html lang="es">
<head>
<meta charset="UTF-8">
<meta name="viewport" content="width=device-width,initial-scale=1.0">
<title>Iniciar Sesión — PharmaCRM</title>
<link rel="stylesheet" href="/hospital/public/css/styles.css">
<link rel="stylesheet" href="https://cdnjs.cloudflare.com/ajax/libs/font-awesome/6.5.1/css/all.min.css">
</head>
<body>
<div class="login-wrapper">
<div class="login-card">
<div class="logo">
<div style="font-size:48px;margin-bottom:12px"><i class="fas fa-prescription-bottl
  User variables:
    target: http://localhost/hospital
    $environment: undefined
    $testId: tyrwb_hf3cergm9paphrkje9z4gkrz7e9jf_7x9j
    $dirname: tests
    $scenarioFile: C:\wamp64\www\hospital\mi-qa\tests\escenarios.yaml
    username: supervisor1
    password: supervisor123
    nombre_medicamento: ibuprofeno
    cliente_id: 2
    $uuid: 7df90766-e5aa-43ce-b466-1fd34dd99c0f
* GET /hospital/?route=home 

  ok statusCode 200 
* GET /hospital/?route=login 

  ok statusCode 200 
* POST /hospital/?route=auth&action=login 

  not ok statusCode 200 
  expected: 302
       got: 200
  Request params:
    http://localhost/hospital/?route=auth&action=login
    ""
  Headers:
  date: Wed, 06 May 2026 16:12:32 GMT
  server: Apache/2.4.65 (Win64) PHP/8.3.28 mod_fcgid/2.3.10-dev
  x-powered-by: PHP/8.3.28
  expires: Thu, 19 Nov 1981 08:52:00 GMT
  cache-control: no-store, no-cache, must-revalidate
  pragma: no-cache
  content-length: 1624
  keep-alive: timeout=5, max=97
  connection: Keep-Alive
  content-type: text/html; charset=UTF-8
  Body:
<!DOCTYPE html>
<html lang="es">
<head>
<meta charset="UTF-8">
<meta name="viewport" content="width=device-width,initial-scale=1.0">
<title>Iniciar Sesión — PharmaCRM</title>
<link rel="stylesheet" href="/hospital/public/css/styles.css">
<link rel="stylesheet" href="https://cdnjs.cloudflare.com/ajax/libs/font-awesome/6.5.1/css/all.min.css">
</head>
<body>
<div class="login-wrapper">
<div class="login-card">
<div class="logo">
<div style="font-size:48px;margin-bottom:12px"><i class="fas fa-prescription-bottl
  User variables:
    target: http://localhost/hospital
    $environment: undefined
    $testId: tyrwb_hf3cergm9paphrkje9z4gkrz7e9jf_7x9j
    $dirname: tests
    $scenarioFile: C:\wamp64\www\hospital\mi-qa\tests\escenarios.yaml
    username: tester
    password: tester123
    nombre_medicamento: loratadina
    cliente_id: 7
    $uuid: 78fe27d1-477e-49b7-85d2-901f2a0649ed
* GET /hospital/?route=home 

  ok statusCode 200 
* GET /hospital/?route=login 

  ok statusCode 200 
* POST /hospital/?route=auth&action=login 

  not ok statusCode 200 
  expected: 302
       got: 200
  Request params:
    http://localhost/hospital/?route=auth&action=login
    ""
  Headers:
  date: Wed, 06 May 2026 16:12:33 GMT
  server: Apache/2.4.65 (Win64) PHP/8.3.28 mod_fcgid/2.3.10-dev
  x-powered-by: PHP/8.3.28
  expires: Thu, 19 Nov 1981 08:52:00 GMT
  cache-control: no-store, no-cache, must-revalidate
  pragma: no-cache
  content-length: 1624
  keep-alive: timeout=5, max=97
  connection: Keep-Alive
  content-type: text/html; charset=UTF-8
  Body:
<!DOCTYPE html>
<html lang="es">
<head>
<meta charset="UTF-8">
<meta name="viewport" content="width=device-width,initial-scale=1.0">
<title>Iniciar Sesión — PharmaCRM</title>
<link rel="stylesheet" href="/hospital/public/css/styles.css">
<link rel="stylesheet" href="https://cdnjs.cloudflare.com/ajax/libs/font-awesome/6.5.1/css/all.min.css">
</head>
<body>
<div class="login-wrapper">
<div class="login-card">
<div class="logo">
<div style="font-size:48px;margin-bottom:12px"><i class="fas fa-prescription-bottl
  User variables:
    target: http://localhost/hospital
    $environment: undefined
    $testId: tyrwb_hf3cergm9paphrkje9z4gkrz7e9jf_7x9j
    $dirname: tests
    $scenarioFile: C:\wamp64\www\hospital\mi-qa\tests\escenarios.yaml
    username: tester
    password: tester123
    nombre_medicamento: nombre_medicamento
    cliente_id: 8
    $uuid: 20371272-ba7a-4ccb-adc8-da02a07aaeb1
* GET /hospital/?route=home 

  ok statusCode 200 
* GET /hospital/?route=login 

  ok statusCode 200 
* POST /hospital/?route=auth&action=login 

  not ok statusCode 200 
  expected: 302
       got: 200
  Request params:
    http://localhost/hospital/?route=auth&action=login
    ""
  Headers:
  date: Wed, 06 May 2026 16:12:33 GMT
  server: Apache/2.4.65 (Win64) PHP/8.3.28 mod_fcgid/2.3.10-dev
  x-powered-by: PHP/8.3.28
  expires: Thu, 19 Nov 1981 08:52:00 GMT
  cache-control: no-store, no-cache, must-revalidate
  pragma: no-cache
  content-length: 1624
  keep-alive: timeout=5, max=97
  connection: Keep-Alive
  content-type: text/html; charset=UTF-8
  Body:
<!DOCTYPE html>
<html lang="es">
<head>
<meta charset="UTF-8">
<meta name="viewport" content="width=device-width,initial-scale=1.0">
<title>Iniciar Sesión — PharmaCRM</title>
<link rel="stylesheet" href="/hospital/public/css/styles.css">
<link rel="stylesheet" href="https://cdnjs.cloudflare.com/ajax/libs/font-awesome/6.5.1/css/all.min.css">
</head>
<body>
<div class="login-wrapper">
<div class="login-card">
<div class="logo">
<div style="font-size:48px;margin-bottom:12px"><i class="fas fa-prescription-bottl
  User variables:
    target: http://localhost/hospital
    $environment: undefined
    $testId: tyrwb_hf3cergm9paphrkje9z4gkrz7e9jf_7x9j
    $dirname: tests
    $scenarioFile: C:\wamp64\www\hospital\mi-qa\tests\escenarios.yaml
    username: admin
    password: admin
    nombre_medicamento: nombre_medicamento
    cliente_id: 6
    $uuid: 33c08cd8-8b1a-4ec2-8252-1194494fa599
* GET /hospital/?route=login 

  ok statusCode 200 
* GET /hospital/?route=home 

  ok statusCode 200 
* POST /hospital/?route=auth&action=login 

  not ok statusCode 200 
  expected: 302
       got: 200
  Request params:
    http://localhost/hospital/?route=auth&action=login
    ""
  Headers:
  date: Wed, 06 May 2026 16:12:33 GMT
  server: Apache/2.4.65 (Win64) PHP/8.3.28 mod_fcgid/2.3.10-dev
  x-powered-by: PHP/8.3.28
  expires: Thu, 19 Nov 1981 08:52:00 GMT
  cache-control: no-store, no-cache, must-revalidate
  pragma: no-cache
  content-length: 1624
  keep-alive: timeout=5, max=97
  connection: Keep-Alive
  content-type: text/html; charset=UTF-8
  Body:
<!DOCTYPE html>
<html lang="es">
<head>
<meta charset="UTF-8">
<meta name="viewport" content="width=device-width,initial-scale=1.0">
<title>Iniciar Sesión — PharmaCRM</title>
<link rel="stylesheet" href="/hospital/public/css/styles.css">
<link rel="stylesheet" href="https://cdnjs.cloudflare.com/ajax/libs/font-awesome/6.5.1/css/all.min.css">
</head>
<body>
<div class="login-wrapper">
<div class="login-card">
<div class="logo">
<div style="font-size:48px;margin-bottom:12px"><i class="fas fa-prescription-bottl
  User variables:
    target: http://localhost/hospital
    $environment: undefined
    $testId: tyrwb_hf3cergm9paphrkje9z4gkrz7e9jf_7x9j
    $dirname: tests
    $scenarioFile: C:\wamp64\www\hospital\mi-qa\tests\escenarios.yaml
    username: admin
    password: admin
    nombre_medicamento: ibuprofeno
    cliente_id: 1
    $uuid: 64856283-6283-4e85-a074-99c2ec4f3c13
* GET /hospital/?route=home 

  ok statusCode 200 
* GET /hospital/?route=login 

  ok statusCode 200 
* POST /hospital/?route=auth&action=login 

  not ok statusCode 200 
  expected: 302
       got: 200
  Request params:
    http://localhost/hospital/?route=auth&action=login
    ""
  Headers:
  date: Wed, 06 May 2026 16:12:33 GMT
  server: Apache/2.4.65 (Win64) PHP/8.3.28 mod_fcgid/2.3.10-dev
  x-powered-by: PHP/8.3.28
  expires: Thu, 19 Nov 1981 08:52:00 GMT
  cache-control: no-store, no-cache, must-revalidate
  pragma: no-cache
  content-length: 1624
  keep-alive: timeout=5, max=97
  connection: Keep-Alive
  content-type: text/html; charset=UTF-8
  Body:
<!DOCTYPE html>
<html lang="es">
<head>
<meta charset="UTF-8">
<meta name="viewport" content="width=device-width,initial-scale=1.0">
<title>Iniciar Sesión — PharmaCRM</title>
<link rel="stylesheet" href="/hospital/public/css/styles.css">
<link rel="stylesheet" href="https://cdnjs.cloudflare.com/ajax/libs/font-awesome/6.5.1/css/all.min.css">
</head>
<body>
<div class="login-wrapper">
<div class="login-card">
<div class="logo">
<div style="font-size:48px;margin-bottom:12px"><i class="fas fa-prescription-bottl
  User variables:
    target: http://localhost/hospital
    $environment: undefined
    $testId: tyrwb_hf3cergm9paphrkje9z4gkrz7e9jf_7x9j
    $dirname: tests
    $scenarioFile: C:\wamp64\www\hospital\mi-qa\tests\escenarios.yaml
    username: vendedor1
    password: vendedor123
    nombre_medicamento: ibuprofeno
    cliente_id: 4
    $uuid: da166b66-ceb1-4662-a416-1fde5ef3bbfe
* GET /hospital/?route=home 

  ok statusCode 200 
* GET /hospital/?route=login 

  ok statusCode 200 
* GET /hospital/?route=home 

  ok statusCode 200 
* POST /hospital/?route=auth&action=login 

  not ok statusCode 200 
  expected: 302
       got: 200
  Request params:
    http://localhost/hospital/?route=auth&action=login
    ""
  Headers:
  date: Wed, 06 May 2026 16:12:33 GMT
  server: Apache/2.4.65 (Win64) PHP/8.3.28 mod_fcgid/2.3.10-dev
  x-powered-by: PHP/8.3.28
  expires: Thu, 19 Nov 1981 08:52:00 GMT
  cache-control: no-store, no-cache, must-revalidate
  pragma: no-cache
  content-length: 1624
  keep-alive: timeout=5, max=97
  connection: Keep-Alive
  content-type: text/html; charset=UTF-8
  Body:
<!DOCTYPE html>
<html lang="es">
<head>
<meta charset="UTF-8">
<meta name="viewport" content="width=device-width,initial-scale=1.0">
<title>Iniciar Sesión — PharmaCRM</title>
<link rel="stylesheet" href="/hospital/public/css/styles.css">
<link rel="stylesheet" href="https://cdnjs.cloudflare.com/ajax/libs/font-awesome/6.5.1/css/all.min.css">
</head>
<body>
<div class="login-wrapper">
<div class="login-card">
<div class="logo">
<div style="font-size:48px;margin-bottom:12px"><i class="fas fa-prescription-bottl
  User variables:
    target: http://localhost/hospital
    $environment: undefined
    $testId: tyrwb_hf3cergm9paphrkje9z4gkrz7e9jf_7x9j
    $dirname: tests
    $scenarioFile: C:\wamp64\www\hospital\mi-qa\tests\escenarios.yaml
    username: username
    password: password
    nombre_medicamento: ibuprofeno
    cliente_id: 3
    $uuid: 6ad62378-57b7-4125-b96e-86b558adcf37
* POST /hospital/?route=auth&action=login 

  not ok statusCode 200 
  expected: 302
       got: 200
  Request params:
    http://localhost/hospital/?route=auth&action=login
    ""
  Headers:
  date: Wed, 06 May 2026 16:12:33 GMT
  server: Apache/2.4.65 (Win64) PHP/8.3.28 mod_fcgid/2.3.10-dev
  x-powered-by: PHP/8.3.28
  expires: Thu, 19 Nov 1981 08:52:00 GMT
  cache-control: no-store, no-cache, must-revalidate
  pragma: no-cache
  content-length: 1624
  keep-alive: timeout=5, max=97
  connection: Keep-Alive
  content-type: text/html; charset=UTF-8
  Body:
<!DOCTYPE html>
<html lang="es">
<head>
<meta charset="UTF-8">
<meta name="viewport" content="width=device-width,initial-scale=1.0">
<title>Iniciar Sesión — PharmaCRM</title>
<link rel="stylesheet" href="/hospital/public/css/styles.css">
<link rel="stylesheet" href="https://cdnjs.cloudflare.com/ajax/libs/font-awesome/6.5.1/css/all.min.css">
</head>
<body>
<div class="login-wrapper">
<div class="login-card">
<div class="logo">
<div style="font-size:48px;margin-bottom:12px"><i class="fas fa-prescription-bottl
  User variables:
    target: http://localhost/hospital
    $environment: undefined
    $testId: tyrwb_hf3cergm9paphrkje9z4gkrz7e9jf_7x9j
    $dirname: tests
    $scenarioFile: C:\wamp64\www\hospital\mi-qa\tests\escenarios.yaml
    username: vendedor1
    password: vendedor123
    nombre_medicamento: nombre_medicamento
    cliente_id: 6
    $uuid: 5cc5bdf2-a6c2-45ee-81a7-934c8a26ae70
* GET /hospital/?route=login 

  ok statusCode 200 
* GET /hospital/?route=home 

  ok statusCode 200 
* GET /hospital/?route=login 

  ok statusCode 200 
* POST /hospital/?route=auth&action=login 

  not ok statusCode 200 
  expected: 302
       got: 200
  Request params:
    http://localhost/hospital/?route=auth&action=login
    ""
  Headers:
  date: Wed, 06 May 2026 16:12:33 GMT
  server: Apache/2.4.65 (Win64) PHP/8.3.28 mod_fcgid/2.3.10-dev
  x-powered-by: PHP/8.3.28
  expires: Thu, 19 Nov 1981 08:52:00 GMT
  cache-control: no-store, no-cache, must-revalidate
  pragma: no-cache
  content-length: 1624
  keep-alive: timeout=5, max=97
  connection: Keep-Alive
  content-type: text/html; charset=UTF-8
  Body:
<!DOCTYPE html>
<html lang="es">
<head>
<meta charset="UTF-8">
<meta name="viewport" content="width=device-width,initial-scale=1.0">
<title>Iniciar Sesión — PharmaCRM</title>
<link rel="stylesheet" href="/hospital/public/css/styles.css">
<link rel="stylesheet" href="https://cdnjs.cloudflare.com/ajax/libs/font-awesome/6.5.1/css/all.min.css">
</head>
<body>
<div class="login-wrapper">
<div class="login-card">
<div class="logo">
<div style="font-size:48px;margin-bottom:12px"><i class="fas fa-prescription-bottl
  User variables:
    target: http://localhost/hospital
    $environment: undefined
    $testId: tyrwb_hf3cergm9paphrkje9z4gkrz7e9jf_7x9j
    $dirname: tests
    $scenarioFile: C:\wamp64\www\hospital\mi-qa\tests\escenarios.yaml
    username: tester
    password: tester123
    nombre_medicamento: enalapril
    cliente_id: 5
    $uuid: 83976439-d301-4413-a7f9-4e7b743afadd
* GET /hospital/?route=home 

  ok statusCode 200 
* GET /hospital/?route=login 

  ok statusCode 200 
* POST /hospital/?route=auth&action=login 

  not ok statusCode 200 
  expected: 302
       got: 200
  Request params:
    http://localhost/hospital/?route=auth&action=login
    ""
  Headers:
  date: Wed, 06 May 2026 16:12:33 GMT
  server: Apache/2.4.65 (Win64) PHP/8.3.28 mod_fcgid/2.3.10-dev
  x-powered-by: PHP/8.3.28
  expires: Thu, 19 Nov 1981 08:52:00 GMT
  cache-control: no-store, no-cache, must-revalidate
  pragma: no-cache
  content-length: 1624
  keep-alive: timeout=5, max=97
  connection: Keep-Alive
  content-type: text/html; charset=UTF-8
  Body:
<!DOCTYPE html>
<html lang="es">
<head>
<meta charset="UTF-8">
<meta name="viewport" content="width=device-width,initial-scale=1.0">
<title>Iniciar Sesión — PharmaCRM</title>
<link rel="stylesheet" href="/hospital/public/css/styles.css">
<link rel="stylesheet" href="https://cdnjs.cloudflare.com/ajax/libs/font-awesome/6.5.1/css/all.min.css">
</head>
<body>
<div class="login-wrapper">
<div class="login-card">
<div class="logo">
<div style="font-size:48px;margin-bottom:12px"><i class="fas fa-prescription-bottl
  User variables:
    target: http://localhost/hospital
    $environment: undefined
    $testId: tyrwb_hf3cergm9paphrkje9z4gkrz7e9jf_7x9j
    $dirname: tests
    $scenarioFile: C:\wamp64\www\hospital\mi-qa\tests\escenarios.yaml
    username: admin
    password: admin
    nombre_medicamento: loratadina
    cliente_id: 5
    $uuid: f246eb54-7548-47cb-8954-884b603df169
* GET /hospital/?route=login 

  ok statusCode 200 
* GET /hospital/?route=home 

  ok statusCode 200 
* POST /hospital/?route=auth&action=login 

  not ok statusCode 200 
  expected: 302
       got: 200
  Request params:
    http://localhost/hospital/?route=auth&action=login
    ""
  Headers:
  date: Wed, 06 May 2026 16:12:34 GMT
  server: Apache/2.4.65 (Win64) PHP/8.3.28 mod_fcgid/2.3.10-dev
  x-powered-by: PHP/8.3.28
  expires: Thu, 19 Nov 1981 08:52:00 GMT
  cache-control: no-store, no-cache, must-revalidate
  pragma: no-cache
  content-length: 1624
  keep-alive: timeout=5, max=97
  connection: Keep-Alive
  content-type: text/html; charset=UTF-8
  Body:
<!DOCTYPE html>
<html lang="es">
<head>
<meta charset="UTF-8">
<meta name="viewport" content="width=device-width,initial-scale=1.0">
<title>Iniciar Sesión — PharmaCRM</title>
<link rel="stylesheet" href="/hospital/public/css/styles.css">
<link rel="stylesheet" href="https://cdnjs.cloudflare.com/ajax/libs/font-awesome/6.5.1/css/all.min.css">
</head>
<body>
<div class="login-wrapper">
<div class="login-card">
<div class="logo">
<div style="font-size:48px;margin-bottom:12px"><i class="fas fa-prescription-bottl
  User variables:
    target: http://localhost/hospital
    $environment: undefined
    $testId: tyrwb_hf3cergm9paphrkje9z4gkrz7e9jf_7x9j
    $dirname: tests
    $scenarioFile: C:\wamp64\www\hospital\mi-qa\tests\escenarios.yaml
    username: vendedor1
    password: vendedor123
    nombre_medicamento: acetaminofen
    cliente_id: 2
    $uuid: 09701e7f-f9cd-4bc4-b0d0-4db66ccc4ede
* GET /hospital/?route=login 

  ok statusCode 200 
* GET /hospital/?route=home 

  ok statusCode 200 
* POST /hospital/?route=auth&action=login 

  not ok statusCode 200 
  expected: 302
       got: 200
  Request params:
    http://localhost/hospital/?route=auth&action=login
    ""
  Headers:
  date: Wed, 06 May 2026 16:12:34 GMT
  server: Apache/2.4.65 (Win64) PHP/8.3.28 mod_fcgid/2.3.10-dev
  x-powered-by: PHP/8.3.28
  expires: Thu, 19 Nov 1981 08:52:00 GMT
  cache-control: no-store, no-cache, must-revalidate
  pragma: no-cache
  content-length: 1624
  keep-alive: timeout=5, max=97
  connection: Keep-Alive
  content-type: text/html; charset=UTF-8
  Body:
<!DOCTYPE html>
<html lang="es">
<head>
<meta charset="UTF-8">
<meta name="viewport" content="width=device-width,initial-scale=1.0">
<title>Iniciar Sesión — PharmaCRM</title>
<link rel="stylesheet" href="/hospital/public/css/styles.css">
<link rel="stylesheet" href="https://cdnjs.cloudflare.com/ajax/libs/font-awesome/6.5.1/css/all.min.css">
</head>
<body>
<div class="login-wrapper">
<div class="login-card">
<div class="logo">
<div style="font-size:48px;margin-bottom:12px"><i class="fas fa-prescription-bottl
  User variables:
    target: http://localhost/hospital
    $environment: undefined
    $testId: tyrwb_hf3cergm9paphrkje9z4gkrz7e9jf_7x9j
    $dirname: tests
    $scenarioFile: C:\wamp64\www\hospital\mi-qa\tests\escenarios.yaml
    username: vendedor1
    password: vendedor123
    nombre_medicamento: acetaminofen
    cliente_id: 4
    $uuid: e3842890-5247-446d-9a34-0f1ef4995952
* GET /hospital/?route=home 

  ok statusCode 200 
* POST /hospital/?route=auth&action=login 

  not ok statusCode 200 
  expected: 302
       got: 200
  Request params:
    http://localhost/hospital/?route=auth&action=login
    ""
  Headers:
  date: Wed, 06 May 2026 16:12:34 GMT
  server: Apache/2.4.65 (Win64) PHP/8.3.28 mod_fcgid/2.3.10-dev
  x-powered-by: PHP/8.3.28
  expires: Thu, 19 Nov 1981 08:52:00 GMT
  cache-control: no-store, no-cache, must-revalidate
  pragma: no-cache
  content-length: 1624
  keep-alive: timeout=5, max=97
  connection: Keep-Alive
  content-type: text/html; charset=UTF-8
  Body:
<!DOCTYPE html>
<html lang="es">
<head>
<meta charset="UTF-8">
<meta name="viewport" content="width=device-width,initial-scale=1.0">
<title>Iniciar Sesión — PharmaCRM</title>
<link rel="stylesheet" href="/hospital/public/css/styles.css">
<link rel="stylesheet" href="https://cdnjs.cloudflare.com/ajax/libs/font-awesome/6.5.1/css/all.min.css">
</head>
<body>
<div class="login-wrapper">
<div class="login-card">
<div class="logo">
<div style="font-size:48px;margin-bottom:12px"><i class="fas fa-prescription-bottl
  User variables:
    target: http://localhost/hospital
    $environment: undefined
    $testId: tyrwb_hf3cergm9paphrkje9z4gkrz7e9jf_7x9j
    $dirname: tests
    $scenarioFile: C:\wamp64\www\hospital\mi-qa\tests\escenarios.yaml
    username: admin
    password: admin
    nombre_medicamento: losartan
    cliente_id: 5
    $uuid: 45f47e44-a161-40cc-9030-104648c21690
* GET /hospital/?route=login 

  ok statusCode 200 
* GET /hospital/?route=login 

  ok statusCode 200 
* GET /hospital/?route=home 

  ok statusCode 200 
* POST /hospital/?route=auth&action=login 

  not ok statusCode 200 
  expected: 302
       got: 200
  Request params:
    http://localhost/hospital/?route=auth&action=login
    ""
  Headers:
  date: Wed, 06 May 2026 16:12:34 GMT
  server: Apache/2.4.65 (Win64) PHP/8.3.28 mod_fcgid/2.3.10-dev
  x-powered-by: PHP/8.3.28
  expires: Thu, 19 Nov 1981 08:52:00 GMT
  cache-control: no-store, no-cache, must-revalidate
  pragma: no-cache
  content-length: 1624
  keep-alive: timeout=5, max=97
  connection: Keep-Alive
  content-type: text/html; charset=UTF-8
  Body:
<!DOCTYPE html>
<html lang="es">
<head>
<meta charset="UTF-8">
<meta name="viewport" content="width=device-width,initial-scale=1.0">
<title>Iniciar Sesión — PharmaCRM</title>
<link rel="stylesheet" href="/hospital/public/css/styles.css">
<link rel="stylesheet" href="https://cdnjs.cloudflare.com/ajax/libs/font-awesome/6.5.1/css/all.min.css">
</head>
<body>
<div class="login-wrapper">
<div class="login-card">
<div class="logo">
<div style="font-size:48px;margin-bottom:12px"><i class="fas fa-prescription-bottl
  User variables:
    target: http://localhost/hospital
    $environment: undefined
    $testId: tyrwb_hf3cergm9paphrkje9z4gkrz7e9jf_7x9j
    $dirname: tests
    $scenarioFile: C:\wamp64\www\hospital\mi-qa\tests\escenarios.yaml
    username: admin
    password: admin
    nombre_medicamento: nombre_medicamento
    cliente_id: 7
    $uuid: 2ac41d83-b1ae-46cf-9524-7b6261a864b8
* GET /hospital/?route=home 

  ok statusCode 200 
* GET /hospital/?route=login 

  ok statusCode 200 
* GET /hospital/?route=home 

  ok statusCode 200 
* POST /hospital/?route=auth&action=login 

  not ok statusCode 200 
  expected: 302
       got: 200
  Request params:
    http://localhost/hospital/?route=auth&action=login
    ""
  Headers:
  date: Wed, 06 May 2026 16:12:34 GMT
  server: Apache/2.4.65 (Win64) PHP/8.3.28 mod_fcgid/2.3.10-dev
  x-powered-by: PHP/8.3.28
  expires: Thu, 19 Nov 1981 08:52:00 GMT
  cache-control: no-store, no-cache, must-revalidate
  pragma: no-cache
  content-length: 1624
  keep-alive: timeout=5, max=97
  connection: Keep-Alive
  content-type: text/html; charset=UTF-8
  Body:
<!DOCTYPE html>
<html lang="es">
<head>
<meta charset="UTF-8">
<meta name="viewport" content="width=device-width,initial-scale=1.0">
<title>Iniciar Sesión — PharmaCRM</title>
<link rel="stylesheet" href="/hospital/public/css/styles.css">
<link rel="stylesheet" href="https://cdnjs.cloudflare.com/ajax/libs/font-awesome/6.5.1/css/all.min.css">
</head>
<body>
<div class="login-wrapper">
<div class="login-card">
<div class="logo">
<div style="font-size:48px;margin-bottom:12px"><i class="fas fa-prescription-bottl
  User variables:
    target: http://localhost/hospital
    $environment: undefined
    $testId: tyrwb_hf3cergm9paphrkje9z4gkrz7e9jf_7x9j
    $dirname: tests
    $scenarioFile: C:\wamp64\www\hospital\mi-qa\tests\escenarios.yaml
    username: tester
    password: tester123
    nombre_medicamento: omeprazol
    cliente_id: 2
    $uuid: 96af7b8c-060a-4cc9-ac5c-d5a77e6da5f8
* GET /hospital/?route=login 

  ok statusCode 200 
* POST /hospital/?route=auth&action=login 

  not ok statusCode 200 
  expected: 302
       got: 200
  Request params:
    http://localhost/hospital/?route=auth&action=login
    ""
  Headers:
  date: Wed, 06 May 2026 16:12:34 GMT
  server: Apache/2.4.65 (Win64) PHP/8.3.28 mod_fcgid/2.3.10-dev
  x-powered-by: PHP/8.3.28
  expires: Thu, 19 Nov 1981 08:52:00 GMT
  cache-control: no-store, no-cache, must-revalidate
  pragma: no-cache
  content-length: 1624
  keep-alive: timeout=5, max=97
  connection: Keep-Alive
  content-type: text/html; charset=UTF-8
  Body:
<!DOCTYPE html>
<html lang="es">
<head>
<meta charset="UTF-8">
<meta name="viewport" content="width=device-width,initial-scale=1.0">
<title>Iniciar Sesión — PharmaCRM</title>
<link rel="stylesheet" href="/hospital/public/css/styles.css">
<link rel="stylesheet" href="https://cdnjs.cloudflare.com/ajax/libs/font-awesome/6.5.1/css/all.min.css">
</head>
<body>
<div class="login-wrapper">
<div class="login-card">
<div class="logo">
<div style="font-size:48px;margin-bottom:12px"><i class="fas fa-prescription-bottl
  User variables:
    target: http://localhost/hospital
    $environment: undefined
    $testId: tyrwb_hf3cergm9paphrkje9z4gkrz7e9jf_7x9j
    $dirname: tests
    $scenarioFile: C:\wamp64\www\hospital\mi-qa\tests\escenarios.yaml
    username: supervisor1
    password: supervisor123
    nombre_medicamento: salbutamol
    cliente_id: 4
    $uuid: ee61b917-7243-4290-86e2-3e3585d74c63
* GET /hospital/?route=home 

  ok statusCode 200 
* GET /hospital/?route=login 

  ok statusCode 200 
* POST /hospital/?route=auth&action=login 

  not ok statusCode 200 
  expected: 302
       got: 200
  Request params:
    http://localhost/hospital/?route=auth&action=login
    ""
  Headers:
  date: Wed, 06 May 2026 16:12:34 GMT
  server: Apache/2.4.65 (Win64) PHP/8.3.28 mod_fcgid/2.3.10-dev
  x-powered-by: PHP/8.3.28
  expires: Thu, 19 Nov 1981 08:52:00 GMT
  cache-control: no-store, no-cache, must-revalidate
  pragma: no-cache
  content-length: 1624
  keep-alive: timeout=5, max=97
  connection: Keep-Alive
  content-type: text/html; charset=UTF-8
  Body:
<!DOCTYPE html>
<html lang="es">
<head>
<meta charset="UTF-8">
<meta name="viewport" content="width=device-width,initial-scale=1.0">
<title>Iniciar Sesión — PharmaCRM</title>
<link rel="stylesheet" href="/hospital/public/css/styles.css">
<link rel="stylesheet" href="https://cdnjs.cloudflare.com/ajax/libs/font-awesome/6.5.1/css/all.min.css">
</head>
<body>
<div class="login-wrapper">
<div class="login-card">
<div class="logo">
<div style="font-size:48px;margin-bottom:12px"><i class="fas fa-prescription-bottl
  User variables:
    target: http://localhost/hospital
    $environment: undefined
    $testId: tyrwb_hf3cergm9paphrkje9z4gkrz7e9jf_7x9j
    $dirname: tests
    $scenarioFile: C:\wamp64\www\hospital\mi-qa\tests\escenarios.yaml
    username: vendedor1
    password: vendedor123
    nombre_medicamento: losartan
    cliente_id: cliente_id
    $uuid: 9e27707b-5dc7-4bdf-9f39-6eb70e1b5a60
* GET /hospital/?route=login 

  ok statusCode 200 
* GET /hospital/?route=home 

  ok statusCode 200 
* POST /hospital/?route=auth&action=login 

  not ok statusCode 200 
  expected: 302
       got: 200
  Request params:
    http://localhost/hospital/?route=auth&action=login
    ""
  Headers:
  date: Wed, 06 May 2026 16:12:35 GMT
  server: Apache/2.4.65 (Win64) PHP/8.3.28 mod_fcgid/2.3.10-dev
  x-powered-by: PHP/8.3.28
  expires: Thu, 19 Nov 1981 08:52:00 GMT
  cache-control: no-store, no-cache, must-revalidate
  pragma: no-cache
  content-length: 1624
  keep-alive: timeout=5, max=97
  connection: Keep-Alive
  content-type: text/html; charset=UTF-8
  Body:
<!DOCTYPE html>
<html lang="es">
<head>
<meta charset="UTF-8">
<meta name="viewport" content="width=device-width,initial-scale=1.0">
<title>Iniciar Sesión — PharmaCRM</title>
<link rel="stylesheet" href="/hospital/public/css/styles.css">
<link rel="stylesheet" href="https://cdnjs.cloudflare.com/ajax/libs/font-awesome/6.5.1/css/all.min.css">
</head>
<body>
<div class="login-wrapper">
<div class="login-card">
<div class="logo">
<div style="font-size:48px;margin-bottom:12px"><i class="fas fa-prescription-bottl
  User variables:
    target: http://localhost/hospital
    $environment: undefined
    $testId: tyrwb_hf3cergm9paphrkje9z4gkrz7e9jf_7x9j
    $dirname: tests
    $scenarioFile: C:\wamp64\www\hospital\mi-qa\tests\escenarios.yaml
    username: supervisor1
    password: supervisor123
    nombre_medicamento: amoxicilina
    cliente_id: 5
    $uuid: e2792715-445a-4c4a-aae9-de1f8cb9b16e
* GET /hospital/?route=home 

  ok statusCode 200 
* GET /hospital/?route=login 

  ok statusCode 200 
* POST /hospital/?route=auth&action=login 

  not ok statusCode 200 
  expected: 302
       got: 200
  Request params:
    http://localhost/hospital/?route=auth&action=login
    ""
  Headers:
  date: Wed, 06 May 2026 16:12:35 GMT
  server: Apache/2.4.65 (Win64) PHP/8.3.28 mod_fcgid/2.3.10-dev
  x-powered-by: PHP/8.3.28
  expires: Thu, 19 Nov 1981 08:52:00 GMT
  cache-control: no-store, no-cache, must-revalidate
  pragma: no-cache
  content-length: 1624
  keep-alive: timeout=5, max=97
  connection: Keep-Alive
  content-type: text/html; charset=UTF-8
  Body:
<!DOCTYPE html>
<html lang="es">
<head>
<meta charset="UTF-8">
<meta name="viewport" content="width=device-width,initial-scale=1.0">
<title>Iniciar Sesión — PharmaCRM</title>
<link rel="stylesheet" href="/hospital/public/css/styles.css">
<link rel="stylesheet" href="https://cdnjs.cloudflare.com/ajax/libs/font-awesome/6.5.1/css/all.min.css">
</head>
<body>
<div class="login-wrapper">
<div class="login-card">
<div class="logo">
<div style="font-size:48px;margin-bottom:12px"><i class="fas fa-prescription-bottl
  User variables:
    target: http://localhost/hospital
    $environment: undefined
    $testId: tyrwb_hf3cergm9paphrkje9z4gkrz7e9jf_7x9j
    $dirname: tests
    $scenarioFile: C:\wamp64\www\hospital\mi-qa\tests\escenarios.yaml
    username: admin
    password: admin
    nombre_medicamento: omeprazol
    cliente_id: 3
    $uuid: 3e592db4-24e6-4376-8c71-895b68c49122
* GET /hospital/?route=home 

  ok statusCode 200 
* POST /hospital/?route=auth&action=login 

  not ok statusCode 200 
  expected: 302
       got: 200
  Request params:
    http://localhost/hospital/?route=auth&action=login
    ""
  Headers:
  date: Wed, 06 May 2026 16:12:35 GMT
  server: Apache/2.4.65 (Win64) PHP/8.3.28 mod_fcgid/2.3.10-dev
  x-powered-by: PHP/8.3.28
  expires: Thu, 19 Nov 1981 08:52:00 GMT
  cache-control: no-store, no-cache, must-revalidate
  pragma: no-cache
  content-length: 1624
  keep-alive: timeout=5, max=97
  connection: Keep-Alive
  content-type: text/html; charset=UTF-8
  Body:
<!DOCTYPE html>
<html lang="es">
<head>
<meta charset="UTF-8">
<meta name="viewport" content="width=device-width,initial-scale=1.0">
<title>Iniciar Sesión — PharmaCRM</title>
<link rel="stylesheet" href="/hospital/public/css/styles.css">
<link rel="stylesheet" href="https://cdnjs.cloudflare.com/ajax/libs/font-awesome/6.5.1/css/all.min.css">
</head>
<body>
<div class="login-wrapper">
<div class="login-card">
<div class="logo">
<div style="font-size:48px;margin-bottom:12px"><i class="fas fa-prescription-bottl
  User variables:
    target: http://localhost/hospital
    $environment: undefined
    $testId: tyrwb_hf3cergm9paphrkje9z4gkrz7e9jf_7x9j
    $dirname: tests
    $scenarioFile: C:\wamp64\www\hospital\mi-qa\tests\escenarios.yaml
    username: vendedor1
    password: vendedor123
    nombre_medicamento: amoxicilina
    cliente_id: 8
    $uuid: 20fb44ae-9d3d-4e3c-85f3-e573eaf1933a
* GET /hospital/?route=login 

  ok statusCode 200 
* GET /hospital/?route=login 

  ok statusCode 200 
* GET /hospital/?route=home 

  ok statusCode 200 
* POST /hospital/?route=auth&action=login 

  not ok statusCode 200 
  expected: 302
       got: 200
  Request params:
    http://localhost/hospital/?route=auth&action=login
    ""
  Headers:
  date: Wed, 06 May 2026 16:12:35 GMT
  server: Apache/2.4.65 (Win64) PHP/8.3.28 mod_fcgid/2.3.10-dev
  x-powered-by: PHP/8.3.28
  expires: Thu, 19 Nov 1981 08:52:00 GMT
  cache-control: no-store, no-cache, must-revalidate
  pragma: no-cache
  content-length: 1624
  keep-alive: timeout=5, max=97
  connection: Keep-Alive
  content-type: text/html; charset=UTF-8
  Body:
<!DOCTYPE html>
<html lang="es">
<head>
<meta charset="UTF-8">
<meta name="viewport" content="width=device-width,initial-scale=1.0">
<title>Iniciar Sesión — PharmaCRM</title>
<link rel="stylesheet" href="/hospital/public/css/styles.css">
<link rel="stylesheet" href="https://cdnjs.cloudflare.com/ajax/libs/font-awesome/6.5.1/css/all.min.css">
</head>
<body>
<div class="login-wrapper">
<div class="login-card">
<div class="logo">
<div style="font-size:48px;margin-bottom:12px"><i class="fas fa-prescription-bottl
  User variables:
    target: http://localhost/hospital
    $environment: undefined
    $testId: tyrwb_hf3cergm9paphrkje9z4gkrz7e9jf_7x9j
    $dirname: tests
    $scenarioFile: C:\wamp64\www\hospital\mi-qa\tests\escenarios.yaml
    username: supervisor1
    password: supervisor123
    nombre_medicamento: loratadina
    cliente_id: 2
    $uuid: 8ea9b077-c117-440c-8ff6-8a89288c1657
* GET /hospital/?route=login 

  ok statusCode 200 
* POST /hospital/?route=auth&action=login 

  not ok statusCode 200 
  expected: 302
       got: 200
  Request params:
    http://localhost/hospital/?route=auth&action=login
    ""
  Headers:
  date: Wed, 06 May 2026 16:12:35 GMT
  server: Apache/2.4.65 (Win64) PHP/8.3.28 mod_fcgid/2.3.10-dev
  x-powered-by: PHP/8.3.28
  expires: Thu, 19 Nov 1981 08:52:00 GMT
  cache-control: no-store, no-cache, must-revalidate
  pragma: no-cache
  content-length: 1624
  keep-alive: timeout=5, max=97
  connection: Keep-Alive
  content-type: text/html; charset=UTF-8
  Body:
<!DOCTYPE html>
<html lang="es">
<head>
<meta charset="UTF-8">
<meta name="viewport" content="width=device-width,initial-scale=1.0">
<title>Iniciar Sesión — PharmaCRM</title>
<link rel="stylesheet" href="/hospital/public/css/styles.css">
<link rel="stylesheet" href="https://cdnjs.cloudflare.com/ajax/libs/font-awesome/6.5.1/css/all.min.css">
</head>
<body>
<div class="login-wrapper">
<div class="login-card">
<div class="logo">
<div style="font-size:48px;margin-bottom:12px"><i class="fas fa-prescription-bottl
  User variables:
    target: http://localhost/hospital
    $environment: undefined
    $testId: tyrwb_hf3cergm9paphrkje9z4gkrz7e9jf_7x9j
    $dirname: tests
    $scenarioFile: C:\wamp64\www\hospital\mi-qa\tests\escenarios.yaml
    username: admin
    password: admin
    nombre_medicamento: metformina
    cliente_id: 6
    $uuid: 5e164990-0e39-43ae-a5d4-672759712d5f
* GET /hospital/?route=home 

  ok statusCode 200 
* GET /hospital/?route=home 

  ok statusCode 200 
* GET /hospital/?route=login 

  ok statusCode 200 
* GET /hospital/?route=home 

  ok statusCode 200 
* GET /hospital/?route=login 

  ok statusCode 200 
* POST /hospital/?route=auth&action=login 

  not ok statusCode 200 
  expected: 302
       got: 200
  Request params:
    http://localhost/hospital/?route=auth&action=login
    ""
  Headers:
  date: Wed, 06 May 2026 16:12:35 GMT
  server: Apache/2.4.65 (Win64) PHP/8.3.28 mod_fcgid/2.3.10-dev
  x-powered-by: PHP/8.3.28
  expires: Thu, 19 Nov 1981 08:52:00 GMT
  cache-control: no-store, no-cache, must-revalidate
  pragma: no-cache
  content-length: 1624
  keep-alive: timeout=5, max=97
  connection: Keep-Alive
  content-type: text/html; charset=UTF-8
  Body:
<!DOCTYPE html>
<html lang="es">
<head>
<meta charset="UTF-8">
<meta name="viewport" content="width=device-width,initial-scale=1.0">
<title>Iniciar Sesión — PharmaCRM</title>
<link rel="stylesheet" href="/hospital/public/css/styles.css">
<link rel="stylesheet" href="https://cdnjs.cloudflare.com/ajax/libs/font-awesome/6.5.1/css/all.min.css">
</head>
<body>
<div class="login-wrapper">
<div class="login-card">
<div class="logo">
<div style="font-size:48px;margin-bottom:12px"><i class="fas fa-prescription-bottl
  User variables:
    target: http://localhost/hospital
    $environment: undefined
    $testId: tyrwb_hf3cergm9paphrkje9z4gkrz7e9jf_7x9j
    $dirname: tests
    $scenarioFile: C:\wamp64\www\hospital\mi-qa\tests\escenarios.yaml
    username: vendedor1
    password: vendedor123
    nombre_medicamento: acetaminofen
    cliente_id: 3
    $uuid: 7d8ebf96-8b32-4017-b6b4-05c4625c86cc
* POST /hospital/?route=auth&action=login 

  not ok statusCode 200 
  expected: 302
       got: 200
  Request params:
    http://localhost/hospital/?route=auth&action=login
    ""
  Headers:
  date: Wed, 06 May 2026 16:12:35 GMT
  server: Apache/2.4.65 (Win64) PHP/8.3.28 mod_fcgid/2.3.10-dev
  x-powered-by: PHP/8.3.28
  expires: Thu, 19 Nov 1981 08:52:00 GMT
  cache-control: no-store, no-cache, must-revalidate
  pragma: no-cache
  content-length: 1624
  keep-alive: timeout=5, max=97
  connection: Keep-Alive
  content-type: text/html; charset=UTF-8
  Body:
<!DOCTYPE html>
<html lang="es">
<head>
<meta charset="UTF-8">
<meta name="viewport" content="width=device-width,initial-scale=1.0">
<title>Iniciar Sesión — PharmaCRM</title>
<link rel="stylesheet" href="/hospital/public/css/styles.css">
<link rel="stylesheet" href="https://cdnjs.cloudflare.com/ajax/libs/font-awesome/6.5.1/css/all.min.css">
</head>
<body>
<div class="login-wrapper">
<div class="login-card">
<div class="logo">
<div style="font-size:48px;margin-bottom:12px"><i class="fas fa-prescription-bottl
  User variables:
    target: http://localhost/hospital
    $environment: undefined
    $testId: tyrwb_hf3cergm9paphrkje9z4gkrz7e9jf_7x9j
    $dirname: tests
    $scenarioFile: C:\wamp64\www\hospital\mi-qa\tests\escenarios.yaml
    username: admin
    password: admin
    nombre_medicamento: nombre_medicamento
    cliente_id: 10
    $uuid: 823d5cf6-14af-44d4-a949-6a84342de026
* GET /hospital/?route=login 

  ok statusCode 200 
* GET /hospital/?route=home 

  ok statusCode 200 
* POST /hospital/?route=auth&action=login 

  not ok statusCode 200 
  expected: 302
       got: 200
  Request params:
    http://localhost/hospital/?route=auth&action=login
    ""
  Headers:
  date: Wed, 06 May 2026 16:12:35 GMT
  server: Apache/2.4.65 (Win64) PHP/8.3.28 mod_fcgid/2.3.10-dev
  x-powered-by: PHP/8.3.28
  expires: Thu, 19 Nov 1981 08:52:00 GMT
  cache-control: no-store, no-cache, must-revalidate
  pragma: no-cache
  content-length: 1624
  keep-alive: timeout=5, max=97
  connection: Keep-Alive
  content-type: text/html; charset=UTF-8
  Body:
<!DOCTYPE html>
<html lang="es">
<head>
<meta charset="UTF-8">
<meta name="viewport" content="width=device-width,initial-scale=1.0">
<title>Iniciar Sesión — PharmaCRM</title>
<link rel="stylesheet" href="/hospital/public/css/styles.css">
<link rel="stylesheet" href="https://cdnjs.cloudflare.com/ajax/libs/font-awesome/6.5.1/css/all.min.css">
</head>
<body>
<div class="login-wrapper">
<div class="login-card">
<div class="logo">
<div style="font-size:48px;margin-bottom:12px"><i class="fas fa-prescription-bottl
  User variables:
    target: http://localhost/hospital
    $environment: undefined
    $testId: tyrwb_hf3cergm9paphrkje9z4gkrz7e9jf_7x9j
    $dirname: tests
    $scenarioFile: C:\wamp64\www\hospital\mi-qa\tests\escenarios.yaml
    username: vendedor1
    password: vendedor123
    nombre_medicamento: dexametasona
    cliente_id: 2
    $uuid: c0a48cdf-b632-4de0-a4af-d4ef6236d61a
* GET /hospital/?route=home 

  ok statusCode 200 
* POST /hospital/?route=auth&action=login 

  not ok statusCode 200 
  expected: 302
       got: 200
  Request params:
    http://localhost/hospital/?route=auth&action=login
    ""
  Headers:
  date: Wed, 06 May 2026 16:12:35 GMT
  server: Apache/2.4.65 (Win64) PHP/8.3.28 mod_fcgid/2.3.10-dev
  x-powered-by: PHP/8.3.28
  expires: Thu, 19 Nov 1981 08:52:00 GMT
  cache-control: no-store, no-cache, must-revalidate
  pragma: no-cache
  content-length: 1624
  keep-alive: timeout=5, max=97
  connection: Keep-Alive
  content-type: text/html; charset=UTF-8
  Body:
<!DOCTYPE html>
<html lang="es">
<head>
<meta charset="UTF-8">
<meta name="viewport" content="width=device-width,initial-scale=1.0">
<title>Iniciar Sesión — PharmaCRM</title>
<link rel="stylesheet" href="/hospital/public/css/styles.css">
<link rel="stylesheet" href="https://cdnjs.cloudflare.com/ajax/libs/font-awesome/6.5.1/css/all.min.css">
</head>
<body>
<div class="login-wrapper">
<div class="login-card">
<div class="logo">
<div style="font-size:48px;margin-bottom:12px"><i class="fas fa-prescription-bottl
  User variables:
    target: http://localhost/hospital
    $environment: undefined
    $testId: tyrwb_hf3cergm9paphrkje9z4gkrz7e9jf_7x9j
    $dirname: tests
    $scenarioFile: C:\wamp64\www\hospital\mi-qa\tests\escenarios.yaml
    username: username
    password: password
    nombre_medicamento: metformina
    cliente_id: 9
    $uuid: 9f12faf5-fb69-434d-87a1-0c041dfc54c4
* GET /hospital/?route=login 

  ok statusCode 200 
* GET /hospital/?route=home 

  ok statusCode 200 
* GET /hospital/?route=login 

  ok statusCode 200 
* GET /hospital/?route=login 

  ok statusCode 200 
* POST /hospital/?route=auth&action=login 

  not ok statusCode 200 
  expected: 302
       got: 200
  Request params:
    http://localhost/hospital/?route=auth&action=login
    ""
  Headers:
  date: Wed, 06 May 2026 16:12:36 GMT
  server: Apache/2.4.65 (Win64) PHP/8.3.28 mod_fcgid/2.3.10-dev
  x-powered-by: PHP/8.3.28
  expires: Thu, 19 Nov 1981 08:52:00 GMT
  cache-control: no-store, no-cache, must-revalidate
  pragma: no-cache
  content-length: 1624
  keep-alive: timeout=5, max=97
  connection: Keep-Alive
  content-type: text/html; charset=UTF-8
  Body:
<!DOCTYPE html>
<html lang="es">
<head>
<meta charset="UTF-8">
<meta name="viewport" content="width=device-width,initial-scale=1.0">
<title>Iniciar Sesión — PharmaCRM</title>
<link rel="stylesheet" href="/hospital/public/css/styles.css">
<link rel="stylesheet" href="https://cdnjs.cloudflare.com/ajax/libs/font-awesome/6.5.1/css/all.min.css">
</head>
<body>
<div class="login-wrapper">
<div class="login-card">
<div class="logo">
<div style="font-size:48px;margin-bottom:12px"><i class="fas fa-prescription-bottl
  User variables:
    target: http://localhost/hospital
    $environment: undefined
    $testId: tyrwb_hf3cergm9paphrkje9z4gkrz7e9jf_7x9j
    $dirname: tests
    $scenarioFile: C:\wamp64\www\hospital\mi-qa\tests\escenarios.yaml
    username: username
    password: password
    nombre_medicamento: omeprazol
    cliente_id: 5
    $uuid: b28f0022-c5bd-4cbc-aaee-e78717f8ccfe
* GET /hospital/?route=home 

  ok statusCode 200 
* GET /hospital/?route=home 

  ok statusCode 200 
* POST /hospital/?route=auth&action=login 

  not ok statusCode 200 
  expected: 302
       got: 200
  Request params:
    http://localhost/hospital/?route=auth&action=login
    ""
  Headers:
  date: Wed, 06 May 2026 16:12:36 GMT
  server: Apache/2.4.65 (Win64) PHP/8.3.28 mod_fcgid/2.3.10-dev
  x-powered-by: PHP/8.3.28
  expires: Thu, 19 Nov 1981 08:52:00 GMT
  cache-control: no-store, no-cache, must-revalidate
  pragma: no-cache
  content-length: 1624
  keep-alive: timeout=5, max=97
  connection: Keep-Alive
  content-type: text/html; charset=UTF-8
  Body:
<!DOCTYPE html>
<html lang="es">
<head>
<meta charset="UTF-8">
<meta name="viewport" content="width=device-width,initial-scale=1.0">
<title>Iniciar Sesión — PharmaCRM</title>
<link rel="stylesheet" href="/hospital/public/css/styles.css">
<link rel="stylesheet" href="https://cdnjs.cloudflare.com/ajax/libs/font-awesome/6.5.1/css/all.min.css">
</head>
<body>
<div class="login-wrapper">
<div class="login-card">
<div class="logo">
<div style="font-size:48px;margin-bottom:12px"><i class="fas fa-prescription-bottl
  User variables:
    target: http://localhost/hospital
    $environment: undefined
    $testId: tyrwb_hf3cergm9paphrkje9z4gkrz7e9jf_7x9j
    $dirname: tests
    $scenarioFile: C:\wamp64\www\hospital\mi-qa\tests\escenarios.yaml
    username: admin
    password: admin
    nombre_medicamento: losartan
    cliente_id: 8
    $uuid: 2eaff58e-c8de-4537-8951-806345b4c6bb
* POST /hospital/?route=auth&action=login 

  not ok statusCode 200 
  expected: 302
       got: 200
  Request params:
    http://localhost/hospital/?route=auth&action=login
    ""
  Headers:
  date: Wed, 06 May 2026 16:12:36 GMT
  server: Apache/2.4.65 (Win64) PHP/8.3.28 mod_fcgid/2.3.10-dev
  x-powered-by: PHP/8.3.28
  expires: Thu, 19 Nov 1981 08:52:00 GMT
  cache-control: no-store, no-cache, must-revalidate
  pragma: no-cache
  content-length: 1624
  keep-alive: timeout=5, max=97
  connection: Keep-Alive
  content-type: text/html; charset=UTF-8
  Body:
<!DOCTYPE html>
<html lang="es">
<head>
<meta charset="UTF-8">
<meta name="viewport" content="width=device-width,initial-scale=1.0">
<title>Iniciar Sesión — PharmaCRM</title>
<link rel="stylesheet" href="/hospital/public/css/styles.css">
<link rel="stylesheet" href="https://cdnjs.cloudflare.com/ajax/libs/font-awesome/6.5.1/css/all.min.css">
</head>
<body>
<div class="login-wrapper">
<div class="login-card">
<div class="logo">
<div style="font-size:48px;margin-bottom:12px"><i class="fas fa-prescription-bottl
  User variables:
    target: http://localhost/hospital
    $environment: undefined
    $testId: tyrwb_hf3cergm9paphrkje9z4gkrz7e9jf_7x9j
    $dirname: tests
    $scenarioFile: C:\wamp64\www\hospital\mi-qa\tests\escenarios.yaml
    username: tester
    password: tester123
    nombre_medicamento: amoxicilina
    cliente_id: cliente_id
    $uuid: fb10b0fa-adda-47a7-aaca-3833e0c6f902
* GET /hospital/?route=login 

  ok statusCode 200 
* GET /hospital/?route=home 

  ok statusCode 200 
* GET /hospital/?route=login 

  ok statusCode 200 
* POST /hospital/?route=auth&action=login 

  not ok statusCode 200 
  expected: 302
       got: 200
  Request params:
    http://localhost/hospital/?route=auth&action=login
    ""
  Headers:
  date: Wed, 06 May 2026 16:12:36 GMT
  server: Apache/2.4.65 (Win64) PHP/8.3.28 mod_fcgid/2.3.10-dev
  x-powered-by: PHP/8.3.28
  expires: Thu, 19 Nov 1981 08:52:00 GMT
  cache-control: no-store, no-cache, must-revalidate
  pragma: no-cache
  content-length: 1624
  keep-alive: timeout=5, max=97
  connection: Keep-Alive
  content-type: text/html; charset=UTF-8
  Body:
<!DOCTYPE html>
<html lang="es">
<head>
<meta charset="UTF-8">
<meta name="viewport" content="width=device-width,initial-scale=1.0">
<title>Iniciar Sesión — PharmaCRM</title>
<link rel="stylesheet" href="/hospital/public/css/styles.css">
<link rel="stylesheet" href="https://cdnjs.cloudflare.com/ajax/libs/font-awesome/6.5.1/css/all.min.css">
</head>
<body>
<div class="login-wrapper">
<div class="login-card">
<div class="logo">
<div style="font-size:48px;margin-bottom:12px"><i class="fas fa-prescription-bottl
  User variables:
    target: http://localhost/hospital
    $environment: undefined
    $testId: tyrwb_hf3cergm9paphrkje9z4gkrz7e9jf_7x9j
    $dirname: tests
    $scenarioFile: C:\wamp64\www\hospital\mi-qa\tests\escenarios.yaml
    username: admin
    password: admin
    nombre_medicamento: metformina
    cliente_id: 10
    $uuid: 277fe7f8-52cc-44d0-be96-2f2830f8b1bd
* GET /hospital/?route=login 

  ok statusCode 200 
* GET /hospital/?route=home 

  ok statusCode 200 
* GET /hospital/?route=login 

  ok statusCode 200 
* GET /hospital/?route=home 

  ok statusCode 200 
* POST /hospital/?route=auth&action=login 

* POST /hospital/?route=auth&action=login 

  not ok statusCode 200 
  expected: 302
       got: 200
  Request params:
    http://localhost/hospital/?route=auth&action=login
    ""
  Headers:
  date: Wed, 06 May 2026 16:12:36 GMT
  server: Apache/2.4.65 (Win64) PHP/8.3.28 mod_fcgid/2.3.10-dev
  x-powered-by: PHP/8.3.28
  expires: Thu, 19 Nov 1981 08:52:00 GMT
  cache-control: no-store, no-cache, must-revalidate
  pragma: no-cache
  content-length: 1624
  keep-alive: timeout=5, max=97
  connection: Keep-Alive
  content-type: text/html; charset=UTF-8
  Body:
<!DOCTYPE html>
<html lang="es">
<head>
<meta charset="UTF-8">
<meta name="viewport" content="width=device-width,initial-scale=1.0">
<title>Iniciar Sesión — PharmaCRM</title>
<link rel="stylesheet" href="/hospital/public/css/styles.css">
<link rel="stylesheet" href="https://cdnjs.cloudflare.com/ajax/libs/font-awesome/6.5.1/css/all.min.css">
</head>
<body>
<div class="login-wrapper">
<div class="login-card">
<div class="logo">
<div style="font-size:48px;margin-bottom:12px"><i class="fas fa-prescription-bottl
  User variables:
    target: http://localhost/hospital
    $environment: undefined
    $testId: tyrwb_hf3cergm9paphrkje9z4gkrz7e9jf_7x9j
    $dirname: tests
    $scenarioFile: C:\wamp64\www\hospital\mi-qa\tests\escenarios.yaml
    username: supervisor1
    password: supervisor123
    nombre_medicamento: losartan
    cliente_id: 2
    $uuid: 52e444ce-2ea5-47f5-80e0-07ae270d10a6
  not ok statusCode 200 
  expected: 302
       got: 200
  Request params:
    http://localhost/hospital/?route=auth&action=login
    ""
  Headers:
  date: Wed, 06 May 2026 16:12:36 GMT
  server: Apache/2.4.65 (Win64) PHP/8.3.28 mod_fcgid/2.3.10-dev
  x-powered-by: PHP/8.3.28
  expires: Thu, 19 Nov 1981 08:52:00 GMT
  cache-control: no-store, no-cache, must-revalidate
  pragma: no-cache
  content-length: 1624
  keep-alive: timeout=5, max=97
  connection: Keep-Alive
  content-type: text/html; charset=UTF-8
  Body:
<!DOCTYPE html>
<html lang="es">
<head>
<meta charset="UTF-8">
<meta name="viewport" content="width=device-width,initial-scale=1.0">
<title>Iniciar Sesión — PharmaCRM</title>
<link rel="stylesheet" href="/hospital/public/css/styles.css">
<link rel="stylesheet" href="https://cdnjs.cloudflare.com/ajax/libs/font-awesome/6.5.1/css/all.min.css">
</head>
<body>
<div class="login-wrapper">
<div class="login-card">
<div class="logo">
<div style="font-size:48px;margin-bottom:12px"><i class="fas fa-prescription-bottl
  User variables:
    target: http://localhost/hospital
    $environment: undefined
    $testId: tyrwb_hf3cergm9paphrkje9z4gkrz7e9jf_7x9j
    $dirname: tests
    $scenarioFile: C:\wamp64\www\hospital\mi-qa\tests\escenarios.yaml
    username: supervisor1
    password: supervisor123
    nombre_medicamento: salbutamol
    cliente_id: 7
    $uuid: df29e690-516c-4fe5-bb19-78baad704cbe
* GET /hospital/?route=login 

  ok statusCode 200 
* POST /hospital/?route=auth&action=login 

  not ok statusCode 200 
  expected: 302
       got: 200
  Request params:
    http://localhost/hospital/?route=auth&action=login
    ""
  Headers:
  date: Wed, 06 May 2026 16:12:36 GMT
  server: Apache/2.4.65 (Win64) PHP/8.3.28 mod_fcgid/2.3.10-dev
  x-powered-by: PHP/8.3.28
  expires: Thu, 19 Nov 1981 08:52:00 GMT
  cache-control: no-store, no-cache, must-revalidate
  pragma: no-cache
  content-length: 1624
  keep-alive: timeout=5, max=97
  connection: Keep-Alive
  content-type: text/html; charset=UTF-8
  Body:
<!DOCTYPE html>
<html lang="es">
<head>
<meta charset="UTF-8">
<meta name="viewport" content="width=device-width,initial-scale=1.0">
<title>Iniciar Sesión — PharmaCRM</title>
<link rel="stylesheet" href="/hospital/public/css/styles.css">
<link rel="stylesheet" href="https://cdnjs.cloudflare.com/ajax/libs/font-awesome/6.5.1/css/all.min.css">
</head>
<body>
<div class="login-wrapper">
<div class="login-card">
<div class="logo">
<div style="font-size:48px;margin-bottom:12px"><i class="fas fa-prescription-bottl
  User variables:
    target: http://localhost/hospital
    $environment: undefined
    $testId: tyrwb_hf3cergm9paphrkje9z4gkrz7e9jf_7x9j
    $dirname: tests
    $scenarioFile: C:\wamp64\www\hospital\mi-qa\tests\escenarios.yaml
    username: tester
    password: tester123
    nombre_medicamento: acetaminofen
    cliente_id: 9
    $uuid: 37d8214f-b632-4e91-97da-4b034b8e567f
* GET /hospital/?route=home 

  ok statusCode 200 
* GET /hospital/?route=login 

  ok statusCode 200 
* GET /hospital/?route=home 

  ok statusCode 200 
* POST /hospital/?route=auth&action=login 

  not ok statusCode 200 
  expected: 302
       got: 200
  Request params:
    http://localhost/hospital/?route=auth&action=login
    ""
  Headers:
  date: Wed, 06 May 2026 16:12:37 GMT
  server: Apache/2.4.65 (Win64) PHP/8.3.28 mod_fcgid/2.3.10-dev
  x-powered-by: PHP/8.3.28
  expires: Thu, 19 Nov 1981 08:52:00 GMT
  cache-control: no-store, no-cache, must-revalidate
  pragma: no-cache
  content-length: 1624
  keep-alive: timeout=5, max=97
  connection: Keep-Alive
  content-type: text/html; charset=UTF-8
  Body:
<!DOCTYPE html>
<html lang="es">
<head>
<meta charset="UTF-8">
<meta name="viewport" content="width=device-width,initial-scale=1.0">
<title>Iniciar Sesión — PharmaCRM</title>
<link rel="stylesheet" href="/hospital/public/css/styles.css">
<link rel="stylesheet" href="https://cdnjs.cloudflare.com/ajax/libs/font-awesome/6.5.1/css/all.min.css">
</head>
<body>
<div class="login-wrapper">
<div class="login-card">
<div class="logo">
<div style="font-size:48px;margin-bottom:12px"><i class="fas fa-prescription-bottl
  User variables:
    target: http://localhost/hospital
    $environment: undefined
    $testId: tyrwb_hf3cergm9paphrkje9z4gkrz7e9jf_7x9j
    $dirname: tests
    $scenarioFile: C:\wamp64\www\hospital\mi-qa\tests\escenarios.yaml
    username: vendedor1
    password: vendedor123
    nombre_medicamento: salbutamol
    cliente_id: 1
    $uuid: 3656aa83-4029-4228-bb53-37c4d52b2ab8
* GET /hospital/?route=home 

  ok statusCode 200 
* GET /hospital/?route=login 

  ok statusCode 200 
* POST /hospital/?route=auth&action=login 

  not ok statusCode 200 
  expected: 302
       got: 200
  Request params:
    http://localhost/hospital/?route=auth&action=login
    ""
  Headers:
  date: Wed, 06 May 2026 16:12:37 GMT
  server: Apache/2.4.65 (Win64) PHP/8.3.28 mod_fcgid/2.3.10-dev
  x-powered-by: PHP/8.3.28
  expires: Thu, 19 Nov 1981 08:52:00 GMT
  cache-control: no-store, no-cache, must-revalidate
  pragma: no-cache
  content-length: 1624
  keep-alive: timeout=5, max=97
  connection: Keep-Alive
  content-type: text/html; charset=UTF-8
  Body:
<!DOCTYPE html>
<html lang="es">
<head>
<meta charset="UTF-8">
<meta name="viewport" content="width=device-width,initial-scale=1.0">
<title>Iniciar Sesión — PharmaCRM</title>
<link rel="stylesheet" href="/hospital/public/css/styles.css">
<link rel="stylesheet" href="https://cdnjs.cloudflare.com/ajax/libs/font-awesome/6.5.1/css/all.min.css">
</head>
<body>
<div class="login-wrapper">
<div class="login-card">
<div class="logo">
<div style="font-size:48px;margin-bottom:12px"><i class="fas fa-prescription-bottl
  User variables:
    target: http://localhost/hospital
    $environment: undefined
    $testId: tyrwb_hf3cergm9paphrkje9z4gkrz7e9jf_7x9j
    $dirname: tests
    $scenarioFile: C:\wamp64\www\hospital\mi-qa\tests\escenarios.yaml
    username: tester
    password: tester123
    nombre_medicamento: ibuprofeno
    cliente_id: 2
    $uuid: e9d0c902-1e42-4d8e-ad8a-4c2f6366a336
* GET /hospital/?route=login 

  ok statusCode 200 
* POST /hospital/?route=auth&action=login 

  not ok statusCode 200 
  expected: 302
       got: 200
  Request params:
    http://localhost/hospital/?route=auth&action=login
    ""
  Headers:
  date: Wed, 06 May 2026 16:12:37 GMT
  server: Apache/2.4.65 (Win64) PHP/8.3.28 mod_fcgid/2.3.10-dev
  x-powered-by: PHP/8.3.28
  expires: Thu, 19 Nov 1981 08:52:00 GMT
  cache-control: no-store, no-cache, must-revalidate
  pragma: no-cache
  content-length: 1624
  keep-alive: timeout=5, max=97
  connection: Keep-Alive
  content-type: text/html; charset=UTF-8
  Body:
<!DOCTYPE html>
<html lang="es">
<head>
<meta charset="UTF-8">
<meta name="viewport" content="width=device-width,initial-scale=1.0">
<title>Iniciar Sesión — PharmaCRM</title>
<link rel="stylesheet" href="/hospital/public/css/styles.css">
<link rel="stylesheet" href="https://cdnjs.cloudflare.com/ajax/libs/font-awesome/6.5.1/css/all.min.css">
</head>
<body>
<div class="login-wrapper">
<div class="login-card">
<div class="logo">
<div style="font-size:48px;margin-bottom:12px"><i class="fas fa-prescription-bottl
  User variables:
    target: http://localhost/hospital
    $environment: undefined
    $testId: tyrwb_hf3cergm9paphrkje9z4gkrz7e9jf_7x9j
    $dirname: tests
    $scenarioFile: C:\wamp64\www\hospital\mi-qa\tests\escenarios.yaml
    username: vendedor1
    password: vendedor123
    nombre_medicamento: amoxicilina
    cliente_id: 7
    $uuid: a24cf777-7032-4eb6-996a-1065de610474
* GET /hospital/?route=home 

  ok statusCode 200 
* GET /hospital/?route=login 

  ok statusCode 200 
* GET /hospital/?route=home 

  ok statusCode 200 
* POST /hospital/?route=auth&action=login 

  not ok statusCode 200 
  expected: 302
       got: 200
  Request params:
    http://localhost/hospital/?route=auth&action=login
    ""
  Headers:
  date: Wed, 06 May 2026 16:12:37 GMT
  server: Apache/2.4.65 (Win64) PHP/8.3.28 mod_fcgid/2.3.10-dev
  x-powered-by: PHP/8.3.28
  expires: Thu, 19 Nov 1981 08:52:00 GMT
  cache-control: no-store, no-cache, must-revalidate
  pragma: no-cache
  content-length: 1624
  keep-alive: timeout=5, max=97
  connection: Keep-Alive
  content-type: text/html; charset=UTF-8
  Body:
<!DOCTYPE html>
<html lang="es">
<head>
<meta charset="UTF-8">
<meta name="viewport" content="width=device-width,initial-scale=1.0">
<title>Iniciar Sesión — PharmaCRM</title>
<link rel="stylesheet" href="/hospital/public/css/styles.css">
<link rel="stylesheet" href="https://cdnjs.cloudflare.com/ajax/libs/font-awesome/6.5.1/css/all.min.css">
</head>
<body>
<div class="login-wrapper">
<div class="login-card">
<div class="logo">
<div style="font-size:48px;margin-bottom:12px"><i class="fas fa-prescription-bottl
  User variables:
    target: http://localhost/hospital
    $environment: undefined
    $testId: tyrwb_hf3cergm9paphrkje9z4gkrz7e9jf_7x9j
    $dirname: tests
    $scenarioFile: C:\wamp64\www\hospital\mi-qa\tests\escenarios.yaml
    username: supervisor1
    password: supervisor123
    nombre_medicamento: acetaminofen
    cliente_id: 1
    $uuid: 40f5c5c5-0b67-4b3f-9f64-d4e246d8caa4
* GET /hospital/?route=login 

  ok statusCode 200 
* GET /hospital/?route=home 

  ok statusCode 200 
* POST /hospital/?route=auth&action=login 

  not ok statusCode 200 
  expected: 302
       got: 200
  Request params:
    http://localhost/hospital/?route=auth&action=login
    ""
  Headers:
  date: Wed, 06 May 2026 16:12:37 GMT
  server: Apache/2.4.65 (Win64) PHP/8.3.28 mod_fcgid/2.3.10-dev
  x-powered-by: PHP/8.3.28
  expires: Thu, 19 Nov 1981 08:52:00 GMT
  cache-control: no-store, no-cache, must-revalidate
  pragma: no-cache
  content-length: 1624
  keep-alive: timeout=5, max=97
  connection: Keep-Alive
  content-type: text/html; charset=UTF-8
  Body:
<!DOCTYPE html>
<html lang="es">
<head>
<meta charset="UTF-8">
<meta name="viewport" content="width=device-width,initial-scale=1.0">
<title>Iniciar Sesión — PharmaCRM</title>
<link rel="stylesheet" href="/hospital/public/css/styles.css">
<link rel="stylesheet" href="https://cdnjs.cloudflare.com/ajax/libs/font-awesome/6.5.1/css/all.min.css">
</head>
<body>
<div class="login-wrapper">
<div class="login-card">
<div class="logo">
<div style="font-size:48px;margin-bottom:12px"><i class="fas fa-prescription-bottl
  User variables:
    target: http://localhost/hospital
    $environment: undefined
    $testId: tyrwb_hf3cergm9paphrkje9z4gkrz7e9jf_7x9j
    $dirname: tests
    $scenarioFile: C:\wamp64\www\hospital\mi-qa\tests\escenarios.yaml
    username: tester
    password: tester123
    nombre_medicamento: loratadina
    cliente_id: 4
    $uuid: 5fc899cc-1583-4a56-a8f1-1a1c06621d49
* GET /hospital/?route=home 

  ok statusCode 200 
* GET /hospital/?route=home 

  ok statusCode 200 
* GET /hospital/?route=login 

  ok statusCode 200 
* GET /hospital/?route=home 

* POST /hospital/?route=auth&action=login 

  not ok statusCode 200 
  expected: 302
       got: 200
  Request params:
    http://localhost/hospital/?route=auth&action=login
    ""
  Headers:
  date: Wed, 06 May 2026 16:12:37 GMT
  server: Apache/2.4.65 (Win64) PHP/8.3.28 mod_fcgid/2.3.10-dev
  x-powered-by: PHP/8.3.28
  expires: Thu, 19 Nov 1981 08:52:00 GMT
  cache-control: no-store, no-cache, must-revalidate
  pragma: no-cache
  content-length: 1624
  keep-alive: timeout=5, max=97
  connection: Keep-Alive
  content-type: text/html; charset=UTF-8
  Body:
<!DOCTYPE html>
<html lang="es">
<head>
<meta charset="UTF-8">
<meta name="viewport" content="width=device-width,initial-scale=1.0">
<title>Iniciar Sesión — PharmaCRM</title>
<link rel="stylesheet" href="/hospital/public/css/styles.css">
<link rel="stylesheet" href="https://cdnjs.cloudflare.com/ajax/libs/font-awesome/6.5.1/css/all.min.css">
</head>
<body>
<div class="login-wrapper">
<div class="login-card">
<div class="logo">
<div style="font-size:48px;margin-bottom:12px"><i class="fas fa-prescription-bottl
  User variables:
    target: http://localhost/hospital
    $environment: undefined
    $testId: tyrwb_hf3cergm9paphrkje9z4gkrz7e9jf_7x9j
    $dirname: tests
    $scenarioFile: C:\wamp64\www\hospital\mi-qa\tests\escenarios.yaml
    username: tester
    password: tester123
    nombre_medicamento: dexametasona
    cliente_id: 9
    $uuid: 7d43b659-3b18-49fb-a00a-405b8c9a8e99
  ok statusCode 200 
* GET /hospital/?route=login 

  ok statusCode 200 
* POST /hospital/?route=auth&action=login 

  not ok statusCode 200 
  expected: 302
       got: 200
  Request params:
    http://localhost/hospital/?route=auth&action=login
    ""
  Headers:
  date: Wed, 06 May 2026 16:12:37 GMT
  server: Apache/2.4.65 (Win64) PHP/8.3.28 mod_fcgid/2.3.10-dev
  x-powered-by: PHP/8.3.28
  expires: Thu, 19 Nov 1981 08:52:00 GMT
  cache-control: no-store, no-cache, must-revalidate
  pragma: no-cache
  content-length: 1624
  keep-alive: timeout=5, max=97
  connection: Keep-Alive
  content-type: text/html; charset=UTF-8
  Body:
<!DOCTYPE html>
<html lang="es">
<head>
<meta charset="UTF-8">
<meta name="viewport" content="width=device-width,initial-scale=1.0">
<title>Iniciar Sesión — PharmaCRM</title>
<link rel="stylesheet" href="/hospital/public/css/styles.css">
<link rel="stylesheet" href="https://cdnjs.cloudflare.com/ajax/libs/font-awesome/6.5.1/css/all.min.css">
</head>
<body>
<div class="login-wrapper">
<div class="login-card">
<div class="logo">
<div style="font-size:48px;margin-bottom:12px"><i class="fas fa-prescription-bottl
  User variables:
    target: http://localhost/hospital
    $environment: undefined
    $testId: tyrwb_hf3cergm9paphrkje9z4gkrz7e9jf_7x9j
    $dirname: tests
    $scenarioFile: C:\wamp64\www\hospital\mi-qa\tests\escenarios.yaml
    username: supervisor1
    password: supervisor123
    nombre_medicamento: acetaminofen
    cliente_id: 1
    $uuid: 8aed2dec-e3df-4a22-b55b-c68fe1385cb2
* GET /hospital/?route=home 

  ok statusCode 200 
* POST /hospital/?route=auth&action=login 

  not ok statusCode 200 
  expected: 302
       got: 200
  Request params:
    http://localhost/hospital/?route=auth&action=login
    ""
  Headers:
  date: Wed, 06 May 2026 16:12:37 GMT
  server: Apache/2.4.65 (Win64) PHP/8.3.28 mod_fcgid/2.3.10-dev
  x-powered-by: PHP/8.3.28
  expires: Thu, 19 Nov 1981 08:52:00 GMT
  cache-control: no-store, no-cache, must-revalidate
  pragma: no-cache
  content-length: 1624
  keep-alive: timeout=5, max=97
  connection: Keep-Alive
  content-type: text/html; charset=UTF-8
  Body:
<!DOCTYPE html>
<html lang="es">
<head>
<meta charset="UTF-8">
<meta name="viewport" content="width=device-width,initial-scale=1.0">
<title>Iniciar Sesión — PharmaCRM</title>
<link rel="stylesheet" href="/hospital/public/css/styles.css">
<link rel="stylesheet" href="https://cdnjs.cloudflare.com/ajax/libs/font-awesome/6.5.1/css/all.min.css">
</head>
<body>
<div class="login-wrapper">
<div class="login-card">
<div class="logo">
<div style="font-size:48px;margin-bottom:12px"><i class="fas fa-prescription-bottl
  User variables:
    target: http://localhost/hospital
    $environment: undefined
    $testId: tyrwb_hf3cergm9paphrkje9z4gkrz7e9jf_7x9j
    $dirname: tests
    $scenarioFile: C:\wamp64\www\hospital\mi-qa\tests\escenarios.yaml
    username: tester
    password: tester123
    nombre_medicamento: dexametasona
    cliente_id: 5
    $uuid: 04de8833-379d-46fc-99ca-85e8a8babde1
* GET /hospital/?route=login 

  ok statusCode 200 
* POST /hospital/?route=auth&action=login 

  not ok statusCode 200 
  expected: 302
       got: 200
  Request params:
    http://localhost/hospital/?route=auth&action=login
    ""
  Headers:
  date: Wed, 06 May 2026 16:12:37 GMT
  server: Apache/2.4.65 (Win64) PHP/8.3.28 mod_fcgid/2.3.10-dev
  x-powered-by: PHP/8.3.28
  expires: Thu, 19 Nov 1981 08:52:00 GMT
  cache-control: no-store, no-cache, must-revalidate
  pragma: no-cache
  content-length: 1624
  keep-alive: timeout=5, max=97
  connection: Keep-Alive
  content-type: text/html; charset=UTF-8
  Body:
<!DOCTYPE html>
<html lang="es">
<head>
<meta charset="UTF-8">
<meta name="viewport" content="width=device-width,initial-scale=1.0">
<title>Iniciar Sesión — PharmaCRM</title>
<link rel="stylesheet" href="/hospital/public/css/styles.css">
<link rel="stylesheet" href="https://cdnjs.cloudflare.com/ajax/libs/font-awesome/6.5.1/css/all.min.css">
</head>
<body>
<div class="login-wrapper">
<div class="login-card">
<div class="logo">
<div style="font-size:48px;margin-bottom:12px"><i class="fas fa-prescription-bottl
  User variables:
    target: http://localhost/hospital
    $environment: undefined
    $testId: tyrwb_hf3cergm9paphrkje9z4gkrz7e9jf_7x9j
    $dirname: tests
    $scenarioFile: C:\wamp64\www\hospital\mi-qa\tests\escenarios.yaml
    username: tester
    password: tester123
    nombre_medicamento: dexametasona
    cliente_id: 9
    $uuid: 4cbe48e5-3684-43e6-9b09-246a32f59955
* GET /hospital/?route=login 

  ok statusCode 200 
* GET /hospital/?route=home 

  ok statusCode 200 
* GET /hospital/?route=home 

  ok statusCode 200 
* GET /hospital/?route=login 

  ok statusCode 200 
* POST /hospital/?route=auth&action=login 

  not ok statusCode 200 
  expected: 302
       got: 200
  Request params:
    http://localhost/hospital/?route=auth&action=login
    ""
  Headers:
  date: Wed, 06 May 2026 16:12:38 GMT
  server: Apache/2.4.65 (Win64) PHP/8.3.28 mod_fcgid/2.3.10-dev
  x-powered-by: PHP/8.3.28
  expires: Thu, 19 Nov 1981 08:52:00 GMT
  cache-control: no-store, no-cache, must-revalidate
  pragma: no-cache
  content-length: 1624
  keep-alive: timeout=5, max=97
  connection: Keep-Alive
  content-type: text/html; charset=UTF-8
  Body:
<!DOCTYPE html>
<html lang="es">
<head>
<meta charset="UTF-8">
<meta name="viewport" content="width=device-width,initial-scale=1.0">
<title>Iniciar Sesión — PharmaCRM</title>
<link rel="stylesheet" href="/hospital/public/css/styles.css">
<link rel="stylesheet" href="https://cdnjs.cloudflare.com/ajax/libs/font-awesome/6.5.1/css/all.min.css">
</head>
<body>
<div class="login-wrapper">
<div class="login-card">
<div class="logo">
<div style="font-size:48px;margin-bottom:12px"><i class="fas fa-prescription-bottl
  User variables:
    target: http://localhost/hospital
    $environment: undefined
    $testId: tyrwb_hf3cergm9paphrkje9z4gkrz7e9jf_7x9j
    $dirname: tests
    $scenarioFile: C:\wamp64\www\hospital\mi-qa\tests\escenarios.yaml
    username: username
    password: password
    nombre_medicamento: losartan
    cliente_id: cliente_id
    $uuid: 6f6df442-910e-46e9-a568-436658543821
* GET /hospital/?route=home 

  ok statusCode 200 
* POST /hospital/?route=auth&action=login 

  not ok statusCode 200 
  expected: 302
       got: 200
  Request params:
    http://localhost/hospital/?route=auth&action=login
    ""
  Headers:
  date: Wed, 06 May 2026 16:12:38 GMT
  server: Apache/2.4.65 (Win64) PHP/8.3.28 mod_fcgid/2.3.10-dev
  x-powered-by: PHP/8.3.28
  expires: Thu, 19 Nov 1981 08:52:00 GMT
  cache-control: no-store, no-cache, must-revalidate
  pragma: no-cache
  content-length: 1624
  keep-alive: timeout=5, max=97
  connection: Keep-Alive
  content-type: text/html; charset=UTF-8
  Body:
<!DOCTYPE html>
<html lang="es">
<head>
<meta charset="UTF-8">
<meta name="viewport" content="width=device-width,initial-scale=1.0">
<title>Iniciar Sesión — PharmaCRM</title>
<link rel="stylesheet" href="/hospital/public/css/styles.css">
<link rel="stylesheet" href="https://cdnjs.cloudflare.com/ajax/libs/font-awesome/6.5.1/css/all.min.css">
</head>
<body>
<div class="login-wrapper">
<div class="login-card">
<div class="logo">
<div style="font-size:48px;margin-bottom:12px"><i class="fas fa-prescription-bottl
  User variables:
    target: http://localhost/hospital
    $environment: undefined
    $testId: tyrwb_hf3cergm9paphrkje9z4gkrz7e9jf_7x9j
    $dirname: tests
    $scenarioFile: C:\wamp64\www\hospital\mi-qa\tests\escenarios.yaml
    username: vendedor1
    password: vendedor123
    nombre_medicamento: ibuprofeno
    cliente_id: 2
    $uuid: 5f4290a6-6c6f-45ab-868f-eb71d14a3403
* GET /hospital/?route=login 

  ok statusCode 200 
* GET /hospital/?route=home 

  ok statusCode 200 
* GET /hospital/?route=login 

  ok statusCode 200 
* POST /hospital/?route=auth&action=login 

  not ok statusCode 200 
  expected: 302
       got: 200
  Request params:
    http://localhost/hospital/?route=auth&action=login
    ""
  Headers:
  date: Wed, 06 May 2026 16:12:38 GMT
  server: Apache/2.4.65 (Win64) PHP/8.3.28 mod_fcgid/2.3.10-dev
  x-powered-by: PHP/8.3.28
  expires: Thu, 19 Nov 1981 08:52:00 GMT
  cache-control: no-store, no-cache, must-revalidate
  pragma: no-cache
  content-length: 1624
  keep-alive: timeout=5, max=97
  connection: Keep-Alive
  content-type: text/html; charset=UTF-8
  Body:
<!DOCTYPE html>
<html lang="es">
<head>
<meta charset="UTF-8">
<meta name="viewport" content="width=device-width,initial-scale=1.0">
<title>Iniciar Sesión — PharmaCRM</title>
<link rel="stylesheet" href="/hospital/public/css/styles.css">
<link rel="stylesheet" href="https://cdnjs.cloudflare.com/ajax/libs/font-awesome/6.5.1/css/all.min.css">
</head>
<body>
<div class="login-wrapper">
<div class="login-card">
<div class="logo">
<div style="font-size:48px;margin-bottom:12px"><i class="fas fa-prescription-bottl
  User variables:
    target: http://localhost/hospital
    $environment: undefined
    $testId: tyrwb_hf3cergm9paphrkje9z4gkrz7e9jf_7x9j
    $dirname: tests
    $scenarioFile: C:\wamp64\www\hospital\mi-qa\tests\escenarios.yaml
    username: username
    password: password
    nombre_medicamento: amoxicilina
    cliente_id: 9
    $uuid: fa4ebb78-540f-4170-8844-48bdae0f4d1d
* GET /hospital/?route=home 

  ok statusCode 200 
* GET /hospital/?route=login 

  ok statusCode 200 
* POST /hospital/?route=auth&action=login 

  not ok statusCode 200 
  expected: 302
       got: 200
  Request params:
    http://localhost/hospital/?route=auth&action=login
    ""
  Headers:
  date: Wed, 06 May 2026 16:12:38 GMT
  server: Apache/2.4.65 (Win64) PHP/8.3.28 mod_fcgid/2.3.10-dev
  x-powered-by: PHP/8.3.28
  expires: Thu, 19 Nov 1981 08:52:00 GMT
  cache-control: no-store, no-cache, must-revalidate
  pragma: no-cache
  content-length: 1624
  keep-alive: timeout=5, max=97
  connection: Keep-Alive
  content-type: text/html; charset=UTF-8
  Body:
<!DOCTYPE html>
<html lang="es">
<head>
<meta charset="UTF-8">
<meta name="viewport" content="width=device-width,initial-scale=1.0">
<title>Iniciar Sesión — PharmaCRM</title>
<link rel="stylesheet" href="/hospital/public/css/styles.css">
<link rel="stylesheet" href="https://cdnjs.cloudflare.com/ajax/libs/font-awesome/6.5.1/css/all.min.css">
</head>
<body>
<div class="login-wrapper">
<div class="login-card">
<div class="logo">
<div style="font-size:48px;margin-bottom:12px"><i class="fas fa-prescription-bottl
  User variables:
    target: http://localhost/hospital
    $environment: undefined
    $testId: tyrwb_hf3cergm9paphrkje9z4gkrz7e9jf_7x9j
    $dirname: tests
    $scenarioFile: C:\wamp64\www\hospital\mi-qa\tests\escenarios.yaml
    username: vendedor1
    password: vendedor123
    nombre_medicamento: omeprazol
    cliente_id: cliente_id
    $uuid: f1e81a5d-200d-413d-88cc-ff4d170206ab
* GET /hospital/?route=home 

  ok statusCode 200 
* GET /hospital/?route=login 

  ok statusCode 200 
* GET /hospital/?route=login 

* GET /hospital/?route=home 

  ok statusCode 200 
  ok statusCode 200 
* GET /hospital/?route=login 

  ok statusCode 200 
* GET /hospital/?route=home 

  ok statusCode 200 
* POST /hospital/?route=auth&action=login 

  not ok statusCode 200 
  expected: 302
       got: 200
  Request params:
    http://localhost/hospital/?route=auth&action=login
    ""
  Headers:
  date: Wed, 06 May 2026 16:12:38 GMT
  server: Apache/2.4.65 (Win64) PHP/8.3.28 mod_fcgid/2.3.10-dev
  x-powered-by: PHP/8.3.28
  expires: Thu, 19 Nov 1981 08:52:00 GMT
  cache-control: no-store, no-cache, must-revalidate
  pragma: no-cache
  content-length: 1624
  keep-alive: timeout=5, max=97
  connection: Keep-Alive
  content-type: text/html; charset=UTF-8
  Body:
<!DOCTYPE html>
<html lang="es">
<head>
<meta charset="UTF-8">
<meta name="viewport" content="width=device-width,initial-scale=1.0">
<title>Iniciar Sesión — PharmaCRM</title>
<link rel="stylesheet" href="/hospital/public/css/styles.css">
<link rel="stylesheet" href="https://cdnjs.cloudflare.com/ajax/libs/font-awesome/6.5.1/css/all.min.css">
</head>
<body>
<div class="login-wrapper">
<div class="login-card">
<div class="logo">
<div style="font-size:48px;margin-bottom:12px"><i class="fas fa-prescription-bottl
  User variables:
    target: http://localhost/hospital
    $environment: undefined
    $testId: tyrwb_hf3cergm9paphrkje9z4gkrz7e9jf_7x9j
    $dirname: tests
    $scenarioFile: C:\wamp64\www\hospital\mi-qa\tests\escenarios.yaml
    username: admin
    password: admin
    nombre_medicamento: enalapril
    cliente_id: 4
    $uuid: a7121228-2afa-4044-ab13-2bbe9abe4176
* POST /hospital/?route=auth&action=login 

  not ok statusCode 200 
  expected: 302
       got: 200
  Request params:
    http://localhost/hospital/?route=auth&action=login
    ""
  Headers:
  date: Wed, 06 May 2026 16:12:38 GMT
  server: Apache/2.4.65 (Win64) PHP/8.3.28 mod_fcgid/2.3.10-dev
  x-powered-by: PHP/8.3.28
  expires: Thu, 19 Nov 1981 08:52:00 GMT
  cache-control: no-store, no-cache, must-revalidate
  pragma: no-cache
  content-length: 1624
  keep-alive: timeout=5, max=97
  connection: Keep-Alive
  content-type: text/html; charset=UTF-8
  Body:
<!DOCTYPE html>
<html lang="es">
<head>
<meta charset="UTF-8">
<meta name="viewport" content="width=device-width,initial-scale=1.0">
<title>Iniciar Sesión — PharmaCRM</title>
<link rel="stylesheet" href="/hospital/public/css/styles.css">
<link rel="stylesheet" href="https://cdnjs.cloudflare.com/ajax/libs/font-awesome/6.5.1/css/all.min.css">
</head>
<body>
<div class="login-wrapper">
<div class="login-card">
<div class="logo">
<div style="font-size:48px;margin-bottom:12px"><i class="fas fa-prescription-bottl
  User variables:
    target: http://localhost/hospital
    $environment: undefined
    $testId: tyrwb_hf3cergm9paphrkje9z4gkrz7e9jf_7x9j
    $dirname: tests
    $scenarioFile: C:\wamp64\www\hospital\mi-qa\tests\escenarios.yaml
    username: vendedor1
    password: vendedor123
    nombre_medicamento: enalapril
    cliente_id: 4
    $uuid: 67d1929a-745d-4cba-b585-213926083f6e
* GET /hospital/?route=home 

  ok statusCode 200 
* GET /hospital/?route=login 

  ok statusCode 200 
* POST /hospital/?route=auth&action=login 

* GET /hospital/?route=login 

  not ok statusCode 200 
  expected: 302
       got: 200
  Request params:
    http://localhost/hospital/?route=auth&action=login
    ""
  Headers:
  date: Wed, 06 May 2026 16:12:39 GMT
  server: Apache/2.4.65 (Win64) PHP/8.3.28 mod_fcgid/2.3.10-dev
  x-powered-by: PHP/8.3.28
  expires: Thu, 19 Nov 1981 08:52:00 GMT
  cache-control: no-store, no-cache, must-revalidate
  pragma: no-cache
  content-length: 1624
  keep-alive: timeout=5, max=97
  connection: Keep-Alive
  content-type: text/html; charset=UTF-8
  Body:
<!DOCTYPE html>
<html lang="es">
<head>
<meta charset="UTF-8">
<meta name="viewport" content="width=device-width,initial-scale=1.0">
<title>Iniciar Sesión — PharmaCRM</title>
<link rel="stylesheet" href="/hospital/public/css/styles.css">
<link rel="stylesheet" href="https://cdnjs.cloudflare.com/ajax/libs/font-awesome/6.5.1/css/all.min.css">
</head>
<body>
<div class="login-wrapper">
<div class="login-card">
<div class="logo">
<div style="font-size:48px;margin-bottom:12px"><i class="fas fa-prescription-bottl
  User variables:
    target: http://localhost/hospital
    $environment: undefined
    $testId: tyrwb_hf3cergm9paphrkje9z4gkrz7e9jf_7x9j
    $dirname: tests
    $scenarioFile: C:\wamp64\www\hospital\mi-qa\tests\escenarios.yaml
    username: vendedor1
    password: vendedor123
    nombre_medicamento: amoxicilina
    cliente_id: cliente_id
    $uuid: d2550681-82b3-4b43-8170-57bd62972c97
  ok statusCode 200 
* GET /hospital/?route=home 

  ok statusCode 200 
* GET /hospital/?route=home 

  ok statusCode 200 
* GET /hospital/?route=login 

  ok statusCode 200 
* POST /hospital/?route=auth&action=login 

* POST /hospital/?route=auth&action=login 

  not ok statusCode 200 
  expected: 302
       got: 200
  Request params:
    http://localhost/hospital/?route=auth&action=login
    ""
  Headers:
  date: Wed, 06 May 2026 16:12:39 GMT
  server: Apache/2.4.65 (Win64) PHP/8.3.28 mod_fcgid/2.3.10-dev
  x-powered-by: PHP/8.3.28
  expires: Thu, 19 Nov 1981 08:52:00 GMT
  cache-control: no-store, no-cache, must-revalidate
  pragma: no-cache
  content-length: 1624
  keep-alive: timeout=5, max=97
  connection: Keep-Alive
  content-type: text/html; charset=UTF-8
  Body:
<!DOCTYPE html>
<html lang="es">
<head>
<meta charset="UTF-8">
<meta name="viewport" content="width=device-width,initial-scale=1.0">
<title>Iniciar Sesión — PharmaCRM</title>
<link rel="stylesheet" href="/hospital/public/css/styles.css">
<link rel="stylesheet" href="https://cdnjs.cloudflare.com/ajax/libs/font-awesome/6.5.1/css/all.min.css">
</head>
<body>
<div class="login-wrapper">
<div class="login-card">
<div class="logo">
<div style="font-size:48px;margin-bottom:12px"><i class="fas fa-prescription-bottl
  User variables:
    target: http://localhost/hospital
    $environment: undefined
    $testId: tyrwb_hf3cergm9paphrkje9z4gkrz7e9jf_7x9j
    $dirname: tests
    $scenarioFile: C:\wamp64\www\hospital\mi-qa\tests\escenarios.yaml
    username: vendedor1
    password: vendedor123
    nombre_medicamento: amoxicilina
    cliente_id: cliente_id
    $uuid: 945d099b-ac06-4301-b37b-17108a118e94
  not ok statusCode 200 
  expected: 302
       got: 200
  Request params:
    http://localhost/hospital/?route=auth&action=login
    ""
  Headers:
  date: Wed, 06 May 2026 16:12:39 GMT
  server: Apache/2.4.65 (Win64) PHP/8.3.28 mod_fcgid/2.3.10-dev
  x-powered-by: PHP/8.3.28
  expires: Thu, 19 Nov 1981 08:52:00 GMT
  cache-control: no-store, no-cache, must-revalidate
  pragma: no-cache
  content-length: 1624
  keep-alive: timeout=5, max=97
  connection: Keep-Alive
  content-type: text/html; charset=UTF-8
  Body:
<!DOCTYPE html>
<html lang="es">
<head>
<meta charset="UTF-8">
<meta name="viewport" content="width=device-width,initial-scale=1.0">
<title>Iniciar Sesión — PharmaCRM</title>
<link rel="stylesheet" href="/hospital/public/css/styles.css">
<link rel="stylesheet" href="https://cdnjs.cloudflare.com/ajax/libs/font-awesome/6.5.1/css/all.min.css">
</head>
<body>
<div class="login-wrapper">
<div class="login-card">
<div class="logo">
<div style="font-size:48px;margin-bottom:12px"><i class="fas fa-prescription-bottl
  User variables:
    target: http://localhost/hospital
    $environment: undefined
    $testId: tyrwb_hf3cergm9paphrkje9z4gkrz7e9jf_7x9j
    $dirname: tests
    $scenarioFile: C:\wamp64\www\hospital\mi-qa\tests\escenarios.yaml
    username: vendedor1
    password: vendedor123
    nombre_medicamento: losartan
    cliente_id: 6
    $uuid: 5c80d41c-9e19-4d1e-a96b-e088bc703445
* GET /hospital/?route=login 

  ok statusCode 200 
* GET /hospital/?route=home 

  ok statusCode 200 
* POST /hospital/?route=auth&action=login 

  not ok statusCode 200 
  expected: 302
       got: 200
  Request params:
    http://localhost/hospital/?route=auth&action=login
    ""
  Headers:
  date: Wed, 06 May 2026 16:12:39 GMT
  server: Apache/2.4.65 (Win64) PHP/8.3.28 mod_fcgid/2.3.10-dev
  x-powered-by: PHP/8.3.28
  expires: Thu, 19 Nov 1981 08:52:00 GMT
  cache-control: no-store, no-cache, must-revalidate
  pragma: no-cache
  content-length: 1624
  keep-alive: timeout=5, max=97
  connection: Keep-Alive
  content-type: text/html; charset=UTF-8
  Body:
<!DOCTYPE html>
<html lang="es">
<head>
<meta charset="UTF-8">
<meta name="viewport" content="width=device-width,initial-scale=1.0">
<title>Iniciar Sesión — PharmaCRM</title>
<link rel="stylesheet" href="/hospital/public/css/styles.css">
<link rel="stylesheet" href="https://cdnjs.cloudflare.com/ajax/libs/font-awesome/6.5.1/css/all.min.css">
</head>
<body>
<div class="login-wrapper">
<div class="login-card">
<div class="logo">
<div style="font-size:48px;margin-bottom:12px"><i class="fas fa-prescription-bottl
  User variables:
    target: http://localhost/hospital
    $environment: undefined
    $testId: tyrwb_hf3cergm9paphrkje9z4gkrz7e9jf_7x9j
    $dirname: tests
    $scenarioFile: C:\wamp64\www\hospital\mi-qa\tests\escenarios.yaml
    username: vendedor1
    password: vendedor123
    nombre_medicamento: nombre_medicamento
    cliente_id: 4
    $uuid: 4856a958-191e-4396-86ed-59f0c388f93e
* GET /hospital/?route=login 

  ok statusCode 200 
* GET /hospital/?route=home 

  ok statusCode 200 
* POST /hospital/?route=auth&action=login 

  not ok statusCode 200 
  expected: 302
       got: 200
  Request params:
    http://localhost/hospital/?route=auth&action=login
    ""
  Headers:
  date: Wed, 06 May 2026 16:12:39 GMT
  server: Apache/2.4.65 (Win64) PHP/8.3.28 mod_fcgid/2.3.10-dev
  x-powered-by: PHP/8.3.28
  expires: Thu, 19 Nov 1981 08:52:00 GMT
  cache-control: no-store, no-cache, must-revalidate
  pragma: no-cache
  content-length: 1624
  keep-alive: timeout=5, max=97
  connection: Keep-Alive
  content-type: text/html; charset=UTF-8
  Body:
<!DOCTYPE html>
<html lang="es">
<head>
<meta charset="UTF-8">
<meta name="viewport" content="width=device-width,initial-scale=1.0">
<title>Iniciar Sesión — PharmaCRM</title>
<link rel="stylesheet" href="/hospital/public/css/styles.css">
<link rel="stylesheet" href="https://cdnjs.cloudflare.com/ajax/libs/font-awesome/6.5.1/css/all.min.css">
</head>
<body>
<div class="login-wrapper">
<div class="login-card">
<div class="logo">
<div style="font-size:48px;margin-bottom:12px"><i class="fas fa-prescription-bottl
  User variables:
    target: http://localhost/hospital
    $environment: undefined
    $testId: tyrwb_hf3cergm9paphrkje9z4gkrz7e9jf_7x9j
    $dirname: tests
    $scenarioFile: C:\wamp64\www\hospital\mi-qa\tests\escenarios.yaml
    username: supervisor1
    password: supervisor123
    nombre_medicamento: omeprazol
    cliente_id: 9
    $uuid: 1200519a-3894-4e83-adc7-65e1f52cb146
* GET /hospital/?route=home 

  ok statusCode 200 
* GET /hospital/?route=login 

  ok statusCode 200 
* POST /hospital/?route=auth&action=login 

  not ok statusCode 200 
  expected: 302
       got: 200
  Request params:
    http://localhost/hospital/?route=auth&action=login
    ""
  Headers:
  date: Wed, 06 May 2026 16:12:39 GMT
  server: Apache/2.4.65 (Win64) PHP/8.3.28 mod_fcgid/2.3.10-dev
  x-powered-by: PHP/8.3.28
  expires: Thu, 19 Nov 1981 08:52:00 GMT
  cache-control: no-store, no-cache, must-revalidate
  pragma: no-cache
  content-length: 1624
  keep-alive: timeout=5, max=97
  connection: Keep-Alive
  content-type: text/html; charset=UTF-8
  Body:
<!DOCTYPE html>
<html lang="es">
<head>
<meta charset="UTF-8">
<meta name="viewport" content="width=device-width,initial-scale=1.0">
<title>Iniciar Sesión — PharmaCRM</title>
<link rel="stylesheet" href="/hospital/public/css/styles.css">
<link rel="stylesheet" href="https://cdnjs.cloudflare.com/ajax/libs/font-awesome/6.5.1/css/all.min.css">
</head>
<body>
<div class="login-wrapper">
<div class="login-card">
<div class="logo">
<div style="font-size:48px;margin-bottom:12px"><i class="fas fa-prescription-bottl
  User variables:
    target: http://localhost/hospital
    $environment: undefined
    $testId: tyrwb_hf3cergm9paphrkje9z4gkrz7e9jf_7x9j
    $dirname: tests
    $scenarioFile: C:\wamp64\www\hospital\mi-qa\tests\escenarios.yaml
    username: tester
    password: tester123
    nombre_medicamento: omeprazol
    cliente_id: 10
    $uuid: 3a27ec94-9b2e-4499-8196-fef6645d68c1
* GET /hospital/?route=home 

  ok statusCode 200 
* GET /hospital/?route=login 

  ok statusCode 200 
* POST /hospital/?route=auth&action=login 

  not ok statusCode 200 
  expected: 302
       got: 200
  Request params:
    http://localhost/hospital/?route=auth&action=login
    ""
  Headers:
  date: Wed, 06 May 2026 16:12:39 GMT
  server: Apache/2.4.65 (Win64) PHP/8.3.28 mod_fcgid/2.3.10-dev
  x-powered-by: PHP/8.3.28
  expires: Thu, 19 Nov 1981 08:52:00 GMT
  cache-control: no-store, no-cache, must-revalidate
  pragma: no-cache
  content-length: 1624
  keep-alive: timeout=5, max=97
  connection: Keep-Alive
  content-type: text/html; charset=UTF-8
  Body:
<!DOCTYPE html>
<html lang="es">
<head>
<meta charset="UTF-8">
<meta name="viewport" content="width=device-width,initial-scale=1.0">
<title>Iniciar Sesión — PharmaCRM</title>
<link rel="stylesheet" href="/hospital/public/css/styles.css">
<link rel="stylesheet" href="https://cdnjs.cloudflare.com/ajax/libs/font-awesome/6.5.1/css/all.min.css">
</head>
<body>
<div class="login-wrapper">
<div class="login-card">
<div class="logo">
<div style="font-size:48px;margin-bottom:12px"><i class="fas fa-prescription-bottl
  User variables:
    target: http://localhost/hospital
    $environment: undefined
    $testId: tyrwb_hf3cergm9paphrkje9z4gkrz7e9jf_7x9j
    $dirname: tests
    $scenarioFile: C:\wamp64\www\hospital\mi-qa\tests\escenarios.yaml
    username: vendedor1
    password: vendedor123
    nombre_medicamento: acetaminofen
    cliente_id: 5
    $uuid: dd3cbe00-42a5-48c3-ab13-240bd2077f24
* GET /hospital/?route=home 

  ok statusCode 200 
* GET /hospital/?route=home 

  ok statusCode 200 
* GET /hospital/?route=login 

  ok statusCode 200 
* GET /hospital/?route=login 

  ok statusCode 200 
* POST /hospital/?route=auth&action=login 

  not ok statusCode 200 
  expected: 302
       got: 200
  Request params:
    http://localhost/hospital/?route=auth&action=login
    ""
  Headers:
  date: Wed, 06 May 2026 16:12:39 GMT
  server: Apache/2.4.65 (Win64) PHP/8.3.28 mod_fcgid/2.3.10-dev
  x-powered-by: PHP/8.3.28
  expires: Thu, 19 Nov 1981 08:52:00 GMT
  cache-control: no-store, no-cache, must-revalidate
  pragma: no-cache
  content-length: 1624
  keep-alive: timeout=5, max=97
  connection: Keep-Alive
  content-type: text/html; charset=UTF-8
  Body:
<!DOCTYPE html>
<html lang="es">
<head>
<meta charset="UTF-8">
<meta name="viewport" content="width=device-width,initial-scale=1.0">
<title>Iniciar Sesión — PharmaCRM</title>
<link rel="stylesheet" href="/hospital/public/css/styles.css">
<link rel="stylesheet" href="https://cdnjs.cloudflare.com/ajax/libs/font-awesome/6.5.1/css/all.min.css">
</head>
<body>
<div class="login-wrapper">
<div class="login-card">
<div class="logo">
<div style="font-size:48px;margin-bottom:12px"><i class="fas fa-prescription-bottl
  User variables:
    target: http://localhost/hospital
    $environment: undefined
    $testId: tyrwb_hf3cergm9paphrkje9z4gkrz7e9jf_7x9j
    $dirname: tests
    $scenarioFile: C:\wamp64\www\hospital\mi-qa\tests\escenarios.yaml
    username: admin
    password: admin
    nombre_medicamento: dexametasona
    cliente_id: 6
    $uuid: f6ba25b5-4e4f-4536-af27-fd01206b2004
* POST /hospital/?route=auth&action=login 

  not ok statusCode 200 
  expected: 302
       got: 200
  Request params:
    http://localhost/hospital/?route=auth&action=login
    ""
  Headers:
  date: Wed, 06 May 2026 16:12:39 GMT
  server: Apache/2.4.65 (Win64) PHP/8.3.28 mod_fcgid/2.3.10-dev
  x-powered-by: PHP/8.3.28
  expires: Thu, 19 Nov 1981 08:52:00 GMT
  cache-control: no-store, no-cache, must-revalidate
  pragma: no-cache
  content-length: 1624
  keep-alive: timeout=5, max=97
  connection: Keep-Alive
  content-type: text/html; charset=UTF-8
  Body:
<!DOCTYPE html>
<html lang="es">
<head>
<meta charset="UTF-8">
<meta name="viewport" content="width=device-width,initial-scale=1.0">
<title>Iniciar Sesión — PharmaCRM</title>
<link rel="stylesheet" href="/hospital/public/css/styles.css">
<link rel="stylesheet" href="https://cdnjs.cloudflare.com/ajax/libs/font-awesome/6.5.1/css/all.min.css">
</head>
<body>
<div class="login-wrapper">
<div class="login-card">
<div class="logo">
<div style="font-size:48px;margin-bottom:12px"><i class="fas fa-prescription-bottl
  User variables:
    target: http://localhost/hospital
    $environment: undefined
    $testId: tyrwb_hf3cergm9paphrkje9z4gkrz7e9jf_7x9j
    $dirname: tests
    $scenarioFile: C:\wamp64\www\hospital\mi-qa\tests\escenarios.yaml
    username: admin
    password: admin
    nombre_medicamento: salbutamol
    cliente_id: 1
    $uuid: 3ae9ebbc-420a-41ab-a970-5e17d7c18e79
* GET /hospital/?route=login 

  ok statusCode 200 
* POST /hospital/?route=auth&action=login 

  not ok statusCode 200 
  expected: 302
       got: 200
  Request params:
    http://localhost/hospital/?route=auth&action=login
    ""
  Headers:
  date: Wed, 06 May 2026 16:12:39 GMT
  server: Apache/2.4.65 (Win64) PHP/8.3.28 mod_fcgid/2.3.10-dev
  x-powered-by: PHP/8.3.28
  expires: Thu, 19 Nov 1981 08:52:00 GMT
  cache-control: no-store, no-cache, must-revalidate
  pragma: no-cache
  content-length: 1624
  keep-alive: timeout=5, max=97
  connection: Keep-Alive
  content-type: text/html; charset=UTF-8
  Body:
<!DOCTYPE html>
<html lang="es">
<head>
<meta charset="UTF-8">
<meta name="viewport" content="width=device-width,initial-scale=1.0">
<title>Iniciar Sesión — PharmaCRM</title>
<link rel="stylesheet" href="/hospital/public/css/styles.css">
<link rel="stylesheet" href="https://cdnjs.cloudflare.com/ajax/libs/font-awesome/6.5.1/css/all.min.css">
</head>
<body>
<div class="login-wrapper">
<div class="login-card">
<div class="logo">
<div style="font-size:48px;margin-bottom:12px"><i class="fas fa-prescription-bottl
  User variables:
    target: http://localhost/hospital
    $environment: undefined
    $testId: tyrwb_hf3cergm9paphrkje9z4gkrz7e9jf_7x9j
    $dirname: tests
    $scenarioFile: C:\wamp64\www\hospital\mi-qa\tests\escenarios.yaml
    username: admin
    password: admin
    nombre_medicamento: omeprazol
    cliente_id: cliente_id
    $uuid: ad5c1cfb-15d1-4c61-8b22-0e7b4deaff4a
* GET /hospital/?route=home 

  ok statusCode 200 
* GET /hospital/?route=home 

  ok statusCode 200 
* GET /hospital/?route=login 

  ok statusCode 200 
* GET /hospital/?route=login 

  ok statusCode 200 
* POST /hospital/?route=auth&action=login 

  not ok statusCode 200 
  expected: 302
       got: 200
  Request params:
    http://localhost/hospital/?route=auth&action=login
    ""
  Headers:
  date: Wed, 06 May 2026 16:12:40 GMT
  server: Apache/2.4.65 (Win64) PHP/8.3.28 mod_fcgid/2.3.10-dev
  x-powered-by: PHP/8.3.28
  expires: Thu, 19 Nov 1981 08:52:00 GMT
  cache-control: no-store, no-cache, must-revalidate
  pragma: no-cache
  content-length: 1624
  keep-alive: timeout=5, max=97
  connection: Keep-Alive
  content-type: text/html; charset=UTF-8
  Body:
<!DOCTYPE html>
<html lang="es">
<head>
<meta charset="UTF-8">
<meta name="viewport" content="width=device-width,initial-scale=1.0">
<title>Iniciar Sesión — PharmaCRM</title>
<link rel="stylesheet" href="/hospital/public/css/styles.css">
<link rel="stylesheet" href="https://cdnjs.cloudflare.com/ajax/libs/font-awesome/6.5.1/css/all.min.css">
</head>
<body>
<div class="login-wrapper">
<div class="login-card">
<div class="logo">
<div style="font-size:48px;margin-bottom:12px"><i class="fas fa-prescription-bottl
  User variables:
    target: http://localhost/hospital
    $environment: undefined
    $testId: tyrwb_hf3cergm9paphrkje9z4gkrz7e9jf_7x9j
    $dirname: tests
    $scenarioFile: C:\wamp64\www\hospital\mi-qa\tests\escenarios.yaml
    username: admin
    password: admin
    nombre_medicamento: metformina
    cliente_id: 1
    $uuid: c47bf952-23b3-430f-9170-9a323c9763cb
* POST /hospital/?route=auth&action=login 

  not ok statusCode 200 
  expected: 302
       got: 200
  Request params:
    http://localhost/hospital/?route=auth&action=login
    ""
  Headers:
  date: Wed, 06 May 2026 16:12:40 GMT
  server: Apache/2.4.65 (Win64) PHP/8.3.28 mod_fcgid/2.3.10-dev
  x-powered-by: PHP/8.3.28
  expires: Thu, 19 Nov 1981 08:52:00 GMT
  cache-control: no-store, no-cache, must-revalidate
  pragma: no-cache
  content-length: 1624
  keep-alive: timeout=5, max=97
  connection: Keep-Alive
  content-type: text/html; charset=UTF-8
  Body:
<!DOCTYPE html>
<html lang="es">
<head>
<meta charset="UTF-8">
<meta name="viewport" content="width=device-width,initial-scale=1.0">
<title>Iniciar Sesión — PharmaCRM</title>
<link rel="stylesheet" href="/hospital/public/css/styles.css">
<link rel="stylesheet" href="https://cdnjs.cloudflare.com/ajax/libs/font-awesome/6.5.1/css/all.min.css">
</head>
<body>
<div class="login-wrapper">
<div class="login-card">
<div class="logo">
<div style="font-size:48px;margin-bottom:12px"><i class="fas fa-prescription-bottl
  User variables:
    target: http://localhost/hospital
    $environment: undefined
    $testId: tyrwb_hf3cergm9paphrkje9z4gkrz7e9jf_7x9j
    $dirname: tests
    $scenarioFile: C:\wamp64\www\hospital\mi-qa\tests\escenarios.yaml
    username: vendedor1
    password: vendedor123
    nombre_medicamento: loratadina
    cliente_id: 9
    $uuid: 34d33afc-fa37-436a-8beb-ce687430651d
* GET /hospital/?route=home 

  ok statusCode 200 
* GET /hospital/?route=login 

  ok statusCode 200 
* GET /hospital/?route=home 

  ok statusCode 200 
* POST /hospital/?route=auth&action=login 

  not ok statusCode 200 
  expected: 302
       got: 200
  Request params:
    http://localhost/hospital/?route=auth&action=login
    ""
  Headers:
  date: Wed, 06 May 2026 16:12:40 GMT
  server: Apache/2.4.65 (Win64) PHP/8.3.28 mod_fcgid/2.3.10-dev
  x-powered-by: PHP/8.3.28
  expires: Thu, 19 Nov 1981 08:52:00 GMT
  cache-control: no-store, no-cache, must-revalidate
  pragma: no-cache
  content-length: 1624
  keep-alive: timeout=5, max=97
  connection: Keep-Alive
  content-type: text/html; charset=UTF-8
  Body:
<!DOCTYPE html>
<html lang="es">
<head>
<meta charset="UTF-8">
<meta name="viewport" content="width=device-width,initial-scale=1.0">
<title>Iniciar Sesión — PharmaCRM</title>
<link rel="stylesheet" href="/hospital/public/css/styles.css">
<link rel="stylesheet" href="https://cdnjs.cloudflare.com/ajax/libs/font-awesome/6.5.1/css/all.min.css">
</head>
<body>
<div class="login-wrapper">
<div class="login-card">
<div class="logo">
<div style="font-size:48px;margin-bottom:12px"><i class="fas fa-prescription-bottl
  User variables:
    target: http://localhost/hospital
    $environment: undefined
    $testId: tyrwb_hf3cergm9paphrkje9z4gkrz7e9jf_7x9j
    $dirname: tests
    $scenarioFile: C:\wamp64\www\hospital\mi-qa\tests\escenarios.yaml
    username: vendedor1
    password: vendedor123
    nombre_medicamento: dexametasona
    cliente_id: 2
    $uuid: 42117574-608d-4437-a80f-cb18564f49a6
* GET /hospital/?route=home 

  ok statusCode 200 
* GET /hospital/?route=login 

  ok statusCode 200 
* POST /hospital/?route=auth&action=login 

  not ok statusCode 200 
  expected: 302
       got: 200
  Request params:
    http://localhost/hospital/?route=auth&action=login
    ""
  Headers:
  date: Wed, 06 May 2026 16:12:40 GMT
  server: Apache/2.4.65 (Win64) PHP/8.3.28 mod_fcgid/2.3.10-dev
  x-powered-by: PHP/8.3.28
  expires: Thu, 19 Nov 1981 08:52:00 GMT
  cache-control: no-store, no-cache, must-revalidate
  pragma: no-cache
  content-length: 1624
  keep-alive: timeout=5, max=97
  connection: Keep-Alive
  content-type: text/html; charset=UTF-8
  Body:
<!DOCTYPE html>
<html lang="es">
<head>
<meta charset="UTF-8">
<meta name="viewport" content="width=device-width,initial-scale=1.0">
<title>Iniciar Sesión — PharmaCRM</title>
<link rel="stylesheet" href="/hospital/public/css/styles.css">
<link rel="stylesheet" href="https://cdnjs.cloudflare.com/ajax/libs/font-awesome/6.5.1/css/all.min.css">
</head>
<body>
<div class="login-wrapper">
<div class="login-card">
<div class="logo">
<div style="font-size:48px;margin-bottom:12px"><i class="fas fa-prescription-bottl
  User variables:
    target: http://localhost/hospital
    $environment: undefined
    $testId: tyrwb_hf3cergm9paphrkje9z4gkrz7e9jf_7x9j
    $dirname: tests
    $scenarioFile: C:\wamp64\www\hospital\mi-qa\tests\escenarios.yaml
    username: tester
    password: tester123
    nombre_medicamento: losartan
    cliente_id: 1
    $uuid: 7185b7de-1d6b-4f1c-85d9-9aa4d2c55909
* GET /hospital/?route=home 

  ok statusCode 200 
* GET /hospital/?route=login 

  ok statusCode 200 
* POST /hospital/?route=auth&action=login 

  not ok statusCode 200 
  expected: 302
       got: 200
  Request params:
    http://localhost/hospital/?route=auth&action=login
    ""
  Headers:
  date: Wed, 06 May 2026 16:12:40 GMT
  server: Apache/2.4.65 (Win64) PHP/8.3.28 mod_fcgid/2.3.10-dev
  x-powered-by: PHP/8.3.28
  expires: Thu, 19 Nov 1981 08:52:00 GMT
  cache-control: no-store, no-cache, must-revalidate
  pragma: no-cache
  content-length: 1624
  keep-alive: timeout=5, max=97
  connection: Keep-Alive
  content-type: text/html; charset=UTF-8
  Body:
<!DOCTYPE html>
<html lang="es">
<head>
<meta charset="UTF-8">
<meta name="viewport" content="width=device-width,initial-scale=1.0">
<title>Iniciar Sesión — PharmaCRM</title>
<link rel="stylesheet" href="/hospital/public/css/styles.css">
<link rel="stylesheet" href="https://cdnjs.cloudflare.com/ajax/libs/font-awesome/6.5.1/css/all.min.css">
</head>
<body>
<div class="login-wrapper">
<div class="login-card">
<div class="logo">
<div style="font-size:48px;margin-bottom:12px"><i class="fas fa-prescription-bottl
  User variables:
    target: http://localhost/hospital
    $environment: undefined
    $testId: tyrwb_hf3cergm9paphrkje9z4gkrz7e9jf_7x9j
    $dirname: tests
    $scenarioFile: C:\wamp64\www\hospital\mi-qa\tests\escenarios.yaml
    username: username
    password: password
    nombre_medicamento: losartan
    cliente_id: 5
    $uuid: 46cca3ca-9514-4a45-88ac-fcc2e6a76680
* GET /hospital/?route=home 

  ok statusCode 200 
* GET /hospital/?route=login 

  ok statusCode 200 
* POST /hospital/?route=auth&action=login 

  not ok statusCode 200 
  expected: 302
       got: 200
  Request params:
    http://localhost/hospital/?route=auth&action=login
    ""
  Headers:
  date: Wed, 06 May 2026 16:12:40 GMT
  server: Apache/2.4.65 (Win64) PHP/8.3.28 mod_fcgid/2.3.10-dev
  x-powered-by: PHP/8.3.28
  expires: Thu, 19 Nov 1981 08:52:00 GMT
  cache-control: no-store, no-cache, must-revalidate
  pragma: no-cache
  content-length: 1624
  keep-alive: timeout=5, max=97
  connection: Keep-Alive
  content-type: text/html; charset=UTF-8
  Body:
<!DOCTYPE html>
<html lang="es">
<head>
<meta charset="UTF-8">
<meta name="viewport" content="width=device-width,initial-scale=1.0">
<title>Iniciar Sesión — PharmaCRM</title>
<link rel="stylesheet" href="/hospital/public/css/styles.css">
<link rel="stylesheet" href="https://cdnjs.cloudflare.com/ajax/libs/font-awesome/6.5.1/css/all.min.css">
</head>
<body>
<div class="login-wrapper">
<div class="login-card">
<div class="logo">
<div style="font-size:48px;margin-bottom:12px"><i class="fas fa-prescription-bottl
  User variables:
    target: http://localhost/hospital
    $environment: undefined
    $testId: tyrwb_hf3cergm9paphrkje9z4gkrz7e9jf_7x9j
    $dirname: tests
    $scenarioFile: C:\wamp64\www\hospital\mi-qa\tests\escenarios.yaml
    username: username
    password: password
    nombre_medicamento: ibuprofeno
    cliente_id: 2
    $uuid: 72a15a6c-81a1-400e-affa-32a9718a52a1
* GET /hospital/?route=login 

  ok statusCode 200 
* GET /hospital/?route=home 

  ok statusCode 200 
* GET /hospital/?route=login 

  ok statusCode 200 
* GET /hospital/?route=home 

  ok statusCode 200 
* POST /hospital/?route=auth&action=login 

  not ok statusCode 200 
  expected: 302
       got: 200
  Request params:
    http://localhost/hospital/?route=auth&action=login
    ""
  Headers:
  date: Wed, 06 May 2026 16:12:40 GMT
  server: Apache/2.4.65 (Win64) PHP/8.3.28 mod_fcgid/2.3.10-dev
  x-powered-by: PHP/8.3.28
  expires: Thu, 19 Nov 1981 08:52:00 GMT
  cache-control: no-store, no-cache, must-revalidate
  pragma: no-cache
  content-length: 1624
  keep-alive: timeout=5, max=97
  connection: Keep-Alive
  content-type: text/html; charset=UTF-8
  Body:
<!DOCTYPE html>
<html lang="es">
<head>
<meta charset="UTF-8">
<meta name="viewport" content="width=device-width,initial-scale=1.0">
<title>Iniciar Sesión — PharmaCRM</title>
<link rel="stylesheet" href="/hospital/public/css/styles.css">
<link rel="stylesheet" href="https://cdnjs.cloudflare.com/ajax/libs/font-awesome/6.5.1/css/all.min.css">
</head>
<body>
<div class="login-wrapper">
<div class="login-card">
<div class="logo">
<div style="font-size:48px;margin-bottom:12px"><i class="fas fa-prescription-bottl
  User variables:
    target: http://localhost/hospital
    $environment: undefined
    $testId: tyrwb_hf3cergm9paphrkje9z4gkrz7e9jf_7x9j
    $dirname: tests
    $scenarioFile: C:\wamp64\www\hospital\mi-qa\tests\escenarios.yaml
    username: vendedor1
    password: vendedor123
    nombre_medicamento: acetaminofen
    cliente_id: 6
    $uuid: bf5a153c-3cee-4441-9642-b96c5b347f5f
* POST /hospital/?route=auth&action=login 

  not ok statusCode 200 
  expected: 302
       got: 200
  Request params:
    http://localhost/hospital/?route=auth&action=login
    ""
  Headers:
  date: Wed, 06 May 2026 16:12:40 GMT
  server: Apache/2.4.65 (Win64) PHP/8.3.28 mod_fcgid/2.3.10-dev
  x-powered-by: PHP/8.3.28
  expires: Thu, 19 Nov 1981 08:52:00 GMT
  cache-control: no-store, no-cache, must-revalidate
  pragma: no-cache
  content-length: 1624
  keep-alive: timeout=5, max=97
  connection: Keep-Alive
  content-type: text/html; charset=UTF-8
  Body:
<!DOCTYPE html>
<html lang="es">
<head>
<meta charset="UTF-8">
<meta name="viewport" content="width=device-width,initial-scale=1.0">
<title>Iniciar Sesión — PharmaCRM</title>
<link rel="stylesheet" href="/hospital/public/css/styles.css">
<link rel="stylesheet" href="https://cdnjs.cloudflare.com/ajax/libs/font-awesome/6.5.1/css/all.min.css">
</head>
<body>
<div class="login-wrapper">
<div class="login-card">
<div class="logo">
<div style="font-size:48px;margin-bottom:12px"><i class="fas fa-prescription-bottl
  User variables:
    target: http://localhost/hospital
    $environment: undefined
    $testId: tyrwb_hf3cergm9paphrkje9z4gkrz7e9jf_7x9j
    $dirname: tests
    $scenarioFile: C:\wamp64\www\hospital\mi-qa\tests\escenarios.yaml
    username: admin
    password: admin
    nombre_medicamento: nombre_medicamento
    cliente_id: 5
    $uuid: 836f4eb4-e136-44eb-bc98-ecfcba73d30a
* GET /hospital/?route=home 

  ok statusCode 200 
* GET /hospital/?route=login 

  ok statusCode 200 
* POST /hospital/?route=auth&action=login 

  not ok statusCode 200 
  expected: 302
       got: 200
  Request params:
    http://localhost/hospital/?route=auth&action=login
    ""
  Headers:
  date: Wed, 06 May 2026 16:12:40 GMT
  server: Apache/2.4.65 (Win64) PHP/8.3.28 mod_fcgid/2.3.10-dev
  x-powered-by: PHP/8.3.28
  expires: Thu, 19 Nov 1981 08:52:00 GMT
  cache-control: no-store, no-cache, must-revalidate
  pragma: no-cache
  content-length: 1624
  keep-alive: timeout=5, max=97
  connection: Keep-Alive
  content-type: text/html; charset=UTF-8
  Body:
<!DOCTYPE html>
<html lang="es">
<head>
<meta charset="UTF-8">
<meta name="viewport" content="width=device-width,initial-scale=1.0">
<title>Iniciar Sesión — PharmaCRM</title>
<link rel="stylesheet" href="/hospital/public/css/styles.css">
<link rel="stylesheet" href="https://cdnjs.cloudflare.com/ajax/libs/font-awesome/6.5.1/css/all.min.css">
</head>
<body>
<div class="login-wrapper">
<div class="login-card">
<div class="logo">
<div style="font-size:48px;margin-bottom:12px"><i class="fas fa-prescription-bottl
  User variables:
    target: http://localhost/hospital
    $environment: undefined
    $testId: tyrwb_hf3cergm9paphrkje9z4gkrz7e9jf_7x9j
    $dirname: tests
    $scenarioFile: C:\wamp64\www\hospital\mi-qa\tests\escenarios.yaml
    username: supervisor1
    password: supervisor123
    nombre_medicamento: amoxicilina
    cliente_id: 9
    $uuid: 69c96d22-86fb-4d3a-8396-aca9f58bd633
* GET /hospital/?route=home 

  ok statusCode 200 
* GET /hospital/?route=login 

  ok statusCode 200 
* POST /hospital/?route=auth&action=login 

  not ok statusCode 200 
  expected: 302
       got: 200
  Request params:
    http://localhost/hospital/?route=auth&action=login
    ""
  Headers:
  date: Wed, 06 May 2026 16:12:41 GMT
  server: Apache/2.4.65 (Win64) PHP/8.3.28 mod_fcgid/2.3.10-dev
  x-powered-by: PHP/8.3.28
  expires: Thu, 19 Nov 1981 08:52:00 GMT
  cache-control: no-store, no-cache, must-revalidate
  pragma: no-cache
  content-length: 1624
  keep-alive: timeout=5, max=97
  connection: Keep-Alive
  content-type: text/html; charset=UTF-8
  Body:
<!DOCTYPE html>
<html lang="es">
<head>
<meta charset="UTF-8">
<meta name="viewport" content="width=device-width,initial-scale=1.0">
<title>Iniciar Sesión — PharmaCRM</title>
<link rel="stylesheet" href="/hospital/public/css/styles.css">
<link rel="stylesheet" href="https://cdnjs.cloudflare.com/ajax/libs/font-awesome/6.5.1/css/all.min.css">
</head>
<body>
<div class="login-wrapper">
<div class="login-card">
<div class="logo">
<div style="font-size:48px;margin-bottom:12px"><i class="fas fa-prescription-bottl
  User variables:
    target: http://localhost/hospital
    $environment: undefined
    $testId: tyrwb_hf3cergm9paphrkje9z4gkrz7e9jf_7x9j
    $dirname: tests
    $scenarioFile: C:\wamp64\www\hospital\mi-qa\tests\escenarios.yaml
    username: username
    password: password
    nombre_medicamento: nombre_medicamento
    cliente_id: 10
    $uuid: 94508ede-61fb-4f03-98e0-194053ed61cb
* GET /hospital/?route=home 

  ok statusCode 200 
* GET /hospital/?route=login 

  ok statusCode 200 
* POST /hospital/?route=auth&action=login 

  not ok statusCode 200 
  expected: 302
       got: 200
  Request params:
    http://localhost/hospital/?route=auth&action=login
    ""
  Headers:
  date: Wed, 06 May 2026 16:12:41 GMT
  server: Apache/2.4.65 (Win64) PHP/8.3.28 mod_fcgid/2.3.10-dev
  x-powered-by: PHP/8.3.28
  expires: Thu, 19 Nov 1981 08:52:00 GMT
  cache-control: no-store, no-cache, must-revalidate
  pragma: no-cache
  content-length: 1624
  keep-alive: timeout=5, max=97
  connection: Keep-Alive
  content-type: text/html; charset=UTF-8
  Body:
<!DOCTYPE html>
<html lang="es">
<head>
<meta charset="UTF-8">
<meta name="viewport" content="width=device-width,initial-scale=1.0">
<title>Iniciar Sesión — PharmaCRM</title>
<link rel="stylesheet" href="/hospital/public/css/styles.css">
<link rel="stylesheet" href="https://cdnjs.cloudflare.com/ajax/libs/font-awesome/6.5.1/css/all.min.css">
</head>
<body>
<div class="login-wrapper">
<div class="login-card">
<div class="logo">
<div style="font-size:48px;margin-bottom:12px"><i class="fas fa-prescription-bottl
  User variables:
    target: http://localhost/hospital
    $environment: undefined
    $testId: tyrwb_hf3cergm9paphrkje9z4gkrz7e9jf_7x9j
    $dirname: tests
    $scenarioFile: C:\wamp64\www\hospital\mi-qa\tests\escenarios.yaml
    username: tester
    password: tester123
    nombre_medicamento: amoxicilina
    cliente_id: cliente_id
    $uuid: d3400e52-c02c-4e11-a1b0-741c37e6124b
* GET /hospital/?route=home 

  ok statusCode 200 
* GET /hospital/?route=login 

  ok statusCode 200 
* POST /hospital/?route=auth&action=login 

  not ok statusCode 200 
  expected: 302
       got: 200
  Request params:
    http://localhost/hospital/?route=auth&action=login
    ""
  Headers:
  date: Wed, 06 May 2026 16:12:41 GMT
  server: Apache/2.4.65 (Win64) PHP/8.3.28 mod_fcgid/2.3.10-dev
  x-powered-by: PHP/8.3.28
  expires: Thu, 19 Nov 1981 08:52:00 GMT
  cache-control: no-store, no-cache, must-revalidate
  pragma: no-cache
  content-length: 1624
  keep-alive: timeout=5, max=97
  connection: Keep-Alive
  content-type: text/html; charset=UTF-8
  Body:
<!DOCTYPE html>
<html lang="es">
<head>
<meta charset="UTF-8">
<meta name="viewport" content="width=device-width,initial-scale=1.0">
<title>Iniciar Sesión — PharmaCRM</title>
<link rel="stylesheet" href="/hospital/public/css/styles.css">
<link rel="stylesheet" href="https://cdnjs.cloudflare.com/ajax/libs/font-awesome/6.5.1/css/all.min.css">
</head>
<body>
<div class="login-wrapper">
<div class="login-card">
<div class="logo">
<div style="font-size:48px;margin-bottom:12px"><i class="fas fa-prescription-bottl
  User variables:
    target: http://localhost/hospital
    $environment: undefined
    $testId: tyrwb_hf3cergm9paphrkje9z4gkrz7e9jf_7x9j
    $dirname: tests
    $scenarioFile: C:\wamp64\www\hospital\mi-qa\tests\escenarios.yaml
    username: username
    password: password
    nombre_medicamento: salbutamol
    cliente_id: 3
    $uuid: 517c94f9-96a0-4ec6-8456-7262ac4a534a
* GET /hospital/?route=login 

  ok statusCode 200 
* POST /hospital/?route=auth&action=login 

  not ok statusCode 200 
  expected: 302
       got: 200
  Request params:
    http://localhost/hospital/?route=auth&action=login
    ""
  Headers:
  date: Wed, 06 May 2026 16:12:41 GMT
  server: Apache/2.4.65 (Win64) PHP/8.3.28 mod_fcgid/2.3.10-dev
  x-powered-by: PHP/8.3.28
  expires: Thu, 19 Nov 1981 08:52:00 GMT
  cache-control: no-store, no-cache, must-revalidate
  pragma: no-cache
  content-length: 1624
  keep-alive: timeout=5, max=97
  connection: Keep-Alive
  content-type: text/html; charset=UTF-8
  Body:
<!DOCTYPE html>
<html lang="es">
<head>
<meta charset="UTF-8">
<meta name="viewport" content="width=device-width,initial-scale=1.0">
<title>Iniciar Sesión — PharmaCRM</title>
<link rel="stylesheet" href="/hospital/public/css/styles.css">
<link rel="stylesheet" href="https://cdnjs.cloudflare.com/ajax/libs/font-awesome/6.5.1/css/all.min.css">
</head>
<body>
<div class="login-wrapper">
<div class="login-card">
<div class="logo">
<div style="font-size:48px;margin-bottom:12px"><i class="fas fa-prescription-bottl
  User variables:
    target: http://localhost/hospital
    $environment: undefined
    $testId: tyrwb_hf3cergm9paphrkje9z4gkrz7e9jf_7x9j
    $dirname: tests
    $scenarioFile: C:\wamp64\www\hospital\mi-qa\tests\escenarios.yaml
    username: username
    password: password
    nombre_medicamento: acetaminofen
    cliente_id: 10
    $uuid: 7d0493c5-70a3-420e-b467-094af364fda8
* GET /hospital/?route=home 

  ok statusCode 200 
* GET /hospital/?route=login 

  ok statusCode 200 
* POST /hospital/?route=auth&action=login 

  not ok statusCode 200 
  expected: 302
       got: 200
  Request params:
    http://localhost/hospital/?route=auth&action=login
    ""
  Headers:
  date: Wed, 06 May 2026 16:12:41 GMT
  server: Apache/2.4.65 (Win64) PHP/8.3.28 mod_fcgid/2.3.10-dev
  x-powered-by: PHP/8.3.28
  expires: Thu, 19 Nov 1981 08:52:00 GMT
  cache-control: no-store, no-cache, must-revalidate
  pragma: no-cache
  content-length: 1624
  keep-alive: timeout=5, max=97
  connection: Keep-Alive
  content-type: text/html; charset=UTF-8
  Body:
<!DOCTYPE html>
<html lang="es">
<head>
<meta charset="UTF-8">
<meta name="viewport" content="width=device-width,initial-scale=1.0">
<title>Iniciar Sesión — PharmaCRM</title>
<link rel="stylesheet" href="/hospital/public/css/styles.css">
<link rel="stylesheet" href="https://cdnjs.cloudflare.com/ajax/libs/font-awesome/6.5.1/css/all.min.css">
</head>
<body>
<div class="login-wrapper">
<div class="login-card">
<div class="logo">
<div style="font-size:48px;margin-bottom:12px"><i class="fas fa-prescription-bottl
  User variables:
    target: http://localhost/hospital
    $environment: undefined
    $testId: tyrwb_hf3cergm9paphrkje9z4gkrz7e9jf_7x9j
    $dirname: tests
    $scenarioFile: C:\wamp64\www\hospital\mi-qa\tests\escenarios.yaml
    username: supervisor1
    password: supervisor123
    nombre_medicamento: enalapril
    cliente_id: 3
    $uuid: 438c7da6-43b8-4f4f-a4ff-21a88b9e32a1
* GET /hospital/?route=home 

  ok statusCode 200 
* GET /hospital/?route=home 

  ok statusCode 200 
* GET /hospital/?route=login 

  ok statusCode 200 
* POST /hospital/?route=auth&action=login 

  not ok statusCode 200 
  expected: 302
       got: 200
  Request params:
    http://localhost/hospital/?route=auth&action=login
    ""
  Headers:
  date: Wed, 06 May 2026 16:12:41 GMT
  server: Apache/2.4.65 (Win64) PHP/8.3.28 mod_fcgid/2.3.10-dev
  x-powered-by: PHP/8.3.28
  expires: Thu, 19 Nov 1981 08:52:00 GMT
  cache-control: no-store, no-cache, must-revalidate
  pragma: no-cache
  content-length: 1624
  keep-alive: timeout=5, max=97
  connection: Keep-Alive
  content-type: text/html; charset=UTF-8
  Body:
<!DOCTYPE html>
<html lang="es">
<head>
<meta charset="UTF-8">
<meta name="viewport" content="width=device-width,initial-scale=1.0">
<title>Iniciar Sesión — PharmaCRM</title>
<link rel="stylesheet" href="/hospital/public/css/styles.css">
<link rel="stylesheet" href="https://cdnjs.cloudflare.com/ajax/libs/font-awesome/6.5.1/css/all.min.css">
</head>
<body>
<div class="login-wrapper">
<div class="login-card">
<div class="logo">
<div style="font-size:48px;margin-bottom:12px"><i class="fas fa-prescription-bottl
  User variables:
    target: http://localhost/hospital
    $environment: undefined
    $testId: tyrwb_hf3cergm9paphrkje9z4gkrz7e9jf_7x9j
    $dirname: tests
    $scenarioFile: C:\wamp64\www\hospital\mi-qa\tests\escenarios.yaml
    username: admin
    password: admin
    nombre_medicamento: omeprazol
    cliente_id: 6
    $uuid: b3d964fc-9837-4672-abeb-11c271a2fd3d
* GET /hospital/?route=home 

  ok statusCode 200 
* POST /hospital/?route=auth&action=login 

  not ok statusCode 200 
  expected: 302
       got: 200
  Request params:
    http://localhost/hospital/?route=auth&action=login
    ""
  Headers:
  date: Wed, 06 May 2026 16:12:41 GMT
  server: Apache/2.4.65 (Win64) PHP/8.3.28 mod_fcgid/2.3.10-dev
  x-powered-by: PHP/8.3.28
  expires: Thu, 19 Nov 1981 08:52:00 GMT
  cache-control: no-store, no-cache, must-revalidate
  pragma: no-cache
  content-length: 1624
  keep-alive: timeout=5, max=97
  connection: Keep-Alive
  content-type: text/html; charset=UTF-8
  Body:
<!DOCTYPE html>
<html lang="es">
<head>
<meta charset="UTF-8">
<meta name="viewport" content="width=device-width,initial-scale=1.0">
<title>Iniciar Sesión — PharmaCRM</title>
<link rel="stylesheet" href="/hospital/public/css/styles.css">
<link rel="stylesheet" href="https://cdnjs.cloudflare.com/ajax/libs/font-awesome/6.5.1/css/all.min.css">
</head>
<body>
<div class="login-wrapper">
<div class="login-card">
<div class="logo">
<div style="font-size:48px;margin-bottom:12px"><i class="fas fa-prescription-bottl
  User variables:
    target: http://localhost/hospital
    $environment: undefined
    $testId: tyrwb_hf3cergm9paphrkje9z4gkrz7e9jf_7x9j
    $dirname: tests
    $scenarioFile: C:\wamp64\www\hospital\mi-qa\tests\escenarios.yaml
    username: admin
    password: admin
    nombre_medicamento: loratadina
    cliente_id: 2
    $uuid: bd5b372a-1222-4a5a-b345-75f45a2a31a7
* GET /hospital/?route=login 

  ok statusCode 200 
* POST /hospital/?route=auth&action=login 

  not ok statusCode 200 
  expected: 302
       got: 200
  Request params:
    http://localhost/hospital/?route=auth&action=login
    ""
  Headers:
  date: Wed, 06 May 2026 16:12:41 GMT
  server: Apache/2.4.65 (Win64) PHP/8.3.28 mod_fcgid/2.3.10-dev
  x-powered-by: PHP/8.3.28
  expires: Thu, 19 Nov 1981 08:52:00 GMT
  cache-control: no-store, no-cache, must-revalidate
  pragma: no-cache
  content-length: 1624
  keep-alive: timeout=5, max=97
  connection: Keep-Alive
  content-type: text/html; charset=UTF-8
  Body:
<!DOCTYPE html>
<html lang="es">
<head>
<meta charset="UTF-8">
<meta name="viewport" content="width=device-width,initial-scale=1.0">
<title>Iniciar Sesión — PharmaCRM</title>
<link rel="stylesheet" href="/hospital/public/css/styles.css">
<link rel="stylesheet" href="https://cdnjs.cloudflare.com/ajax/libs/font-awesome/6.5.1/css/all.min.css">
</head>
<body>
<div class="login-wrapper">
<div class="login-card">
<div class="logo">
<div style="font-size:48px;margin-bottom:12px"><i class="fas fa-prescription-bottl
  User variables:
    target: http://localhost/hospital
    $environment: undefined
    $testId: tyrwb_hf3cergm9paphrkje9z4gkrz7e9jf_7x9j
    $dirname: tests
    $scenarioFile: C:\wamp64\www\hospital\mi-qa\tests\escenarios.yaml
    username: supervisor1
    password: supervisor123
    nombre_medicamento: losartan
    cliente_id: 6
    $uuid: 172edd44-f848-4c58-a357-608a6a302372
* GET /hospital/?route=home 

* GET /hospital/?route=login 

  ok statusCode 200 
  ok statusCode 200 
* GET /hospital/?route=home 

  ok statusCode 200 
* GET /hospital/?route=login 

  ok statusCode 200 
* POST /hospital/?route=auth&action=login 

  not ok statusCode 200 
  expected: 302
       got: 200
  Request params:
    http://localhost/hospital/?route=auth&action=login
    ""
  Headers:
  date: Wed, 06 May 2026 16:12:42 GMT
  server: Apache/2.4.65 (Win64) PHP/8.3.28 mod_fcgid/2.3.10-dev
  x-powered-by: PHP/8.3.28
  expires: Thu, 19 Nov 1981 08:52:00 GMT
  cache-control: no-store, no-cache, must-revalidate
  pragma: no-cache
  content-length: 1624
  keep-alive: timeout=5, max=97
  connection: Keep-Alive
  content-type: text/html; charset=UTF-8
  Body:
<!DOCTYPE html>
<html lang="es">
<head>
<meta charset="UTF-8">
<meta name="viewport" content="width=device-width,initial-scale=1.0">
<title>Iniciar Sesión — PharmaCRM</title>
<link rel="stylesheet" href="/hospital/public/css/styles.css">
<link rel="stylesheet" href="https://cdnjs.cloudflare.com/ajax/libs/font-awesome/6.5.1/css/all.min.css">
</head>
<body>
<div class="login-wrapper">
<div class="login-card">
<div class="logo">
<div style="font-size:48px;margin-bottom:12px"><i class="fas fa-prescription-bottl
  User variables:
    target: http://localhost/hospital
    $environment: undefined
    $testId: tyrwb_hf3cergm9paphrkje9z4gkrz7e9jf_7x9j
    $dirname: tests
    $scenarioFile: C:\wamp64\www\hospital\mi-qa\tests\escenarios.yaml
    username: admin
    password: admin
    nombre_medicamento: enalapril
    cliente_id: 4
    $uuid: a2f69cd3-67b0-46b1-9cc7-07bdf8e67ee2
* GET /hospital/?route=home 

  ok statusCode 200 
* GET /hospital/?route=login 

  ok statusCode 200 
* POST /hospital/?route=auth&action=login 

  not ok statusCode 200 
  expected: 302
       got: 200
  Request params:
    http://localhost/hospital/?route=auth&action=login
    ""
  Headers:
  date: Wed, 06 May 2026 16:12:42 GMT
  server: Apache/2.4.65 (Win64) PHP/8.3.28 mod_fcgid/2.3.10-dev
  x-powered-by: PHP/8.3.28
  expires: Thu, 19 Nov 1981 08:52:00 GMT
  cache-control: no-store, no-cache, must-revalidate
  pragma: no-cache
  content-length: 1624
  keep-alive: timeout=5, max=97
  connection: Keep-Alive
  content-type: text/html; charset=UTF-8
  Body:
<!DOCTYPE html>
<html lang="es">
<head>
<meta charset="UTF-8">
<meta name="viewport" content="width=device-width,initial-scale=1.0">
<title>Iniciar Sesión — PharmaCRM</title>
<link rel="stylesheet" href="/hospital/public/css/styles.css">
<link rel="stylesheet" href="https://cdnjs.cloudflare.com/ajax/libs/font-awesome/6.5.1/css/all.min.css">
</head>
<body>
<div class="login-wrapper">
<div class="login-card">
<div class="logo">
<div style="font-size:48px;margin-bottom:12px"><i class="fas fa-prescription-bottl
  User variables:
    target: http://localhost/hospital
    $environment: undefined
    $testId: tyrwb_hf3cergm9paphrkje9z4gkrz7e9jf_7x9j
    $dirname: tests
    $scenarioFile: C:\wamp64\www\hospital\mi-qa\tests\escenarios.yaml
    username: supervisor1
    password: supervisor123
    nombre_medicamento: enalapril
    cliente_id: 1
    $uuid: dfc4bd1f-4969-4e09-a9a8-08a123a2d557
* GET /hospital/?route=login 

  ok statusCode 200 
* GET /hospital/?route=home 

  ok statusCode 200 
* POST /hospital/?route=auth&action=login 

  not ok statusCode 200 
  expected: 302
       got: 200
  Request params:
    http://localhost/hospital/?route=auth&action=login
    ""
  Headers:
  date: Wed, 06 May 2026 16:12:42 GMT
  server: Apache/2.4.65 (Win64) PHP/8.3.28 mod_fcgid/2.3.10-dev
  x-powered-by: PHP/8.3.28
  expires: Thu, 19 Nov 1981 08:52:00 GMT
  cache-control: no-store, no-cache, must-revalidate
  pragma: no-cache
  content-length: 1624
  keep-alive: timeout=5, max=97
  connection: Keep-Alive
  content-type: text/html; charset=UTF-8
  Body:
<!DOCTYPE html>
<html lang="es">
<head>
<meta charset="UTF-8">
<meta name="viewport" content="width=device-width,initial-scale=1.0">
<title>Iniciar Sesión — PharmaCRM</title>
<link rel="stylesheet" href="/hospital/public/css/styles.css">
<link rel="stylesheet" href="https://cdnjs.cloudflare.com/ajax/libs/font-awesome/6.5.1/css/all.min.css">
</head>
<body>
<div class="login-wrapper">
<div class="login-card">
<div class="logo">
<div style="font-size:48px;margin-bottom:12px"><i class="fas fa-prescription-bottl
  User variables:
    target: http://localhost/hospital
    $environment: undefined
    $testId: tyrwb_hf3cergm9paphrkje9z4gkrz7e9jf_7x9j
    $dirname: tests
    $scenarioFile: C:\wamp64\www\hospital\mi-qa\tests\escenarios.yaml
    username: username
    password: password
    nombre_medicamento: ibuprofeno
    cliente_id: 8
    $uuid: b334843e-7670-42ec-bcb0-fd81ff1243b4
* GET /hospital/?route=login 

  ok statusCode 200 
* GET /hospital/?route=home 

  ok statusCode 200 
* POST /hospital/?route=auth&action=login 

  not ok statusCode 200 
  expected: 302
       got: 200
  Request params:
    http://localhost/hospital/?route=auth&action=login
    ""
  Headers:
  date: Wed, 06 May 2026 16:12:42 GMT
  server: Apache/2.4.65 (Win64) PHP/8.3.28 mod_fcgid/2.3.10-dev
  x-powered-by: PHP/8.3.28
  expires: Thu, 19 Nov 1981 08:52:00 GMT
  cache-control: no-store, no-cache, must-revalidate
  pragma: no-cache
  content-length: 1624
  keep-alive: timeout=5, max=97
  connection: Keep-Alive
  content-type: text/html; charset=UTF-8
  Body:
<!DOCTYPE html>
<html lang="es">
<head>
<meta charset="UTF-8">
<meta name="viewport" content="width=device-width,initial-scale=1.0">
<title>Iniciar Sesión — PharmaCRM</title>
<link rel="stylesheet" href="/hospital/public/css/styles.css">
<link rel="stylesheet" href="https://cdnjs.cloudflare.com/ajax/libs/font-awesome/6.5.1/css/all.min.css">
</head>
<body>
<div class="login-wrapper">
<div class="login-card">
<div class="logo">
<div style="font-size:48px;margin-bottom:12px"><i class="fas fa-prescription-bottl
  User variables:
    target: http://localhost/hospital
    $environment: undefined
    $testId: tyrwb_hf3cergm9paphrkje9z4gkrz7e9jf_7x9j
    $dirname: tests
    $scenarioFile: C:\wamp64\www\hospital\mi-qa\tests\escenarios.yaml
    username: admin
    password: admin
    nombre_medicamento: acetaminofen
    cliente_id: 1
    $uuid: aa4198d8-def7-412c-b459-1bb564574110
* GET /hospital/?route=home 

  ok statusCode 200 
* GET /hospital/?route=login 

  ok statusCode 200 
* POST /hospital/?route=auth&action=login 

  not ok statusCode 200 
  expected: 302
       got: 200
  Request params:
    http://localhost/hospital/?route=auth&action=login
    ""
  Headers:
  date: Wed, 06 May 2026 16:12:42 GMT
  server: Apache/2.4.65 (Win64) PHP/8.3.28 mod_fcgid/2.3.10-dev
  x-powered-by: PHP/8.3.28
  expires: Thu, 19 Nov 1981 08:52:00 GMT
  cache-control: no-store, no-cache, must-revalidate
  pragma: no-cache
  content-length: 1624
  keep-alive: timeout=5, max=97
  connection: Keep-Alive
  content-type: text/html; charset=UTF-8
  Body:
<!DOCTYPE html>
<html lang="es">
<head>
<meta charset="UTF-8">
<meta name="viewport" content="width=device-width,initial-scale=1.0">
<title>Iniciar Sesión — PharmaCRM</title>
<link rel="stylesheet" href="/hospital/public/css/styles.css">
<link rel="stylesheet" href="https://cdnjs.cloudflare.com/ajax/libs/font-awesome/6.5.1/css/all.min.css">
</head>
<body>
<div class="login-wrapper">
<div class="login-card">
<div class="logo">
<div style="font-size:48px;margin-bottom:12px"><i class="fas fa-prescription-bottl
  User variables:
    target: http://localhost/hospital
    $environment: undefined
    $testId: tyrwb_hf3cergm9paphrkje9z4gkrz7e9jf_7x9j
    $dirname: tests
    $scenarioFile: C:\wamp64\www\hospital\mi-qa\tests\escenarios.yaml
    username: vendedor1
    password: vendedor123
    nombre_medicamento: salbutamol
    cliente_id: cliente_id
    $uuid: 835e16be-4365-43ee-9ff3-33780f06d77f
* GET /hospital/?route=login 

  ok statusCode 200 
* GET /hospital/?route=home 

  ok statusCode 200 
* POST /hospital/?route=auth&action=login 

  not ok statusCode 200 
  expected: 302
       got: 200
  Request params:
    http://localhost/hospital/?route=auth&action=login
    ""
  Headers:
  date: Wed, 06 May 2026 16:12:42 GMT
  server: Apache/2.4.65 (Win64) PHP/8.3.28 mod_fcgid/2.3.10-dev
  x-powered-by: PHP/8.3.28
  expires: Thu, 19 Nov 1981 08:52:00 GMT
  cache-control: no-store, no-cache, must-revalidate
  pragma: no-cache
  content-length: 1624
  keep-alive: timeout=5, max=97
  connection: Keep-Alive
  content-type: text/html; charset=UTF-8
  Body:
<!DOCTYPE html>
<html lang="es">
<head>
<meta charset="UTF-8">
<meta name="viewport" content="width=device-width,initial-scale=1.0">
<title>Iniciar Sesión — PharmaCRM</title>
<link rel="stylesheet" href="/hospital/public/css/styles.css">
<link rel="stylesheet" href="https://cdnjs.cloudflare.com/ajax/libs/font-awesome/6.5.1/css/all.min.css">
</head>
<body>
<div class="login-wrapper">
<div class="login-card">
<div class="logo">
<div style="font-size:48px;margin-bottom:12px"><i class="fas fa-prescription-bottl
  User variables:
    target: http://localhost/hospital
    $environment: undefined
    $testId: tyrwb_hf3cergm9paphrkje9z4gkrz7e9jf_7x9j
    $dirname: tests
    $scenarioFile: C:\wamp64\www\hospital\mi-qa\tests\escenarios.yaml
    username: username
    password: password
    nombre_medicamento: amoxicilina
    cliente_id: 6
    $uuid: bfd72a5a-a0ac-4905-9ac4-178cfa7cffe6
* GET /hospital/?route=home 

  ok statusCode 200 
* GET /hospital/?route=login 

  ok statusCode 200 
* POST /hospital/?route=auth&action=login 

  not ok statusCode 200 
  expected: 302
       got: 200
  Request params:
    http://localhost/hospital/?route=auth&action=login
    ""
  Headers:
  date: Wed, 06 May 2026 16:12:42 GMT
  server: Apache/2.4.65 (Win64) PHP/8.3.28 mod_fcgid/2.3.10-dev
  x-powered-by: PHP/8.3.28
  expires: Thu, 19 Nov 1981 08:52:00 GMT
  cache-control: no-store, no-cache, must-revalidate
  pragma: no-cache
  content-length: 1624
  keep-alive: timeout=5, max=97
  connection: Keep-Alive
  content-type: text/html; charset=UTF-8
  Body:
<!DOCTYPE html>
<html lang="es">
<head>
<meta charset="UTF-8">
<meta name="viewport" content="width=device-width,initial-scale=1.0">
<title>Iniciar Sesión — PharmaCRM</title>
<link rel="stylesheet" href="/hospital/public/css/styles.css">
<link rel="stylesheet" href="https://cdnjs.cloudflare.com/ajax/libs/font-awesome/6.5.1/css/all.min.css">
</head>
<body>
<div class="login-wrapper">
<div class="login-card">
<div class="logo">
<div style="font-size:48px;margin-bottom:12px"><i class="fas fa-prescription-bottl
  User variables:
    target: http://localhost/hospital
    $environment: undefined
    $testId: tyrwb_hf3cergm9paphrkje9z4gkrz7e9jf_7x9j
    $dirname: tests
    $scenarioFile: C:\wamp64\www\hospital\mi-qa\tests\escenarios.yaml
    username: tester
    password: tester123
    nombre_medicamento: nombre_medicamento
    cliente_id: 9
    $uuid: 3ef06a75-de56-4501-89a5-ffa8acbe1a74
* GET /hospital/?route=login 

  ok statusCode 200 
* GET /hospital/?route=home 

  ok statusCode 200 
* GET /hospital/?route=home 

  ok statusCode 200 
* GET /hospital/?route=login 

  ok statusCode 200 
* POST /hospital/?route=auth&action=login 

  not ok statusCode 200 
  expected: 302
       got: 200
  Request params:
    http://localhost/hospital/?route=auth&action=login
    ""
  Headers:
  date: Wed, 06 May 2026 16:12:42 GMT
  server: Apache/2.4.65 (Win64) PHP/8.3.28 mod_fcgid/2.3.10-dev
  x-powered-by: PHP/8.3.28
  expires: Thu, 19 Nov 1981 08:52:00 GMT
  cache-control: no-store, no-cache, must-revalidate
  pragma: no-cache
  content-length: 1624
  keep-alive: timeout=5, max=97
  connection: Keep-Alive
  content-type: text/html; charset=UTF-8
  Body:
<!DOCTYPE html>
<html lang="es">
<head>
<meta charset="UTF-8">
<meta name="viewport" content="width=device-width,initial-scale=1.0">
<title>Iniciar Sesión — PharmaCRM</title>
<link rel="stylesheet" href="/hospital/public/css/styles.css">
<link rel="stylesheet" href="https://cdnjs.cloudflare.com/ajax/libs/font-awesome/6.5.1/css/all.min.css">
</head>
<body>
<div class="login-wrapper">
<div class="login-card">
<div class="logo">
<div style="font-size:48px;margin-bottom:12px"><i class="fas fa-prescription-bottl
  User variables:
    target: http://localhost/hospital
    $environment: undefined
    $testId: tyrwb_hf3cergm9paphrkje9z4gkrz7e9jf_7x9j
    $dirname: tests
    $scenarioFile: C:\wamp64\www\hospital\mi-qa\tests\escenarios.yaml
    username: supervisor1
    password: supervisor123
    nombre_medicamento: omeprazol
    cliente_id: 1
    $uuid: afeca766-c5f1-46c9-854b-6a40ccb2eaff
* POST /hospital/?route=auth&action=login 

  not ok statusCode 200 
  expected: 302
       got: 200
  Request params:
    http://localhost/hospital/?route=auth&action=login
    ""
  Headers:
  date: Wed, 06 May 2026 16:12:42 GMT
  server: Apache/2.4.65 (Win64) PHP/8.3.28 mod_fcgid/2.3.10-dev
  x-powered-by: PHP/8.3.28
  expires: Thu, 19 Nov 1981 08:52:00 GMT
  cache-control: no-store, no-cache, must-revalidate
  pragma: no-cache
  content-length: 1624
  keep-alive: timeout=5, max=97
  connection: Keep-Alive
  content-type: text/html; charset=UTF-8
  Body:
<!DOCTYPE html>
<html lang="es">
<head>
<meta charset="UTF-8">
<meta name="viewport" content="width=device-width,initial-scale=1.0">
<title>Iniciar Sesión — PharmaCRM</title>
<link rel="stylesheet" href="/hospital/public/css/styles.css">
<link rel="stylesheet" href="https://cdnjs.cloudflare.com/ajax/libs/font-awesome/6.5.1/css/all.min.css">
</head>
<body>
<div class="login-wrapper">
<div class="login-card">
<div class="logo">
<div style="font-size:48px;margin-bottom:12px"><i class="fas fa-prescription-bottl
  User variables:
    target: http://localhost/hospital
    $environment: undefined
    $testId: tyrwb_hf3cergm9paphrkje9z4gkrz7e9jf_7x9j
    $dirname: tests
    $scenarioFile: C:\wamp64\www\hospital\mi-qa\tests\escenarios.yaml
    username: vendedor1
    password: vendedor123
    nombre_medicamento: loratadina
    cliente_id: 4
    $uuid: 682c8551-121c-499b-a576-caec71768ddf
* GET /hospital/?route=login 

  ok statusCode 200 
* GET /hospital/?route=home 

  ok statusCode 200 
* POST /hospital/?route=auth&action=login 

  not ok statusCode 200 
  expected: 302
       got: 200
  Request params:
    http://localhost/hospital/?route=auth&action=login
    ""
  Headers:
  date: Wed, 06 May 2026 16:12:43 GMT
  server: Apache/2.4.65 (Win64) PHP/8.3.28 mod_fcgid/2.3.10-dev
  x-powered-by: PHP/8.3.28
  expires: Thu, 19 Nov 1981 08:52:00 GMT
  cache-control: no-store, no-cache, must-revalidate
  pragma: no-cache
  content-length: 1624
  keep-alive: timeout=5, max=97
  connection: Keep-Alive
  content-type: text/html; charset=UTF-8
  Body:
<!DOCTYPE html>
<html lang="es">
<head>
<meta charset="UTF-8">
<meta name="viewport" content="width=device-width,initial-scale=1.0">
<title>Iniciar Sesión — PharmaCRM</title>
<link rel="stylesheet" href="/hospital/public/css/styles.css">
<link rel="stylesheet" href="https://cdnjs.cloudflare.com/ajax/libs/font-awesome/6.5.1/css/all.min.css">
</head>
<body>
<div class="login-wrapper">
<div class="login-card">
<div class="logo">
<div style="font-size:48px;margin-bottom:12px"><i class="fas fa-prescription-bottl
  User variables:
    target: http://localhost/hospital
    $environment: undefined
    $testId: tyrwb_hf3cergm9paphrkje9z4gkrz7e9jf_7x9j
    $dirname: tests
    $scenarioFile: C:\wamp64\www\hospital\mi-qa\tests\escenarios.yaml
    username: admin
    password: admin
    nombre_medicamento: acetaminofen
    cliente_id: 2
    $uuid: 3af273fb-7caa-4f91-9572-c080ed7369e1
* GET /hospital/?route=login 

  ok statusCode 200 
* GET /hospital/?route=home 

  ok statusCode 200 
* POST /hospital/?route=auth&action=login 

  not ok statusCode 200 
  expected: 302
       got: 200
  Request params:
    http://localhost/hospital/?route=auth&action=login
    ""
  Headers:
  date: Wed, 06 May 2026 16:12:43 GMT
  server: Apache/2.4.65 (Win64) PHP/8.3.28 mod_fcgid/2.3.10-dev
  x-powered-by: PHP/8.3.28
  expires: Thu, 19 Nov 1981 08:52:00 GMT
  cache-control: no-store, no-cache, must-revalidate
  pragma: no-cache
  content-length: 1624
  keep-alive: timeout=5, max=97
  connection: Keep-Alive
  content-type: text/html; charset=UTF-8
  Body:
<!DOCTYPE html>
<html lang="es">
<head>
<meta charset="UTF-8">
<meta name="viewport" content="width=device-width,initial-scale=1.0">
<title>Iniciar Sesión — PharmaCRM</title>
<link rel="stylesheet" href="/hospital/public/css/styles.css">
<link rel="stylesheet" href="https://cdnjs.cloudflare.com/ajax/libs/font-awesome/6.5.1/css/all.min.css">
</head>
<body>
<div class="login-wrapper">
<div class="login-card">
<div class="logo">
<div style="font-size:48px;margin-bottom:12px"><i class="fas fa-prescription-bottl
  User variables:
    target: http://localhost/hospital
    $environment: undefined
    $testId: tyrwb_hf3cergm9paphrkje9z4gkrz7e9jf_7x9j
    $dirname: tests
    $scenarioFile: C:\wamp64\www\hospital\mi-qa\tests\escenarios.yaml
    username: tester
    password: tester123
    nombre_medicamento: enalapril
    cliente_id: 7
    $uuid: ecf01bff-5e78-422b-bb1e-93a91e927aab
* GET /hospital/?route=home 

  ok statusCode 200 
* GET /hospital/?route=login 

  ok statusCode 200 
* POST /hospital/?route=auth&action=login 

  not ok statusCode 200 
  expected: 302
       got: 200
  Request params:
    http://localhost/hospital/?route=auth&action=login
    ""
  Headers:
  date: Wed, 06 May 2026 16:12:43 GMT
  server: Apache/2.4.65 (Win64) PHP/8.3.28 mod_fcgid/2.3.10-dev
  x-powered-by: PHP/8.3.28
  expires: Thu, 19 Nov 1981 08:52:00 GMT
  cache-control: no-store, no-cache, must-revalidate
  pragma: no-cache
  content-length: 1624
  keep-alive: timeout=5, max=97
  connection: Keep-Alive
  content-type: text/html; charset=UTF-8
  Body:
<!DOCTYPE html>
<html lang="es">
<head>
<meta charset="UTF-8">
<meta name="viewport" content="width=device-width,initial-scale=1.0">
<title>Iniciar Sesión — PharmaCRM</title>
<link rel="stylesheet" href="/hospital/public/css/styles.css">
<link rel="stylesheet" href="https://cdnjs.cloudflare.com/ajax/libs/font-awesome/6.5.1/css/all.min.css">
</head>
<body>
<div class="login-wrapper">
<div class="login-card">
<div class="logo">
<div style="font-size:48px;margin-bottom:12px"><i class="fas fa-prescription-bottl
  User variables:
    target: http://localhost/hospital
    $environment: undefined
    $testId: tyrwb_hf3cergm9paphrkje9z4gkrz7e9jf_7x9j
    $dirname: tests
    $scenarioFile: C:\wamp64\www\hospital\mi-qa\tests\escenarios.yaml
    username: tester
    password: tester123
    nombre_medicamento: metformina
    cliente_id: 3
    $uuid: d9db1c18-72db-4646-9d57-94a8dc60e7a1
* GET /hospital/?route=login 

  ok statusCode 200 
* GET /hospital/?route=home 

  ok statusCode 200 
* POST /hospital/?route=auth&action=login 

  not ok statusCode 200 
  expected: 302
       got: 200
  Request params:
    http://localhost/hospital/?route=auth&action=login
    ""
  Headers:
  date: Wed, 06 May 2026 16:12:43 GMT
  server: Apache/2.4.65 (Win64) PHP/8.3.28 mod_fcgid/2.3.10-dev
  x-powered-by: PHP/8.3.28
  expires: Thu, 19 Nov 1981 08:52:00 GMT
  cache-control: no-store, no-cache, must-revalidate
  pragma: no-cache
  content-length: 1624
  keep-alive: timeout=5, max=97
  connection: Keep-Alive
  content-type: text/html; charset=UTF-8
  Body:
<!DOCTYPE html>
<html lang="es">
<head>
<meta charset="UTF-8">
<meta name="viewport" content="width=device-width,initial-scale=1.0">
<title>Iniciar Sesión — PharmaCRM</title>
<link rel="stylesheet" href="/hospital/public/css/styles.css">
<link rel="stylesheet" href="https://cdnjs.cloudflare.com/ajax/libs/font-awesome/6.5.1/css/all.min.css">
</head>
<body>
<div class="login-wrapper">
<div class="login-card">
<div class="logo">
<div style="font-size:48px;margin-bottom:12px"><i class="fas fa-prescription-bottl
  User variables:
    target: http://localhost/hospital
    $environment: undefined
    $testId: tyrwb_hf3cergm9paphrkje9z4gkrz7e9jf_7x9j
    $dirname: tests
    $scenarioFile: C:\wamp64\www\hospital\mi-qa\tests\escenarios.yaml
    username: username
    password: password
    nombre_medicamento: omeprazol
    cliente_id: 9
    $uuid: 4371931c-ebf7-4928-b827-f123beee469c
* GET /hospital/?route=login 

  ok statusCode 200 
* GET /hospital/?route=home 

  ok statusCode 200 
* POST /hospital/?route=auth&action=login 

  not ok statusCode 200 
  expected: 302
       got: 200
  Request params:
    http://localhost/hospital/?route=auth&action=login
    ""
  Headers:
  date: Wed, 06 May 2026 16:12:43 GMT
  server: Apache/2.4.65 (Win64) PHP/8.3.28 mod_fcgid/2.3.10-dev
  x-powered-by: PHP/8.3.28
  expires: Thu, 19 Nov 1981 08:52:00 GMT
  cache-control: no-store, no-cache, must-revalidate
  pragma: no-cache
  content-length: 1624
  keep-alive: timeout=5, max=97
  connection: Keep-Alive
  content-type: text/html; charset=UTF-8
  Body:
<!DOCTYPE html>
<html lang="es">
<head>
<meta charset="UTF-8">
<meta name="viewport" content="width=device-width,initial-scale=1.0">
<title>Iniciar Sesión — PharmaCRM</title>
<link rel="stylesheet" href="/hospital/public/css/styles.css">
<link rel="stylesheet" href="https://cdnjs.cloudflare.com/ajax/libs/font-awesome/6.5.1/css/all.min.css">
</head>
<body>
<div class="login-wrapper">
<div class="login-card">
<div class="logo">
<div style="font-size:48px;margin-bottom:12px"><i class="fas fa-prescription-bottl
  User variables:
    target: http://localhost/hospital
    $environment: undefined
    $testId: tyrwb_hf3cergm9paphrkje9z4gkrz7e9jf_7x9j
    $dirname: tests
    $scenarioFile: C:\wamp64\www\hospital\mi-qa\tests\escenarios.yaml
    username: tester
    password: tester123
    nombre_medicamento: nombre_medicamento
    cliente_id: cliente_id
    $uuid: 17446cc5-1c01-48a1-87e2-bd35a534b3b2
* GET /hospital/?route=home 

  ok statusCode 200 
* GET /hospital/?route=login 

  ok statusCode 200 
* POST /hospital/?route=auth&action=login 

  not ok statusCode 200 
  expected: 302
       got: 200
  Request params:
    http://localhost/hospital/?route=auth&action=login
    ""
  Headers:
  date: Wed, 06 May 2026 16:12:43 GMT
  server: Apache/2.4.65 (Win64) PHP/8.3.28 mod_fcgid/2.3.10-dev
  x-powered-by: PHP/8.3.28
  expires: Thu, 19 Nov 1981 08:52:00 GMT
  cache-control: no-store, no-cache, must-revalidate
  pragma: no-cache
  content-length: 1624
  keep-alive: timeout=5, max=97
  connection: Keep-Alive
  content-type: text/html; charset=UTF-8
  Body:
<!DOCTYPE html>
<html lang="es">
<head>
<meta charset="UTF-8">
<meta name="viewport" content="width=device-width,initial-scale=1.0">
<title>Iniciar Sesión — PharmaCRM</title>
<link rel="stylesheet" href="/hospital/public/css/styles.css">
<link rel="stylesheet" href="https://cdnjs.cloudflare.com/ajax/libs/font-awesome/6.5.1/css/all.min.css">
</head>
<body>
<div class="login-wrapper">
<div class="login-card">
<div class="logo">
<div style="font-size:48px;margin-bottom:12px"><i class="fas fa-prescription-bottl
  User variables:
    target: http://localhost/hospital
    $environment: undefined
    $testId: tyrwb_hf3cergm9paphrkje9z4gkrz7e9jf_7x9j
    $dirname: tests
    $scenarioFile: C:\wamp64\www\hospital\mi-qa\tests\escenarios.yaml
    username: tester
    password: tester123
    nombre_medicamento: omeprazol
    cliente_id: 1
    $uuid: 3f42b745-ebd5-4802-bc23-57d200f62867
* GET /hospital/?route=home 

  ok statusCode 200 
* GET /hospital/?route=login 

  ok statusCode 200 
* POST /hospital/?route=auth&action=login 

  not ok statusCode 200 
  expected: 302
       got: 200
  Request params:
    http://localhost/hospital/?route=auth&action=login
    ""
  Headers:
  date: Wed, 06 May 2026 16:12:43 GMT
  server: Apache/2.4.65 (Win64) PHP/8.3.28 mod_fcgid/2.3.10-dev
  x-powered-by: PHP/8.3.28
  expires: Thu, 19 Nov 1981 08:52:00 GMT
  cache-control: no-store, no-cache, must-revalidate
  pragma: no-cache
  content-length: 1624
  keep-alive: timeout=5, max=97
  connection: Keep-Alive
  content-type: text/html; charset=UTF-8
  Body:
<!DOCTYPE html>
<html lang="es">
<head>
<meta charset="UTF-8">
<meta name="viewport" content="width=device-width,initial-scale=1.0">
<title>Iniciar Sesión — PharmaCRM</title>
<link rel="stylesheet" href="/hospital/public/css/styles.css">
<link rel="stylesheet" href="https://cdnjs.cloudflare.com/ajax/libs/font-awesome/6.5.1/css/all.min.css">
</head>
<body>
<div class="login-wrapper">
<div class="login-card">
<div class="logo">
<div style="font-size:48px;margin-bottom:12px"><i class="fas fa-prescription-bottl
  User variables:
    target: http://localhost/hospital
    $environment: undefined
    $testId: tyrwb_hf3cergm9paphrkje9z4gkrz7e9jf_7x9j
    $dirname: tests
    $scenarioFile: C:\wamp64\www\hospital\mi-qa\tests\escenarios.yaml
    username: admin
    password: admin
    nombre_medicamento: acetaminofen
    cliente_id: 10
    $uuid: b3808827-69d6-4abd-8b35-fd40493ad7cc
* GET /hospital/?route=home 

  ok statusCode 200 
* GET /hospital/?route=home 

  ok statusCode 200 
* GET /hospital/?route=home 

  ok statusCode 200 
* GET /hospital/?route=login 

  ok statusCode 200 
* POST /hospital/?route=auth&action=login 

  not ok statusCode 200 
  expected: 302
       got: 200
  Request params:
    http://localhost/hospital/?route=auth&action=login
    ""
  Headers:
  date: Wed, 06 May 2026 16:12:43 GMT
  server: Apache/2.4.65 (Win64) PHP/8.3.28 mod_fcgid/2.3.10-dev
  x-powered-by: PHP/8.3.28
  expires: Thu, 19 Nov 1981 08:52:00 GMT
  cache-control: no-store, no-cache, must-revalidate
  pragma: no-cache
  content-length: 1624
  keep-alive: timeout=5, max=97
  connection: Keep-Alive
  content-type: text/html; charset=UTF-8
  Body:
<!DOCTYPE html>
<html lang="es">
<head>
<meta charset="UTF-8">
<meta name="viewport" content="width=device-width,initial-scale=1.0">
<title>Iniciar Sesión — PharmaCRM</title>
<link rel="stylesheet" href="/hospital/public/css/styles.css">
<link rel="stylesheet" href="https://cdnjs.cloudflare.com/ajax/libs/font-awesome/6.5.1/css/all.min.css">
</head>
<body>
<div class="login-wrapper">
<div class="login-card">
<div class="logo">
<div style="font-size:48px;margin-bottom:12px"><i class="fas fa-prescription-bottl
  User variables:
    target: http://localhost/hospital
    $environment: undefined
    $testId: tyrwb_hf3cergm9paphrkje9z4gkrz7e9jf_7x9j
    $dirname: tests
    $scenarioFile: C:\wamp64\www\hospital\mi-qa\tests\escenarios.yaml
    username: tester
    password: tester123
    nombre_medicamento: losartan
    cliente_id: 8
    $uuid: f8520b4c-7970-495c-8812-8547c7162d15
* GET /hospital/?route=login 

  ok statusCode 200 
* POST /hospital/?route=auth&action=login 

  not ok statusCode 200 
  expected: 302
       got: 200
  Request params:
    http://localhost/hospital/?route=auth&action=login
    ""
  Headers:
  date: Wed, 06 May 2026 16:12:43 GMT
  server: Apache/2.4.65 (Win64) PHP/8.3.28 mod_fcgid/2.3.10-dev
  x-powered-by: PHP/8.3.28
  expires: Thu, 19 Nov 1981 08:52:00 GMT
  cache-control: no-store, no-cache, must-revalidate
  pragma: no-cache
  content-length: 1624
  keep-alive: timeout=5, max=97
  connection: Keep-Alive
  content-type: text/html; charset=UTF-8
  Body:
<!DOCTYPE html>
<html lang="es">
<head>
<meta charset="UTF-8">
<meta name="viewport" content="width=device-width,initial-scale=1.0">
<title>Iniciar Sesión — PharmaCRM</title>
<link rel="stylesheet" href="/hospital/public/css/styles.css">
<link rel="stylesheet" href="https://cdnjs.cloudflare.com/ajax/libs/font-awesome/6.5.1/css/all.min.css">
</head>
<body>
<div class="login-wrapper">
<div class="login-card">
<div class="logo">
<div style="font-size:48px;margin-bottom:12px"><i class="fas fa-prescription-bottl
  User variables:
    target: http://localhost/hospital
    $environment: undefined
    $testId: tyrwb_hf3cergm9paphrkje9z4gkrz7e9jf_7x9j
    $dirname: tests
    $scenarioFile: C:\wamp64\www\hospital\mi-qa\tests\escenarios.yaml
    username: supervisor1
    password: supervisor123
    nombre_medicamento: dexametasona
    cliente_id: 6
    $uuid: 1cc7e99f-9495-4d4a-8f00-54df133fa5d5
* GET /hospital/?route=home 

  ok statusCode 200 
* POST /hospital/?route=auth&action=login 

  not ok statusCode 200 
  expected: 302
       got: 200
  Request params:
    http://localhost/hospital/?route=auth&action=login
    ""
  Headers:
  date: Wed, 06 May 2026 16:12:44 GMT
  server: Apache/2.4.65 (Win64) PHP/8.3.28 mod_fcgid/2.3.10-dev
  x-powered-by: PHP/8.3.28
  expires: Thu, 19 Nov 1981 08:52:00 GMT
  cache-control: no-store, no-cache, must-revalidate
  pragma: no-cache
  content-length: 1624
  keep-alive: timeout=5, max=97
  connection: Keep-Alive
  content-type: text/html; charset=UTF-8
  Body:
<!DOCTYPE html>
<html lang="es">
<head>
<meta charset="UTF-8">
<meta name="viewport" content="width=device-width,initial-scale=1.0">
<title>Iniciar Sesión — PharmaCRM</title>
<link rel="stylesheet" href="/hospital/public/css/styles.css">
<link rel="stylesheet" href="https://cdnjs.cloudflare.com/ajax/libs/font-awesome/6.5.1/css/all.min.css">
</head>
<body>
<div class="login-wrapper">
<div class="login-card">
<div class="logo">
<div style="font-size:48px;margin-bottom:12px"><i class="fas fa-prescription-bottl
  User variables:
    target: http://localhost/hospital
    $environment: undefined
    $testId: tyrwb_hf3cergm9paphrkje9z4gkrz7e9jf_7x9j
    $dirname: tests
    $scenarioFile: C:\wamp64\www\hospital\mi-qa\tests\escenarios.yaml
    username: tester
    password: tester123
    nombre_medicamento: omeprazol
    cliente_id: 6
    $uuid: f5e4545a-2ad5-4053-9a2d-636fa22a3489
* GET /hospital/?route=login 

  ok statusCode 200 
* GET /hospital/?route=home 

  ok statusCode 200 
* GET /hospital/?route=login 

  ok statusCode 200 
* POST /hospital/?route=auth&action=login 

  not ok statusCode 200 
  expected: 302
       got: 200
  Request params:
    http://localhost/hospital/?route=auth&action=login
    ""
  Headers:
  date: Wed, 06 May 2026 16:12:44 GMT
  server: Apache/2.4.65 (Win64) PHP/8.3.28 mod_fcgid/2.3.10-dev
  x-powered-by: PHP/8.3.28
  expires: Thu, 19 Nov 1981 08:52:00 GMT
  cache-control: no-store, no-cache, must-revalidate
  pragma: no-cache
  content-length: 1624
  keep-alive: timeout=5, max=97
  connection: Keep-Alive
  content-type: text/html; charset=UTF-8
  Body:
<!DOCTYPE html>
<html lang="es">
<head>
<meta charset="UTF-8">
<meta name="viewport" content="width=device-width,initial-scale=1.0">
<title>Iniciar Sesión — PharmaCRM</title>
<link rel="stylesheet" href="/hospital/public/css/styles.css">
<link rel="stylesheet" href="https://cdnjs.cloudflare.com/ajax/libs/font-awesome/6.5.1/css/all.min.css">
</head>
<body>
<div class="login-wrapper">
<div class="login-card">
<div class="logo">
<div style="font-size:48px;margin-bottom:12px"><i class="fas fa-prescription-bottl
  User variables:
    target: http://localhost/hospital
    $environment: undefined
    $testId: tyrwb_hf3cergm9paphrkje9z4gkrz7e9jf_7x9j
    $dirname: tests
    $scenarioFile: C:\wamp64\www\hospital\mi-qa\tests\escenarios.yaml
    username: supervisor1
    password: supervisor123
    nombre_medicamento: nombre_medicamento
    cliente_id: 4
    $uuid: 29beb828-0409-427a-8f83-73f3ade04939
* GET /hospital/?route=home 

  ok statusCode 200 
* GET /hospital/?route=login 

  ok statusCode 200 
* POST /hospital/?route=auth&action=login 

  not ok statusCode 200 
  expected: 302
       got: 200
  Request params:
    http://localhost/hospital/?route=auth&action=login
    ""
  Headers:
  date: Wed, 06 May 2026 16:12:44 GMT
  server: Apache/2.4.65 (Win64) PHP/8.3.28 mod_fcgid/2.3.10-dev
  x-powered-by: PHP/8.3.28
  expires: Thu, 19 Nov 1981 08:52:00 GMT
  cache-control: no-store, no-cache, must-revalidate
  pragma: no-cache
  content-length: 1624
  keep-alive: timeout=5, max=97
  connection: Keep-Alive
  content-type: text/html; charset=UTF-8
  Body:
<!DOCTYPE html>
<html lang="es">
<head>
<meta charset="UTF-8">
<meta name="viewport" content="width=device-width,initial-scale=1.0">
<title>Iniciar Sesión — PharmaCRM</title>
<link rel="stylesheet" href="/hospital/public/css/styles.css">
<link rel="stylesheet" href="https://cdnjs.cloudflare.com/ajax/libs/font-awesome/6.5.1/css/all.min.css">
</head>
<body>
<div class="login-wrapper">
<div class="login-card">
<div class="logo">
<div style="font-size:48px;margin-bottom:12px"><i class="fas fa-prescription-bottl
  User variables:
    target: http://localhost/hospital
    $environment: undefined
    $testId: tyrwb_hf3cergm9paphrkje9z4gkrz7e9jf_7x9j
    $dirname: tests
    $scenarioFile: C:\wamp64\www\hospital\mi-qa\tests\escenarios.yaml
    username: vendedor1
    password: vendedor123
    nombre_medicamento: metformina
    cliente_id: 5
    $uuid: 3320d472-a549-4cfa-93e1-8bfaf2e66e9b
* GET /hospital/?route=home 

  ok statusCode 200 
* GET /hospital/?route=login 

  ok statusCode 200 
* GET /hospital/?route=home 

  ok statusCode 200 
* POST /hospital/?route=auth&action=login 

* GET /hospital/?route=login 

  not ok statusCode 200 
  expected: 302
       got: 200
  Request params:
    http://localhost/hospital/?route=auth&action=login
    ""
  Headers:
  date: Wed, 06 May 2026 16:12:44 GMT
  server: Apache/2.4.65 (Win64) PHP/8.3.28 mod_fcgid/2.3.10-dev
  x-powered-by: PHP/8.3.28
  expires: Thu, 19 Nov 1981 08:52:00 GMT
  cache-control: no-store, no-cache, must-revalidate
  pragma: no-cache
  content-length: 1624
  keep-alive: timeout=5, max=97
  connection: Keep-Alive
  content-type: text/html; charset=UTF-8
  Body:
<!DOCTYPE html>
<html lang="es">
<head>
<meta charset="UTF-8">
<meta name="viewport" content="width=device-width,initial-scale=1.0">
<title>Iniciar Sesión — PharmaCRM</title>
<link rel="stylesheet" href="/hospital/public/css/styles.css">
<link rel="stylesheet" href="https://cdnjs.cloudflare.com/ajax/libs/font-awesome/6.5.1/css/all.min.css">
</head>
<body>
<div class="login-wrapper">
<div class="login-card">
<div class="logo">
<div style="font-size:48px;margin-bottom:12px"><i class="fas fa-prescription-bottl
  User variables:
    target: http://localhost/hospital
    $environment: undefined
    $testId: tyrwb_hf3cergm9paphrkje9z4gkrz7e9jf_7x9j
    $dirname: tests
    $scenarioFile: C:\wamp64\www\hospital\mi-qa\tests\escenarios.yaml
    username: vendedor1
    password: vendedor123
    nombre_medicamento: amoxicilina
    cliente_id: 2
    $uuid: 20d50e37-0328-4c7e-ade4-c91ef9b99758
  ok statusCode 200 
* GET /hospital/?route=login 

  ok statusCode 200 
* POST /hospital/?route=auth&action=login 

  not ok statusCode 200 
  expected: 302
       got: 200
  Request params:
    http://localhost/hospital/?route=auth&action=login
    ""
  Headers:
  date: Wed, 06 May 2026 16:12:44 GMT
  server: Apache/2.4.65 (Win64) PHP/8.3.28 mod_fcgid/2.3.10-dev
  x-powered-by: PHP/8.3.28
  expires: Thu, 19 Nov 1981 08:52:00 GMT
  cache-control: no-store, no-cache, must-revalidate
  pragma: no-cache
  content-length: 1624
  keep-alive: timeout=5, max=97
  connection: Keep-Alive
  content-type: text/html; charset=UTF-8
  Body:
<!DOCTYPE html>
<html lang="es">
<head>
<meta charset="UTF-8">
<meta name="viewport" content="width=device-width,initial-scale=1.0">
<title>Iniciar Sesión — PharmaCRM</title>
<link rel="stylesheet" href="/hospital/public/css/styles.css">
<link rel="stylesheet" href="https://cdnjs.cloudflare.com/ajax/libs/font-awesome/6.5.1/css/all.min.css">
</head>
<body>
<div class="login-wrapper">
<div class="login-card">
<div class="logo">
<div style="font-size:48px;margin-bottom:12px"><i class="fas fa-prescription-bottl
  User variables:
    target: http://localhost/hospital
    $environment: undefined
    $testId: tyrwb_hf3cergm9paphrkje9z4gkrz7e9jf_7x9j
    $dirname: tests
    $scenarioFile: C:\wamp64\www\hospital\mi-qa\tests\escenarios.yaml
    username: username
    password: password
    nombre_medicamento: ibuprofeno
    cliente_id: 8
    $uuid: 80bd45a2-8d3d-44db-8650-ea55bdb57132
* GET /hospital/?route=home 

  ok statusCode 200 
* POST /hospital/?route=auth&action=login 

  not ok statusCode 200 
  expected: 302
       got: 200
  Request params:
    http://localhost/hospital/?route=auth&action=login
    ""
  Headers:
  date: Wed, 06 May 2026 16:12:44 GMT
  server: Apache/2.4.65 (Win64) PHP/8.3.28 mod_fcgid/2.3.10-dev
  x-powered-by: PHP/8.3.28
  expires: Thu, 19 Nov 1981 08:52:00 GMT
  cache-control: no-store, no-cache, must-revalidate
  pragma: no-cache
  content-length: 1624
  keep-alive: timeout=5, max=97
  connection: Keep-Alive
  content-type: text/html; charset=UTF-8
  Body:
<!DOCTYPE html>
<html lang="es">
<head>
<meta charset="UTF-8">
<meta name="viewport" content="width=device-width,initial-scale=1.0">
<title>Iniciar Sesión — PharmaCRM</title>
<link rel="stylesheet" href="/hospital/public/css/styles.css">
<link rel="stylesheet" href="https://cdnjs.cloudflare.com/ajax/libs/font-awesome/6.5.1/css/all.min.css">
</head>
<body>
<div class="login-wrapper">
<div class="login-card">
<div class="logo">
<div style="font-size:48px;margin-bottom:12px"><i class="fas fa-prescription-bottl
  User variables:
    target: http://localhost/hospital
    $environment: undefined
    $testId: tyrwb_hf3cergm9paphrkje9z4gkrz7e9jf_7x9j
    $dirname: tests
    $scenarioFile: C:\wamp64\www\hospital\mi-qa\tests\escenarios.yaml
    username: tester
    password: tester123
    nombre_medicamento: salbutamol
    cliente_id: 6
    $uuid: 5a5fc630-9f28-4c67-93da-5d0626187f38
* GET /hospital/?route=login 

  ok statusCode 200 
* GET /hospital/?route=home 

  ok statusCode 200 
* POST /hospital/?route=auth&action=login 

  not ok statusCode 200 
  expected: 302
       got: 200
  Request params:
    http://localhost/hospital/?route=auth&action=login
    ""
  Headers:
  date: Wed, 06 May 2026 16:12:44 GMT
  server: Apache/2.4.65 (Win64) PHP/8.3.28 mod_fcgid/2.3.10-dev
  x-powered-by: PHP/8.3.28
  expires: Thu, 19 Nov 1981 08:52:00 GMT
  cache-control: no-store, no-cache, must-revalidate
  pragma: no-cache
  content-length: 1624
  keep-alive: timeout=5, max=97
  connection: Keep-Alive
  content-type: text/html; charset=UTF-8
  Body:
<!DOCTYPE html>
<html lang="es">
<head>
<meta charset="UTF-8">
<meta name="viewport" content="width=device-width,initial-scale=1.0">
<title>Iniciar Sesión — PharmaCRM</title>
<link rel="stylesheet" href="/hospital/public/css/styles.css">
<link rel="stylesheet" href="https://cdnjs.cloudflare.com/ajax/libs/font-awesome/6.5.1/css/all.min.css">
</head>
<body>
<div class="login-wrapper">
<div class="login-card">
<div class="logo">
<div style="font-size:48px;margin-bottom:12px"><i class="fas fa-prescription-bottl
  User variables:
    target: http://localhost/hospital
    $environment: undefined
    $testId: tyrwb_hf3cergm9paphrkje9z4gkrz7e9jf_7x9j
    $dirname: tests
    $scenarioFile: C:\wamp64\www\hospital\mi-qa\tests\escenarios.yaml
    username: vendedor1
    password: vendedor123
    nombre_medicamento: omeprazol
    cliente_id: 6
    $uuid: 8c7048b2-222d-4cec-9880-dcb8efefb142
* GET /hospital/?route=home 

  ok statusCode 200 
* GET /hospital/?route=login 

  ok statusCode 200 
* GET /hospital/?route=home 

  ok statusCode 200 
* GET /hospital/?route=login 

  ok statusCode 200 
* GET /hospital/?route=home 

  ok statusCode 200 
* GET /hospital/?route=login 

  ok statusCode 200 
* POST /hospital/?route=auth&action=login 

  not ok statusCode 200 
  expected: 302
       got: 200
  Request params:
    http://localhost/hospital/?route=auth&action=login
    ""
  Headers:
  date: Wed, 06 May 2026 16:12:44 GMT
  server: Apache/2.4.65 (Win64) PHP/8.3.28 mod_fcgid/2.3.10-dev
  x-powered-by: PHP/8.3.28
  expires: Thu, 19 Nov 1981 08:52:00 GMT
  cache-control: no-store, no-cache, must-revalidate
  pragma: no-cache
  content-length: 1624
  keep-alive: timeout=5, max=97
  connection: Keep-Alive
  content-type: text/html; charset=UTF-8
  Body:
<!DOCTYPE html>
<html lang="es">
<head>
<meta charset="UTF-8">
<meta name="viewport" content="width=device-width,initial-scale=1.0">
<title>Iniciar Sesión — PharmaCRM</title>
<link rel="stylesheet" href="/hospital/public/css/styles.css">
<link rel="stylesheet" href="https://cdnjs.cloudflare.com/ajax/libs/font-awesome/6.5.1/css/all.min.css">
</head>
<body>
<div class="login-wrapper">
<div class="login-card">
<div class="logo">
<div style="font-size:48px;margin-bottom:12px"><i class="fas fa-prescription-bottl
  User variables:
    target: http://localhost/hospital
    $environment: undefined
    $testId: tyrwb_hf3cergm9paphrkje9z4gkrz7e9jf_7x9j
    $dirname: tests
    $scenarioFile: C:\wamp64\www\hospital\mi-qa\tests\escenarios.yaml
    username: supervisor1
    password: supervisor123
    nombre_medicamento: acetaminofen
    cliente_id: 5
    $uuid: 08713123-1cb6-40b9-9dbb-e5010ddf4e28
* POST /hospital/?route=auth&action=login 

  not ok statusCode 200 
  expected: 302
       got: 200
  Request params:
    http://localhost/hospital/?route=auth&action=login
    ""
  Headers:
  date: Wed, 06 May 2026 16:12:44 GMT
  server: Apache/2.4.65 (Win64) PHP/8.3.28 mod_fcgid/2.3.10-dev
  x-powered-by: PHP/8.3.28
  expires: Thu, 19 Nov 1981 08:52:00 GMT
  cache-control: no-store, no-cache, must-revalidate
  pragma: no-cache
  content-length: 1624
  keep-alive: timeout=5, max=97
  connection: Keep-Alive
  content-type: text/html; charset=UTF-8
  Body:
<!DOCTYPE html>
<html lang="es">
<head>
<meta charset="UTF-8">
<meta name="viewport" content="width=device-width,initial-scale=1.0">
<title>Iniciar Sesión — PharmaCRM</title>
<link rel="stylesheet" href="/hospital/public/css/styles.css">
<link rel="stylesheet" href="https://cdnjs.cloudflare.com/ajax/libs/font-awesome/6.5.1/css/all.min.css">
</head>
<body>
<div class="login-wrapper">
<div class="login-card">
<div class="logo">
<div style="font-size:48px;margin-bottom:12px"><i class="fas fa-prescription-bottl
  User variables:
    target: http://localhost/hospital
    $environment: undefined
    $testId: tyrwb_hf3cergm9paphrkje9z4gkrz7e9jf_7x9j
    $dirname: tests
    $scenarioFile: C:\wamp64\www\hospital\mi-qa\tests\escenarios.yaml
    username: supervisor1
    password: supervisor123
    nombre_medicamento: enalapril
    cliente_id: 5
    $uuid: 703387f4-dbeb-4a77-bd22-6a4b3dcae622
* GET /hospital/?route=home 

  ok statusCode 200 
* GET /hospital/?route=login 

  ok statusCode 200 
* POST /hospital/?route=auth&action=login 

  not ok statusCode 200 
  expected: 302
       got: 200
  Request params:
    http://localhost/hospital/?route=auth&action=login
    ""
  Headers:
  date: Wed, 06 May 2026 16:12:45 GMT
  server: Apache/2.4.65 (Win64) PHP/8.3.28 mod_fcgid/2.3.10-dev
  x-powered-by: PHP/8.3.28
  expires: Thu, 19 Nov 1981 08:52:00 GMT
  cache-control: no-store, no-cache, must-revalidate
  pragma: no-cache
  content-length: 1624
  keep-alive: timeout=5, max=97
  connection: Keep-Alive
  content-type: text/html; charset=UTF-8
  Body:
<!DOCTYPE html>
<html lang="es">
<head>
<meta charset="UTF-8">
<meta name="viewport" content="width=device-width,initial-scale=1.0">
<title>Iniciar Sesión — PharmaCRM</title>
<link rel="stylesheet" href="/hospital/public/css/styles.css">
<link rel="stylesheet" href="https://cdnjs.cloudflare.com/ajax/libs/font-awesome/6.5.1/css/all.min.css">
</head>
<body>
<div class="login-wrapper">
<div class="login-card">
<div class="logo">
<div style="font-size:48px;margin-bottom:12px"><i class="fas fa-prescription-bottl
  User variables:
    target: http://localhost/hospital
    $environment: undefined
    $testId: tyrwb_hf3cergm9paphrkje9z4gkrz7e9jf_7x9j
    $dirname: tests
    $scenarioFile: C:\wamp64\www\hospital\mi-qa\tests\escenarios.yaml
    username: supervisor1
    password: supervisor123
    nombre_medicamento: enalapril
    cliente_id: 1
    $uuid: 1b5cd206-94b8-48cd-856b-dee90b726f09
* GET /hospital/?route=home 

  ok statusCode 200 
* GET /hospital/?route=login 

  ok statusCode 200 
* GET /hospital/?route=login 

  ok statusCode 200 
* POST /hospital/?route=auth&action=login 

  not ok statusCode 200 
  expected: 302
       got: 200
  Request params:
    http://localhost/hospital/?route=auth&action=login
    ""
  Headers:
  date: Wed, 06 May 2026 16:12:45 GMT
  server: Apache/2.4.65 (Win64) PHP/8.3.28 mod_fcgid/2.3.10-dev
  x-powered-by: PHP/8.3.28
  expires: Thu, 19 Nov 1981 08:52:00 GMT
  cache-control: no-store, no-cache, must-revalidate
  pragma: no-cache
  content-length: 1624
  keep-alive: timeout=5, max=97
  connection: Keep-Alive
  content-type: text/html; charset=UTF-8
  Body:
<!DOCTYPE html>
<html lang="es">
<head>
<meta charset="UTF-8">
<meta name="viewport" content="width=device-width,initial-scale=1.0">
<title>Iniciar Sesión — PharmaCRM</title>
<link rel="stylesheet" href="/hospital/public/css/styles.css">
<link rel="stylesheet" href="https://cdnjs.cloudflare.com/ajax/libs/font-awesome/6.5.1/css/all.min.css">
</head>
<body>
<div class="login-wrapper">
<div class="login-card">
<div class="logo">
<div style="font-size:48px;margin-bottom:12px"><i class="fas fa-prescription-bottl
  User variables:
    target: http://localhost/hospital
    $environment: undefined
    $testId: tyrwb_hf3cergm9paphrkje9z4gkrz7e9jf_7x9j
    $dirname: tests
    $scenarioFile: C:\wamp64\www\hospital\mi-qa\tests\escenarios.yaml
    username: admin
    password: admin
    nombre_medicamento: loratadina
    cliente_id: 3
    $uuid: 16da5a7e-5719-41b1-9ebb-d2fd3f24d34d
* GET /hospital/?route=home 

  ok statusCode 200 
* POST /hospital/?route=auth&action=login 

  not ok statusCode 200 
  expected: 302
       got: 200
  Request params:
    http://localhost/hospital/?route=auth&action=login
    ""
  Headers:
  date: Wed, 06 May 2026 16:12:45 GMT
  server: Apache/2.4.65 (Win64) PHP/8.3.28 mod_fcgid/2.3.10-dev
  x-powered-by: PHP/8.3.28
  expires: Thu, 19 Nov 1981 08:52:00 GMT
  cache-control: no-store, no-cache, must-revalidate
  pragma: no-cache
  content-length: 1624
  keep-alive: timeout=5, max=97
  connection: Keep-Alive
  content-type: text/html; charset=UTF-8
  Body:
<!DOCTYPE html>
<html lang="es">
<head>
<meta charset="UTF-8">
<meta name="viewport" content="width=device-width,initial-scale=1.0">
<title>Iniciar Sesión — PharmaCRM</title>
<link rel="stylesheet" href="/hospital/public/css/styles.css">
<link rel="stylesheet" href="https://cdnjs.cloudflare.com/ajax/libs/font-awesome/6.5.1/css/all.min.css">
</head>
<body>
<div class="login-wrapper">
<div class="login-card">
<div class="logo">
<div style="font-size:48px;margin-bottom:12px"><i class="fas fa-prescription-bottl
  User variables:
    target: http://localhost/hospital
    $environment: undefined
    $testId: tyrwb_hf3cergm9paphrkje9z4gkrz7e9jf_7x9j
    $dirname: tests
    $scenarioFile: C:\wamp64\www\hospital\mi-qa\tests\escenarios.yaml
    username: username
    password: password
    nombre_medicamento: omeprazol
    cliente_id: 5
    $uuid: 46002257-2bbb-47e4-a013-f91363ff1814
* GET /hospital/?route=home 

  ok statusCode 200 
* GET /hospital/?route=login 

  ok statusCode 200 
* GET /hospital/?route=login 

  ok statusCode 200 
* POST /hospital/?route=auth&action=login 

  not ok statusCode 200 
  expected: 302
       got: 200
  Request params:
    http://localhost/hospital/?route=auth&action=login
    ""
  Headers:
  date: Wed, 06 May 2026 16:12:45 GMT
  server: Apache/2.4.65 (Win64) PHP/8.3.28 mod_fcgid/2.3.10-dev
  x-powered-by: PHP/8.3.28
  expires: Thu, 19 Nov 1981 08:52:00 GMT
  cache-control: no-store, no-cache, must-revalidate
  pragma: no-cache
  content-length: 1624
  keep-alive: timeout=5, max=97
  connection: Keep-Alive
  content-type: text/html; charset=UTF-8
  Body:
<!DOCTYPE html>
<html lang="es">
<head>
<meta charset="UTF-8">
<meta name="viewport" content="width=device-width,initial-scale=1.0">
<title>Iniciar Sesión — PharmaCRM</title>
<link rel="stylesheet" href="/hospital/public/css/styles.css">
<link rel="stylesheet" href="https://cdnjs.cloudflare.com/ajax/libs/font-awesome/6.5.1/css/all.min.css">
</head>
<body>
<div class="login-wrapper">
<div class="login-card">
<div class="logo">
<div style="font-size:48px;margin-bottom:12px"><i class="fas fa-prescription-bottl
  User variables:
    target: http://localhost/hospital
    $environment: undefined
    $testId: tyrwb_hf3cergm9paphrkje9z4gkrz7e9jf_7x9j
    $dirname: tests
    $scenarioFile: C:\wamp64\www\hospital\mi-qa\tests\escenarios.yaml
    username: supervisor1
    password: supervisor123
    nombre_medicamento: ibuprofeno
    cliente_id: 3
    $uuid: 29a78bf0-4a72-4b80-bf1e-4aad1c46730c
* GET /hospital/?route=home 

  ok statusCode 200 
* GET /hospital/?route=home 

* POST /hospital/?route=auth&action=login 

  ok statusCode 200 
* GET /hospital/?route=login 

  ok statusCode 200 
  not ok statusCode 200 
  expected: 302
       got: 200
  Request params:
    http://localhost/hospital/?route=auth&action=login
    ""
  Headers:
  date: Wed, 06 May 2026 16:12:45 GMT
  server: Apache/2.4.65 (Win64) PHP/8.3.28 mod_fcgid/2.3.10-dev
  x-powered-by: PHP/8.3.28
  expires: Thu, 19 Nov 1981 08:52:00 GMT
  cache-control: no-store, no-cache, must-revalidate
  pragma: no-cache
  content-length: 1624
  keep-alive: timeout=5, max=97
  connection: Keep-Alive
  content-type: text/html; charset=UTF-8
  Body:
<!DOCTYPE html>
<html lang="es">
<head>
<meta charset="UTF-8">
<meta name="viewport" content="width=device-width,initial-scale=1.0">
<title>Iniciar Sesión — PharmaCRM</title>
<link rel="stylesheet" href="/hospital/public/css/styles.css">
<link rel="stylesheet" href="https://cdnjs.cloudflare.com/ajax/libs/font-awesome/6.5.1/css/all.min.css">
</head>
<body>
<div class="login-wrapper">
<div class="login-card">
<div class="logo">
<div style="font-size:48px;margin-bottom:12px"><i class="fas fa-prescription-bottl
  User variables:
    target: http://localhost/hospital
    $environment: undefined
    $testId: tyrwb_hf3cergm9paphrkje9z4gkrz7e9jf_7x9j
    $dirname: tests
    $scenarioFile: C:\wamp64\www\hospital\mi-qa\tests\escenarios.yaml
    username: tester
    password: tester123
    nombre_medicamento: amoxicilina
    cliente_id: 4
    $uuid: e8266df8-3c38-40ee-a1e1-bef4ff859c95
* POST /hospital/?route=auth&action=login 

  not ok statusCode 200 
  expected: 302
       got: 200
  Request params:
    http://localhost/hospital/?route=auth&action=login
    ""
  Headers:
  date: Wed, 06 May 2026 16:12:45 GMT
  server: Apache/2.4.65 (Win64) PHP/8.3.28 mod_fcgid/2.3.10-dev
  x-powered-by: PHP/8.3.28
  expires: Thu, 19 Nov 1981 08:52:00 GMT
  cache-control: no-store, no-cache, must-revalidate
  pragma: no-cache
  content-length: 1624
  keep-alive: timeout=5, max=97
  connection: Keep-Alive
  content-type: text/html; charset=UTF-8
  Body:
<!DOCTYPE html>
<html lang="es">
<head>
<meta charset="UTF-8">
<meta name="viewport" content="width=device-width,initial-scale=1.0">
<title>Iniciar Sesión — PharmaCRM</title>
<link rel="stylesheet" href="/hospital/public/css/styles.css">
<link rel="stylesheet" href="https://cdnjs.cloudflare.com/ajax/libs/font-awesome/6.5.1/css/all.min.css">
</head>
<body>
<div class="login-wrapper">
<div class="login-card">
<div class="logo">
<div style="font-size:48px;margin-bottom:12px"><i class="fas fa-prescription-bottl
  User variables:
    target: http://localhost/hospital
    $environment: undefined
    $testId: tyrwb_hf3cergm9paphrkje9z4gkrz7e9jf_7x9j
    $dirname: tests
    $scenarioFile: C:\wamp64\www\hospital\mi-qa\tests\escenarios.yaml
    username: supervisor1
    password: supervisor123
    nombre_medicamento: salbutamol
    cliente_id: 8
    $uuid: 48d6395b-bf61-4246-b90d-1c3dada0c8b9
* GET /hospital/?route=home 

  ok statusCode 200 
* GET /hospital/?route=login 

  ok statusCode 200 
* POST /hospital/?route=auth&action=login 

  not ok statusCode 200 
  expected: 302
       got: 200
  Request params:
    http://localhost/hospital/?route=auth&action=login
    ""
  Headers:
  date: Wed, 06 May 2026 16:12:45 GMT
  server: Apache/2.4.65 (Win64) PHP/8.3.28 mod_fcgid/2.3.10-dev
  x-powered-by: PHP/8.3.28
  expires: Thu, 19 Nov 1981 08:52:00 GMT
  cache-control: no-store, no-cache, must-revalidate
  pragma: no-cache
  content-length: 1624
  keep-alive: timeout=5, max=97
  connection: Keep-Alive
  content-type: text/html; charset=UTF-8
  Body:
<!DOCTYPE html>
<html lang="es">
<head>
<meta charset="UTF-8">
<meta name="viewport" content="width=device-width,initial-scale=1.0">
<title>Iniciar Sesión — PharmaCRM</title>
<link rel="stylesheet" href="/hospital/public/css/styles.css">
<link rel="stylesheet" href="https://cdnjs.cloudflare.com/ajax/libs/font-awesome/6.5.1/css/all.min.css">
</head>
<body>
<div class="login-wrapper">
<div class="login-card">
<div class="logo">
<div style="font-size:48px;margin-bottom:12px"><i class="fas fa-prescription-bottl
  User variables:
    target: http://localhost/hospital
    $environment: undefined
    $testId: tyrwb_hf3cergm9paphrkje9z4gkrz7e9jf_7x9j
    $dirname: tests
    $scenarioFile: C:\wamp64\www\hospital\mi-qa\tests\escenarios.yaml
    username: admin
    password: admin
    nombre_medicamento: loratadina
    cliente_id: 2
    $uuid: 273f8edb-51a4-4620-8529-20970362c3e8
* GET /hospital/?route=home 

  ok statusCode 200 
* GET /hospital/?route=login 

  ok statusCode 200 
* POST /hospital/?route=auth&action=login 

  not ok statusCode 200 
  expected: 302
       got: 200
  Request params:
    http://localhost/hospital/?route=auth&action=login
    ""
  Headers:
  date: Wed, 06 May 2026 16:12:45 GMT
  server: Apache/2.4.65 (Win64) PHP/8.3.28 mod_fcgid/2.3.10-dev
  x-powered-by: PHP/8.3.28
  expires: Thu, 19 Nov 1981 08:52:00 GMT
  cache-control: no-store, no-cache, must-revalidate
  pragma: no-cache
  content-length: 1624
  keep-alive: timeout=5, max=97
  connection: Keep-Alive
  content-type: text/html; charset=UTF-8
  Body:
<!DOCTYPE html>
<html lang="es">
<head>
<meta charset="UTF-8">
<meta name="viewport" content="width=device-width,initial-scale=1.0">
<title>Iniciar Sesión — PharmaCRM</title>
<link rel="stylesheet" href="/hospital/public/css/styles.css">
<link rel="stylesheet" href="https://cdnjs.cloudflare.com/ajax/libs/font-awesome/6.5.1/css/all.min.css">
</head>
<body>
<div class="login-wrapper">
<div class="login-card">
<div class="logo">
<div style="font-size:48px;margin-bottom:12px"><i class="fas fa-prescription-bottl
  User variables:
    target: http://localhost/hospital
    $environment: undefined
    $testId: tyrwb_hf3cergm9paphrkje9z4gkrz7e9jf_7x9j
    $dirname: tests
    $scenarioFile: C:\wamp64\www\hospital\mi-qa\tests\escenarios.yaml
    username: supervisor1
    password: supervisor123
    nombre_medicamento: omeprazol
    cliente_id: 4
    $uuid: 2a43579b-6840-448b-b189-80dbfab67911
* GET /hospital/?route=home 

  ok statusCode 200 
* GET /hospital/?route=login 

  ok statusCode 200 
* GET /hospital/?route=login 

  ok statusCode 200 
* GET /hospital/?route=home 

  ok statusCode 200 
* POST /hospital/?route=auth&action=login 

  not ok statusCode 200 
  expected: 302
       got: 200
  Request params:
    http://localhost/hospital/?route=auth&action=login
    ""
  Headers:
  date: Wed, 06 May 2026 16:12:45 GMT
  server: Apache/2.4.65 (Win64) PHP/8.3.28 mod_fcgid/2.3.10-dev
  x-powered-by: PHP/8.3.28
  expires: Thu, 19 Nov 1981 08:52:00 GMT
  cache-control: no-store, no-cache, must-revalidate
  pragma: no-cache
  content-length: 1624
  keep-alive: timeout=5, max=97
  connection: Keep-Alive
  content-type: text/html; charset=UTF-8
  Body:
<!DOCTYPE html>
<html lang="es">
<head>
<meta charset="UTF-8">
<meta name="viewport" content="width=device-width,initial-scale=1.0">
<title>Iniciar Sesión — PharmaCRM</title>
<link rel="stylesheet" href="/hospital/public/css/styles.css">
<link rel="stylesheet" href="https://cdnjs.cloudflare.com/ajax/libs/font-awesome/6.5.1/css/all.min.css">
</head>
<body>
<div class="login-wrapper">
<div class="login-card">
<div class="logo">
<div style="font-size:48px;margin-bottom:12px"><i class="fas fa-prescription-bottl
  User variables:
    target: http://localhost/hospital
    $environment: undefined
    $testId: tyrwb_hf3cergm9paphrkje9z4gkrz7e9jf_7x9j
    $dirname: tests
    $scenarioFile: C:\wamp64\www\hospital\mi-qa\tests\escenarios.yaml
    username: supervisor1
    password: supervisor123
    nombre_medicamento: amoxicilina
    cliente_id: 3
    $uuid: 71b9bc0f-2e78-4c90-a62c-71d9446f6865
* POST /hospital/?route=auth&action=login 

  not ok statusCode 200 
  expected: 302
       got: 200
  Request params:
    http://localhost/hospital/?route=auth&action=login
    ""
  Headers:
  date: Wed, 06 May 2026 16:12:45 GMT
  server: Apache/2.4.65 (Win64) PHP/8.3.28 mod_fcgid/2.3.10-dev
  x-powered-by: PHP/8.3.28
  expires: Thu, 19 Nov 1981 08:52:00 GMT
  cache-control: no-store, no-cache, must-revalidate
  pragma: no-cache
  content-length: 1624
  keep-alive: timeout=5, max=97
  connection: Keep-Alive
  content-type: text/html; charset=UTF-8
  Body:
<!DOCTYPE html>
<html lang="es">
<head>
<meta charset="UTF-8">
<meta name="viewport" content="width=device-width,initial-scale=1.0">
<title>Iniciar Sesión — PharmaCRM</title>
<link rel="stylesheet" href="/hospital/public/css/styles.css">
<link rel="stylesheet" href="https://cdnjs.cloudflare.com/ajax/libs/font-awesome/6.5.1/css/all.min.css">
</head>
<body>
<div class="login-wrapper">
<div class="login-card">
<div class="logo">
<div style="font-size:48px;margin-bottom:12px"><i class="fas fa-prescription-bottl
  User variables:
    target: http://localhost/hospital
    $environment: undefined
    $testId: tyrwb_hf3cergm9paphrkje9z4gkrz7e9jf_7x9j
    $dirname: tests
    $scenarioFile: C:\wamp64\www\hospital\mi-qa\tests\escenarios.yaml
    username: vendedor1
    password: vendedor123
    nombre_medicamento: nombre_medicamento
    cliente_id: 7
    $uuid: 0cdaf6a7-965c-447a-bdfc-cfae5831f270
* GET /hospital/?route=home 

  ok statusCode 200 
* GET /hospital/?route=login 

  ok statusCode 200 
* POST /hospital/?route=auth&action=login 

  not ok statusCode 200 
  expected: 302
       got: 200
  Request params:
    http://localhost/hospital/?route=auth&action=login
    ""
  Headers:
  date: Wed, 06 May 2026 16:12:46 GMT
  server: Apache/2.4.65 (Win64) PHP/8.3.28 mod_fcgid/2.3.10-dev
  x-powered-by: PHP/8.3.28
  expires: Thu, 19 Nov 1981 08:52:00 GMT
  cache-control: no-store, no-cache, must-revalidate
  pragma: no-cache
  content-length: 1624
  keep-alive: timeout=5, max=97
  connection: Keep-Alive
  content-type: text/html; charset=UTF-8
  Body:
<!DOCTYPE html>
<html lang="es">
<head>
<meta charset="UTF-8">
<meta name="viewport" content="width=device-width,initial-scale=1.0">
<title>Iniciar Sesión — PharmaCRM</title>
<link rel="stylesheet" href="/hospital/public/css/styles.css">
<link rel="stylesheet" href="https://cdnjs.cloudflare.com/ajax/libs/font-awesome/6.5.1/css/all.min.css">
</head>
<body>
<div class="login-wrapper">
<div class="login-card">
<div class="logo">
<div style="font-size:48px;margin-bottom:12px"><i class="fas fa-prescription-bottl
  User variables:
    target: http://localhost/hospital
    $environment: undefined
    $testId: tyrwb_hf3cergm9paphrkje9z4gkrz7e9jf_7x9j
    $dirname: tests
    $scenarioFile: C:\wamp64\www\hospital\mi-qa\tests\escenarios.yaml
    username: vendedor1
    password: vendedor123
    nombre_medicamento: enalapril
    cliente_id: 7
    $uuid: b81f6015-485d-4def-b02b-b0497f5a387f
* GET /hospital/?route=login 

  ok statusCode 200 
* GET /hospital/?route=home 

  ok statusCode 200 
* POST /hospital/?route=auth&action=login 

  not ok statusCode 200 
  expected: 302
       got: 200
  Request params:
    http://localhost/hospital/?route=auth&action=login
    ""
  Headers:
  date: Wed, 06 May 2026 16:12:46 GMT
  server: Apache/2.4.65 (Win64) PHP/8.3.28 mod_fcgid/2.3.10-dev
  x-powered-by: PHP/8.3.28
  expires: Thu, 19 Nov 1981 08:52:00 GMT
  cache-control: no-store, no-cache, must-revalidate
  pragma: no-cache
  content-length: 1624
  keep-alive: timeout=5, max=97
  connection: Keep-Alive
  content-type: text/html; charset=UTF-8
  Body:
<!DOCTYPE html>
<html lang="es">
<head>
<meta charset="UTF-8">
<meta name="viewport" content="width=device-width,initial-scale=1.0">
<title>Iniciar Sesión — PharmaCRM</title>
<link rel="stylesheet" href="/hospital/public/css/styles.css">
<link rel="stylesheet" href="https://cdnjs.cloudflare.com/ajax/libs/font-awesome/6.5.1/css/all.min.css">
</head>
<body>
<div class="login-wrapper">
<div class="login-card">
<div class="logo">
<div style="font-size:48px;margin-bottom:12px"><i class="fas fa-prescription-bottl
  User variables:
    target: http://localhost/hospital
    $environment: undefined
    $testId: tyrwb_hf3cergm9paphrkje9z4gkrz7e9jf_7x9j
    $dirname: tests
    $scenarioFile: C:\wamp64\www\hospital\mi-qa\tests\escenarios.yaml
    username: admin
    password: admin
    nombre_medicamento: metformina
    cliente_id: 10
    $uuid: 923a44dc-d930-4771-aaa1-021dd3ab0b01
* GET /hospital/?route=home 

  ok statusCode 200 
* POST /hospital/?route=auth&action=login 

  not ok statusCode 200 
  expected: 302
       got: 200
  Request params:
    http://localhost/hospital/?route=auth&action=login
    ""
  Headers:
  date: Wed, 06 May 2026 16:12:46 GMT
  server: Apache/2.4.65 (Win64) PHP/8.3.28 mod_fcgid/2.3.10-dev
  x-powered-by: PHP/8.3.28
  expires: Thu, 19 Nov 1981 08:52:00 GMT
  cache-control: no-store, no-cache, must-revalidate
  pragma: no-cache
  content-length: 1624
  keep-alive: timeout=5, max=97
  connection: Keep-Alive
  content-type: text/html; charset=UTF-8
  Body:
<!DOCTYPE html>
<html lang="es">
<head>
<meta charset="UTF-8">
<meta name="viewport" content="width=device-width,initial-scale=1.0">
<title>Iniciar Sesión — PharmaCRM</title>
<link rel="stylesheet" href="/hospital/public/css/styles.css">
<link rel="stylesheet" href="https://cdnjs.cloudflare.com/ajax/libs/font-awesome/6.5.1/css/all.min.css">
</head>
<body>
<div class="login-wrapper">
<div class="login-card">
<div class="logo">
<div style="font-size:48px;margin-bottom:12px"><i class="fas fa-prescription-bottl
  User variables:
    target: http://localhost/hospital
    $environment: undefined
    $testId: tyrwb_hf3cergm9paphrkje9z4gkrz7e9jf_7x9j
    $dirname: tests
    $scenarioFile: C:\wamp64\www\hospital\mi-qa\tests\escenarios.yaml
    username: tester
    password: tester123
    nombre_medicamento: amoxicilina
    cliente_id: 6
    $uuid: 8e1f0dff-de6b-4303-a0be-d0420e7364f1
* GET /hospital/?route=login 

  ok statusCode 200 
* GET /hospital/?route=login 

  ok statusCode 200 
* GET /hospital/?route=home 

  ok statusCode 200 
* POST /hospital/?route=auth&action=login 

  not ok statusCode 200 
  expected: 302
       got: 200
  Request params:
    http://localhost/hospital/?route=auth&action=login
    ""
  Headers:
  date: Wed, 06 May 2026 16:12:46 GMT
  server: Apache/2.4.65 (Win64) PHP/8.3.28 mod_fcgid/2.3.10-dev
  x-powered-by: PHP/8.3.28
  expires: Thu, 19 Nov 1981 08:52:00 GMT
  cache-control: no-store, no-cache, must-revalidate
  pragma: no-cache
  content-length: 1624
  keep-alive: timeout=5, max=97
  connection: Keep-Alive
  content-type: text/html; charset=UTF-8
  Body:
<!DOCTYPE html>
<html lang="es">
<head>
<meta charset="UTF-8">
<meta name="viewport" content="width=device-width,initial-scale=1.0">
<title>Iniciar Sesión — PharmaCRM</title>
<link rel="stylesheet" href="/hospital/public/css/styles.css">
<link rel="stylesheet" href="https://cdnjs.cloudflare.com/ajax/libs/font-awesome/6.5.1/css/all.min.css">
</head>
<body>
<div class="login-wrapper">
<div class="login-card">
<div class="logo">
<div style="font-size:48px;margin-bottom:12px"><i class="fas fa-prescription-bottl
  User variables:
    target: http://localhost/hospital
    $environment: undefined
    $testId: tyrwb_hf3cergm9paphrkje9z4gkrz7e9jf_7x9j
    $dirname: tests
    $scenarioFile: C:\wamp64\www\hospital\mi-qa\tests\escenarios.yaml
    username: vendedor1
    password: vendedor123
    nombre_medicamento: acetaminofen
    cliente_id: 1
    $uuid: 8e31c27e-e8e6-411b-ae1c-3f4921aa5820
* GET /hospital/?route=home 

  ok statusCode 200 
* POST /hospital/?route=auth&action=login 

  not ok statusCode 200 
  expected: 302
       got: 200
  Request params:
    http://localhost/hospital/?route=auth&action=login
    ""
  Headers:
  date: Wed, 06 May 2026 16:12:46 GMT
  server: Apache/2.4.65 (Win64) PHP/8.3.28 mod_fcgid/2.3.10-dev
  x-powered-by: PHP/8.3.28
  expires: Thu, 19 Nov 1981 08:52:00 GMT
  cache-control: no-store, no-cache, must-revalidate
  pragma: no-cache
  content-length: 1624
  keep-alive: timeout=5, max=97
  connection: Keep-Alive
  content-type: text/html; charset=UTF-8
  Body:
<!DOCTYPE html>
<html lang="es">
<head>
<meta charset="UTF-8">
<meta name="viewport" content="width=device-width,initial-scale=1.0">
<title>Iniciar Sesión — PharmaCRM</title>
<link rel="stylesheet" href="/hospital/public/css/styles.css">
<link rel="stylesheet" href="https://cdnjs.cloudflare.com/ajax/libs/font-awesome/6.5.1/css/all.min.css">
</head>
<body>
<div class="login-wrapper">
<div class="login-card">
<div class="logo">
<div style="font-size:48px;margin-bottom:12px"><i class="fas fa-prescription-bottl
  User variables:
    target: http://localhost/hospital
    $environment: undefined
    $testId: tyrwb_hf3cergm9paphrkje9z4gkrz7e9jf_7x9j
    $dirname: tests
    $scenarioFile: C:\wamp64\www\hospital\mi-qa\tests\escenarios.yaml
    username: supervisor1
    password: supervisor123
    nombre_medicamento: loratadina
    cliente_id: 9
    $uuid: 634fb448-1652-41b9-94ad-9e20c5523081
* GET /hospital/?route=login 

  ok statusCode 200 
* GET /hospital/?route=home 

  ok statusCode 200 
* GET /hospital/?route=login 

  ok statusCode 200 
* POST /hospital/?route=auth&action=login 

  not ok statusCode 200 
  expected: 302
       got: 200
  Request params:
    http://localhost/hospital/?route=auth&action=login
    ""
  Headers:
  date: Wed, 06 May 2026 16:12:46 GMT
  server: Apache/2.4.65 (Win64) PHP/8.3.28 mod_fcgid/2.3.10-dev
  x-powered-by: PHP/8.3.28
  expires: Thu, 19 Nov 1981 08:52:00 GMT
  cache-control: no-store, no-cache, must-revalidate
  pragma: no-cache
  content-length: 1624
  keep-alive: timeout=5, max=97
  connection: Keep-Alive
  content-type: text/html; charset=UTF-8
  Body:
<!DOCTYPE html>
<html lang="es">
<head>
<meta charset="UTF-8">
<meta name="viewport" content="width=device-width,initial-scale=1.0">
<title>Iniciar Sesión — PharmaCRM</title>
<link rel="stylesheet" href="/hospital/public/css/styles.css">
<link rel="stylesheet" href="https://cdnjs.cloudflare.com/ajax/libs/font-awesome/6.5.1/css/all.min.css">
</head>
<body>
<div class="login-wrapper">
<div class="login-card">
<div class="logo">
<div style="font-size:48px;margin-bottom:12px"><i class="fas fa-prescription-bottl
  User variables:
    target: http://localhost/hospital
    $environment: undefined
    $testId: tyrwb_hf3cergm9paphrkje9z4gkrz7e9jf_7x9j
    $dirname: tests
    $scenarioFile: C:\wamp64\www\hospital\mi-qa\tests\escenarios.yaml
    username: admin
    password: admin
    nombre_medicamento: enalapril
    cliente_id: 4
    $uuid: 2d0f6a35-84bc-44d2-83c4-b2677f995375
* GET /hospital/?route=login 

  ok statusCode 200 
* GET /hospital/?route=home 

  ok statusCode 200 
* POST /hospital/?route=auth&action=login 

  not ok statusCode 200 
  expected: 302
       got: 200
  Request params:
    http://localhost/hospital/?route=auth&action=login
    ""
  Headers:
  date: Wed, 06 May 2026 16:12:46 GMT
  server: Apache/2.4.65 (Win64) PHP/8.3.28 mod_fcgid/2.3.10-dev
  x-powered-by: PHP/8.3.28
  expires: Thu, 19 Nov 1981 08:52:00 GMT
  cache-control: no-store, no-cache, must-revalidate
  pragma: no-cache
  content-length: 1624
  keep-alive: timeout=5, max=97
  connection: Keep-Alive
  content-type: text/html; charset=UTF-8
  Body:
<!DOCTYPE html>
<html lang="es">
<head>
<meta charset="UTF-8">
<meta name="viewport" content="width=device-width,initial-scale=1.0">
<title>Iniciar Sesión — PharmaCRM</title>
<link rel="stylesheet" href="/hospital/public/css/styles.css">
<link rel="stylesheet" href="https://cdnjs.cloudflare.com/ajax/libs/font-awesome/6.5.1/css/all.min.css">
</head>
<body>
<div class="login-wrapper">
<div class="login-card">
<div class="logo">
<div style="font-size:48px;margin-bottom:12px"><i class="fas fa-prescription-bottl
  User variables:
    target: http://localhost/hospital
    $environment: undefined
    $testId: tyrwb_hf3cergm9paphrkje9z4gkrz7e9jf_7x9j
    $dirname: tests
    $scenarioFile: C:\wamp64\www\hospital\mi-qa\tests\escenarios.yaml
    username: username
    password: password
    nombre_medicamento: salbutamol
    cliente_id: 3
    $uuid: 210c32c9-2df2-4d4a-a1a8-394b61858e81
* GET /hospital/?route=home 

  ok statusCode 200 
* GET /hospital/?route=login 

  ok statusCode 200 
* POST /hospital/?route=auth&action=login 

  not ok statusCode 200 
  expected: 302
       got: 200
  Request params:
    http://localhost/hospital/?route=auth&action=login
    ""
  Headers:
  date: Wed, 06 May 2026 16:12:46 GMT
  server: Apache/2.4.65 (Win64) PHP/8.3.28 mod_fcgid/2.3.10-dev
  x-powered-by: PHP/8.3.28
  expires: Thu, 19 Nov 1981 08:52:00 GMT
  cache-control: no-store, no-cache, must-revalidate
  pragma: no-cache
  content-length: 1624
  keep-alive: timeout=5, max=97
  connection: Keep-Alive
  content-type: text/html; charset=UTF-8
  Body:
<!DOCTYPE html>
<html lang="es">
<head>
<meta charset="UTF-8">
<meta name="viewport" content="width=device-width,initial-scale=1.0">
<title>Iniciar Sesión — PharmaCRM</title>
<link rel="stylesheet" href="/hospital/public/css/styles.css">
<link rel="stylesheet" href="https://cdnjs.cloudflare.com/ajax/libs/font-awesome/6.5.1/css/all.min.css">
</head>
<body>
<div class="login-wrapper">
<div class="login-card">
<div class="logo">
<div style="font-size:48px;margin-bottom:12px"><i class="fas fa-prescription-bottl
  User variables:
    target: http://localhost/hospital
    $environment: undefined
    $testId: tyrwb_hf3cergm9paphrkje9z4gkrz7e9jf_7x9j
    $dirname: tests
    $scenarioFile: C:\wamp64\www\hospital\mi-qa\tests\escenarios.yaml
    username: vendedor1
    password: vendedor123
    nombre_medicamento: loratadina
    cliente_id: 1
    $uuid: cd8e3e50-fd33-4982-ba31-962fd685633b
* GET /hospital/?route=login 

  ok statusCode 200 
* GET /hospital/?route=home 

  ok statusCode 200 
* GET /hospital/?route=home 

  ok statusCode 200 
* GET /hospital/?route=login 

  ok statusCode 200 
* POST /hospital/?route=auth&action=login 

  not ok statusCode 200 
  expected: 302
       got: 200
  Request params:
    http://localhost/hospital/?route=auth&action=login
    ""
  Headers:
  date: Wed, 06 May 2026 16:12:46 GMT
  server: Apache/2.4.65 (Win64) PHP/8.3.28 mod_fcgid/2.3.10-dev
  x-powered-by: PHP/8.3.28
  expires: Thu, 19 Nov 1981 08:52:00 GMT
  cache-control: no-store, no-cache, must-revalidate
  pragma: no-cache
  content-length: 1624
  keep-alive: timeout=5, max=97
  connection: Keep-Alive
  content-type: text/html; charset=UTF-8
  Body:
<!DOCTYPE html>
<html lang="es">
<head>
<meta charset="UTF-8">
<meta name="viewport" content="width=device-width,initial-scale=1.0">
<title>Iniciar Sesión — PharmaCRM</title>
<link rel="stylesheet" href="/hospital/public/css/styles.css">
<link rel="stylesheet" href="https://cdnjs.cloudflare.com/ajax/libs/font-awesome/6.5.1/css/all.min.css">
</head>
<body>
<div class="login-wrapper">
<div class="login-card">
<div class="logo">
<div style="font-size:48px;margin-bottom:12px"><i class="fas fa-prescription-bottl
  User variables:
    target: http://localhost/hospital
    $environment: undefined
    $testId: tyrwb_hf3cergm9paphrkje9z4gkrz7e9jf_7x9j
    $dirname: tests
    $scenarioFile: C:\wamp64\www\hospital\mi-qa\tests\escenarios.yaml
    username: vendedor1
    password: vendedor123
    nombre_medicamento: loratadina
    cliente_id: 7
    $uuid: 8a634cdf-66e8-4625-ba06-b5a1f9324fb7
* POST /hospital/?route=auth&action=login 

  not ok statusCode 200 
  expected: 302
       got: 200
  Request params:
    http://localhost/hospital/?route=auth&action=login
    ""
  Headers:
  date: Wed, 06 May 2026 16:12:46 GMT
  server: Apache/2.4.65 (Win64) PHP/8.3.28 mod_fcgid/2.3.10-dev
  x-powered-by: PHP/8.3.28
  expires: Thu, 19 Nov 1981 08:52:00 GMT
  cache-control: no-store, no-cache, must-revalidate
  pragma: no-cache
  content-length: 1624
  keep-alive: timeout=5, max=97
  connection: Keep-Alive
  content-type: text/html; charset=UTF-8
  Body:
<!DOCTYPE html>
<html lang="es">
<head>
<meta charset="UTF-8">
<meta name="viewport" content="width=device-width,initial-scale=1.0">
<title>Iniciar Sesión — PharmaCRM</title>
<link rel="stylesheet" href="/hospital/public/css/styles.css">
<link rel="stylesheet" href="https://cdnjs.cloudflare.com/ajax/libs/font-awesome/6.5.1/css/all.min.css">
</head>
<body>
<div class="login-wrapper">
<div class="login-card">
<div class="logo">
<div style="font-size:48px;margin-bottom:12px"><i class="fas fa-prescription-bottl
  User variables:
    target: http://localhost/hospital
    $environment: undefined
    $testId: tyrwb_hf3cergm9paphrkje9z4gkrz7e9jf_7x9j
    $dirname: tests
    $scenarioFile: C:\wamp64\www\hospital\mi-qa\tests\escenarios.yaml
    username: vendedor1
    password: vendedor123
    nombre_medicamento: acetaminofen
    cliente_id: 6
    $uuid: 82937d13-27e9-4283-b6c6-2258c574eb4b
* GET /hospital/?route=login 

  ok statusCode 200 
* GET /hospital/?route=home 

  ok statusCode 200 
* POST /hospital/?route=auth&action=login 

  not ok statusCode 200 
  expected: 302
       got: 200
  Request params:
    http://localhost/hospital/?route=auth&action=login
    ""
  Headers:
  date: Wed, 06 May 2026 16:12:47 GMT
  server: Apache/2.4.65 (Win64) PHP/8.3.28 mod_fcgid/2.3.10-dev
  x-powered-by: PHP/8.3.28
  expires: Thu, 19 Nov 1981 08:52:00 GMT
  cache-control: no-store, no-cache, must-revalidate
  pragma: no-cache
  content-length: 1624
  keep-alive: timeout=5, max=97
  connection: Keep-Alive
  content-type: text/html; charset=UTF-8
  Body:
<!DOCTYPE html>
<html lang="es">
<head>
<meta charset="UTF-8">
<meta name="viewport" content="width=device-width,initial-scale=1.0">
<title>Iniciar Sesión — PharmaCRM</title>
<link rel="stylesheet" href="/hospital/public/css/styles.css">
<link rel="stylesheet" href="https://cdnjs.cloudflare.com/ajax/libs/font-awesome/6.5.1/css/all.min.css">
</head>
<body>
<div class="login-wrapper">
<div class="login-card">
<div class="logo">
<div style="font-size:48px;margin-bottom:12px"><i class="fas fa-prescription-bottl
  User variables:
    target: http://localhost/hospital
    $environment: undefined
    $testId: tyrwb_hf3cergm9paphrkje9z4gkrz7e9jf_7x9j
    $dirname: tests
    $scenarioFile: C:\wamp64\www\hospital\mi-qa\tests\escenarios.yaml
    username: vendedor1
    password: vendedor123
    nombre_medicamento: amoxicilina
    cliente_id: 9
    $uuid: 239eafbf-dc86-4744-b9d1-3287a8be17e6
* GET /hospital/?route=home 

  ok statusCode 200 
* GET /hospital/?route=login 

  ok statusCode 200 
* POST /hospital/?route=auth&action=login 

  not ok statusCode 200 
  expected: 302
       got: 200
  Request params:
    http://localhost/hospital/?route=auth&action=login
    ""
  Headers:
  date: Wed, 06 May 2026 16:12:47 GMT
  server: Apache/2.4.65 (Win64) PHP/8.3.28 mod_fcgid/2.3.10-dev
  x-powered-by: PHP/8.3.28
  expires: Thu, 19 Nov 1981 08:52:00 GMT
  cache-control: no-store, no-cache, must-revalidate
  pragma: no-cache
  content-length: 1624
  keep-alive: timeout=5, max=97
  connection: Keep-Alive
  content-type: text/html; charset=UTF-8
  Body:
<!DOCTYPE html>
<html lang="es">
<head>
<meta charset="UTF-8">
<meta name="viewport" content="width=device-width,initial-scale=1.0">
<title>Iniciar Sesión — PharmaCRM</title>
<link rel="stylesheet" href="/hospital/public/css/styles.css">
<link rel="stylesheet" href="https://cdnjs.cloudflare.com/ajax/libs/font-awesome/6.5.1/css/all.min.css">
</head>
<body>
<div class="login-wrapper">
<div class="login-card">
<div class="logo">
<div style="font-size:48px;margin-bottom:12px"><i class="fas fa-prescription-bottl
  User variables:
    target: http://localhost/hospital
    $environment: undefined
    $testId: tyrwb_hf3cergm9paphrkje9z4gkrz7e9jf_7x9j
    $dirname: tests
    $scenarioFile: C:\wamp64\www\hospital\mi-qa\tests\escenarios.yaml
    username: vendedor1
    password: vendedor123
    nombre_medicamento: nombre_medicamento
    cliente_id: cliente_id
    $uuid: ae5e60c7-00c9-42a5-9f7e-608da2dcc1f6
* GET /hospital/?route=home 

  ok statusCode 200 
* GET /hospital/?route=login 

  ok statusCode 200 
* POST /hospital/?route=auth&action=login 

  not ok statusCode 200 
  expected: 302
       got: 200
  Request params:
    http://localhost/hospital/?route=auth&action=login
    ""
  Headers:
  date: Wed, 06 May 2026 16:12:47 GMT
  server: Apache/2.4.65 (Win64) PHP/8.3.28 mod_fcgid/2.3.10-dev
  x-powered-by: PHP/8.3.28
  expires: Thu, 19 Nov 1981 08:52:00 GMT
  cache-control: no-store, no-cache, must-revalidate
  pragma: no-cache
  content-length: 1624
  keep-alive: timeout=5, max=97
  connection: Keep-Alive
  content-type: text/html; charset=UTF-8
  Body:
<!DOCTYPE html>
<html lang="es">
<head>
<meta charset="UTF-8">
<meta name="viewport" content="width=device-width,initial-scale=1.0">
<title>Iniciar Sesión — PharmaCRM</title>
<link rel="stylesheet" href="/hospital/public/css/styles.css">
<link rel="stylesheet" href="https://cdnjs.cloudflare.com/ajax/libs/font-awesome/6.5.1/css/all.min.css">
</head>
<body>
<div class="login-wrapper">
<div class="login-card">
<div class="logo">
<div style="font-size:48px;margin-bottom:12px"><i class="fas fa-prescription-bottl
  User variables:
    target: http://localhost/hospital
    $environment: undefined
    $testId: tyrwb_hf3cergm9paphrkje9z4gkrz7e9jf_7x9j
    $dirname: tests
    $scenarioFile: C:\wamp64\www\hospital\mi-qa\tests\escenarios.yaml
    username: admin
    password: admin
    nombre_medicamento: metformina
    cliente_id: 9
    $uuid: d5c864f2-2635-4aa2-a2c8-d410a392dac1
* POST /hospital/?route=auth&action=login 

  not ok statusCode 200 
  expected: 302
       got: 200
  Request params:
    http://localhost/hospital/?route=auth&action=login
    ""
  Headers:
  date: Wed, 06 May 2026 16:12:47 GMT
  server: Apache/2.4.65 (Win64) PHP/8.3.28 mod_fcgid/2.3.10-dev
  x-powered-by: PHP/8.3.28
  expires: Thu, 19 Nov 1981 08:52:00 GMT
  cache-control: no-store, no-cache, must-revalidate
  pragma: no-cache
  content-length: 1624
  keep-alive: timeout=5, max=97
  connection: Keep-Alive
  content-type: text/html; charset=UTF-8
  Body:
<!DOCTYPE html>
<html lang="es">
<head>
<meta charset="UTF-8">
<meta name="viewport" content="width=device-width,initial-scale=1.0">
<title>Iniciar Sesión — PharmaCRM</title>
<link rel="stylesheet" href="/hospital/public/css/styles.css">
<link rel="stylesheet" href="https://cdnjs.cloudflare.com/ajax/libs/font-awesome/6.5.1/css/all.min.css">
</head>
<body>
<div class="login-wrapper">
<div class="login-card">
<div class="logo">
<div style="font-size:48px;margin-bottom:12px"><i class="fas fa-prescription-bottl
  User variables:
    target: http://localhost/hospital
    $environment: undefined
    $testId: tyrwb_hf3cergm9paphrkje9z4gkrz7e9jf_7x9j
    $dirname: tests
    $scenarioFile: C:\wamp64\www\hospital\mi-qa\tests\escenarios.yaml
    username: vendedor1
    password: vendedor123
    nombre_medicamento: losartan
    cliente_id: 6
    $uuid: ec2dead2-3e0a-41bd-ac49-883e776c4f4a
* GET /hospital/?route=login 

  ok statusCode 200 
* GET /hospital/?route=home 

  ok statusCode 200 
* GET /hospital/?route=login 

  ok statusCode 200 
* GET /hospital/?route=home 

  ok statusCode 200 
* GET /hospital/?route=home 

  ok statusCode 200 
* POST /hospital/?route=auth&action=login 

  not ok statusCode 200 
  expected: 302
       got: 200
  Request params:
    http://localhost/hospital/?route=auth&action=login
    ""
  Headers:
  date: Wed, 06 May 2026 16:12:47 GMT
  server: Apache/2.4.65 (Win64) PHP/8.3.28 mod_fcgid/2.3.10-dev
  x-powered-by: PHP/8.3.28
  expires: Thu, 19 Nov 1981 08:52:00 GMT
  cache-control: no-store, no-cache, must-revalidate
  pragma: no-cache
  content-length: 1624
  keep-alive: timeout=5, max=97
  connection: Keep-Alive
  content-type: text/html; charset=UTF-8
  Body:
<!DOCTYPE html>
<html lang="es">
<head>
<meta charset="UTF-8">
<meta name="viewport" content="width=device-width,initial-scale=1.0">
<title>Iniciar Sesión — PharmaCRM</title>
<link rel="stylesheet" href="/hospital/public/css/styles.css">
<link rel="stylesheet" href="https://cdnjs.cloudflare.com/ajax/libs/font-awesome/6.5.1/css/all.min.css">
</head>
<body>
<div class="login-wrapper">
<div class="login-card">
<div class="logo">
<div style="font-size:48px;margin-bottom:12px"><i class="fas fa-prescription-bottl
  User variables:
    target: http://localhost/hospital
    $environment: undefined
    $testId: tyrwb_hf3cergm9paphrkje9z4gkrz7e9jf_7x9j
    $dirname: tests
    $scenarioFile: C:\wamp64\www\hospital\mi-qa\tests\escenarios.yaml
    username: tester
    password: tester123
    nombre_medicamento: ibuprofeno
    cliente_id: 1
    $uuid: 0a7a16d8-050a-421e-93d7-98f84c6bfab8
* GET /hospital/?route=login 

  ok statusCode 200 
* POST /hospital/?route=auth&action=login 

  not ok statusCode 200 
  expected: 302
       got: 200
  Request params:
    http://localhost/hospital/?route=auth&action=login
    ""
  Headers:
  date: Wed, 06 May 2026 16:12:47 GMT
  server: Apache/2.4.65 (Win64) PHP/8.3.28 mod_fcgid/2.3.10-dev
  x-powered-by: PHP/8.3.28
  expires: Thu, 19 Nov 1981 08:52:00 GMT
  cache-control: no-store, no-cache, must-revalidate
  pragma: no-cache
  content-length: 1624
  keep-alive: timeout=5, max=97
  connection: Keep-Alive
  content-type: text/html; charset=UTF-8
  Body:
<!DOCTYPE html>
<html lang="es">
<head>
<meta charset="UTF-8">
<meta name="viewport" content="width=device-width,initial-scale=1.0">
<title>Iniciar Sesión — PharmaCRM</title>
<link rel="stylesheet" href="/hospital/public/css/styles.css">
<link rel="stylesheet" href="https://cdnjs.cloudflare.com/ajax/libs/font-awesome/6.5.1/css/all.min.css">
</head>
<body>
<div class="login-wrapper">
<div class="login-card">
<div class="logo">
<div style="font-size:48px;margin-bottom:12px"><i class="fas fa-prescription-bottl
  User variables:
    target: http://localhost/hospital
    $environment: undefined
    $testId: tyrwb_hf3cergm9paphrkje9z4gkrz7e9jf_7x9j
    $dirname: tests
    $scenarioFile: C:\wamp64\www\hospital\mi-qa\tests\escenarios.yaml
    username: username
    password: password
    nombre_medicamento: omeprazol
    cliente_id: 8
    $uuid: ef75d04d-1baf-41f2-9ea8-8af98a6b3374
* GET /hospital/?route=home 

  ok statusCode 200 
* POST /hospital/?route=auth&action=login 

  not ok statusCode 200 
  expected: 302
       got: 200
  Request params:
    http://localhost/hospital/?route=auth&action=login
    ""
  Headers:
  date: Wed, 06 May 2026 16:12:47 GMT
  server: Apache/2.4.65 (Win64) PHP/8.3.28 mod_fcgid/2.3.10-dev
  x-powered-by: PHP/8.3.28
  expires: Thu, 19 Nov 1981 08:52:00 GMT
  cache-control: no-store, no-cache, must-revalidate
  pragma: no-cache
  content-length: 1624
  keep-alive: timeout=5, max=97
  connection: Keep-Alive
  content-type: text/html; charset=UTF-8
  Body:
<!DOCTYPE html>
<html lang="es">
<head>
<meta charset="UTF-8">
<meta name="viewport" content="width=device-width,initial-scale=1.0">
<title>Iniciar Sesión — PharmaCRM</title>
<link rel="stylesheet" href="/hospital/public/css/styles.css">
<link rel="stylesheet" href="https://cdnjs.cloudflare.com/ajax/libs/font-awesome/6.5.1/css/all.min.css">
</head>
<body>
<div class="login-wrapper">
<div class="login-card">
<div class="logo">
<div style="font-size:48px;margin-bottom:12px"><i class="fas fa-prescription-bottl
  User variables:
    target: http://localhost/hospital
    $environment: undefined
    $testId: tyrwb_hf3cergm9paphrkje9z4gkrz7e9jf_7x9j
    $dirname: tests
    $scenarioFile: C:\wamp64\www\hospital\mi-qa\tests\escenarios.yaml
    username: supervisor1
    password: supervisor123
    nombre_medicamento: acetaminofen
    cliente_id: 4
    $uuid: cf59f8ed-c090-4b50-8cfc-a56b9f59d06c
* GET /hospital/?route=login 

  ok statusCode 200 
* GET /hospital/?route=login 

  ok statusCode 200 
* POST /hospital/?route=auth&action=login 

  not ok statusCode 200 
  expected: 302
       got: 200
  Request params:
    http://localhost/hospital/?route=auth&action=login
    ""
  Headers:
  date: Wed, 06 May 2026 16:12:47 GMT
  server: Apache/2.4.65 (Win64) PHP/8.3.28 mod_fcgid/2.3.10-dev
  x-powered-by: PHP/8.3.28
  expires: Thu, 19 Nov 1981 08:52:00 GMT
  cache-control: no-store, no-cache, must-revalidate
  pragma: no-cache
  content-length: 1624
  keep-alive: timeout=5, max=97
  connection: Keep-Alive
  content-type: text/html; charset=UTF-8
  Body:
<!DOCTYPE html>
<html lang="es">
<head>
<meta charset="UTF-8">
<meta name="viewport" content="width=device-width,initial-scale=1.0">
<title>Iniciar Sesión — PharmaCRM</title>
<link rel="stylesheet" href="/hospital/public/css/styles.css">
<link rel="stylesheet" href="https://cdnjs.cloudflare.com/ajax/libs/font-awesome/6.5.1/css/all.min.css">
</head>
<body>
<div class="login-wrapper">
<div class="login-card">
<div class="logo">
<div style="font-size:48px;margin-bottom:12px"><i class="fas fa-prescription-bottl
  User variables:
    target: http://localhost/hospital
    $environment: undefined
    $testId: tyrwb_hf3cergm9paphrkje9z4gkrz7e9jf_7x9j
    $dirname: tests
    $scenarioFile: C:\wamp64\www\hospital\mi-qa\tests\escenarios.yaml
    username: username
    password: password
    nombre_medicamento: metformina
    cliente_id: 8
    $uuid: ab69c65e-ef55-415f-b0f8-a26345a43f8b
* GET /hospital/?route=home 

  ok statusCode 200 
--------------------------------------
Metrics for period to: 11:12:20(-0500) (width: 4.335s)
--------------------------------------

errors.Failed capture or match: ................................................ 15
http.codes.200: ................................................................ 63
http.codes.302: ................................................................ 15
http.downloaded_bytes: ......................................................... 905685
http.request_rate: ............................................................. 23/sec
http.requests: ................................................................. 78
http.response_time:
  min: ......................................................................... 1
  max: ......................................................................... 32
  mean: ........................................................................ 9.8
  median: ...................................................................... 5
  p95: ......................................................................... 30.9
  p99: ......................................................................... 32.1
http.response_time.2xx:
  min: ......................................................................... 1
  max: ......................................................................... 32
  mean: ........................................................................ 9.2
  median: ...................................................................... 3
  p95: ......................................................................... 30.3
  p99: ......................................................................... 32.1
http.response_time.3xx:
  min: ......................................................................... 3
  max: ......................................................................... 32
  mean: ........................................................................ 12.3
  median: ...................................................................... 5
  p95: ......................................................................... 30.9
  p99: ......................................................................... 30.9
http.responses: ................................................................ 78
plugins.expect.failed: ......................................................... 15
plugins.expect.failed.statusCode: .............................................. 15
plugins.expect.ok: ............................................................. 48
plugins.expect.ok.statusCode: .................................................. 48
vusers.created: ................................................................ 27
vusers.created_by_name.Jornada Completa PharmaCRM (5 Etapas Consecutivas): ..... 27
vusers.failed: ................................................................. 15


* GET /hospital/?route=home 

  ok statusCode 200 
* GET /hospital/?route=login 

* GET /hospital/?route=login 

  ok statusCode 200 
  ok statusCode 200 
* GET /hospital/?route=home 

  ok statusCode 200 
* POST /hospital/?route=auth&action=login 

  not ok statusCode 200 
  expected: 302
       got: 200
  Request params:
    http://localhost/hospital/?route=auth&action=login
    ""
  Headers:
  date: Wed, 06 May 2026 16:12:47 GMT
  server: Apache/2.4.65 (Win64) PHP/8.3.28 mod_fcgid/2.3.10-dev
  x-powered-by: PHP/8.3.28
  expires: Thu, 19 Nov 1981 08:52:00 GMT
  cache-control: no-store, no-cache, must-revalidate
  pragma: no-cache
  content-length: 1624
  keep-alive: timeout=5, max=97
  connection: Keep-Alive
  content-type: text/html; charset=UTF-8
  Body:
<!DOCTYPE html>
<html lang="es">
<head>
<meta charset="UTF-8">
<meta name="viewport" content="width=device-width,initial-scale=1.0">
<title>Iniciar Sesión — PharmaCRM</title>
<link rel="stylesheet" href="/hospital/public/css/styles.css">
<link rel="stylesheet" href="https://cdnjs.cloudflare.com/ajax/libs/font-awesome/6.5.1/css/all.min.css">
</head>
<body>
<div class="login-wrapper">
<div class="login-card">
<div class="logo">
<div style="font-size:48px;margin-bottom:12px"><i class="fas fa-prescription-bottl
  User variables:
    target: http://localhost/hospital
    $environment: undefined
    $testId: tyrwb_hf3cergm9paphrkje9z4gkrz7e9jf_7x9j
    $dirname: tests
    $scenarioFile: C:\wamp64\www\hospital\mi-qa\tests\escenarios.yaml
    username: username
    password: password
    nombre_medicamento: salbutamol
    cliente_id: 1
    $uuid: c59fc2df-52cd-400f-862b-b15f375f7210
* POST /hospital/?route=auth&action=login 

  not ok statusCode 200 
  expected: 302
       got: 200
  Request params:
    http://localhost/hospital/?route=auth&action=login
    ""
  Headers:
  date: Wed, 06 May 2026 16:12:47 GMT
  server: Apache/2.4.65 (Win64) PHP/8.3.28 mod_fcgid/2.3.10-dev
  x-powered-by: PHP/8.3.28
  expires: Thu, 19 Nov 1981 08:52:00 GMT
  cache-control: no-store, no-cache, must-revalidate
  pragma: no-cache
  content-length: 1624
  keep-alive: timeout=5, max=97
  connection: Keep-Alive
  content-type: text/html; charset=UTF-8
  Body:
<!DOCTYPE html>
<html lang="es">
<head>
<meta charset="UTF-8">
<meta name="viewport" content="width=device-width,initial-scale=1.0">
<title>Iniciar Sesión — PharmaCRM</title>
<link rel="stylesheet" href="/hospital/public/css/styles.css">
<link rel="stylesheet" href="https://cdnjs.cloudflare.com/ajax/libs/font-awesome/6.5.1/css/all.min.css">
</head>
<body>
<div class="login-wrapper">
<div class="login-card">
<div class="logo">
<div style="font-size:48px;margin-bottom:12px"><i class="fas fa-prescription-bottl
  User variables:
    target: http://localhost/hospital
    $environment: undefined
    $testId: tyrwb_hf3cergm9paphrkje9z4gkrz7e9jf_7x9j
    $dirname: tests
    $scenarioFile: C:\wamp64\www\hospital\mi-qa\tests\escenarios.yaml
    username: vendedor1
    password: vendedor123
    nombre_medicamento: dexametasona
    cliente_id: 1
    $uuid: d63595fd-d567-4a25-95aa-332dc91257f3
* GET /hospital/?route=login 

  ok statusCode 200 
* GET /hospital/?route=home 

  ok statusCode 200 
* POST /hospital/?route=auth&action=login 

  not ok statusCode 200 
  expected: 302
       got: 200
  Request params:
    http://localhost/hospital/?route=auth&action=login
    ""
  Headers:
  date: Wed, 06 May 2026 16:12:48 GMT
  server: Apache/2.4.65 (Win64) PHP/8.3.28 mod_fcgid/2.3.10-dev
  x-powered-by: PHP/8.3.28
  expires: Thu, 19 Nov 1981 08:52:00 GMT
  cache-control: no-store, no-cache, must-revalidate
  pragma: no-cache
  content-length: 1624
  keep-alive: timeout=5, max=97
  connection: Keep-Alive
  content-type: text/html; charset=UTF-8
  Body:
<!DOCTYPE html>
<html lang="es">
<head>
<meta charset="UTF-8">
<meta name="viewport" content="width=device-width,initial-scale=1.0">
<title>Iniciar Sesión — PharmaCRM</title>
<link rel="stylesheet" href="/hospital/public/css/styles.css">
<link rel="stylesheet" href="https://cdnjs.cloudflare.com/ajax/libs/font-awesome/6.5.1/css/all.min.css">
</head>
<body>
<div class="login-wrapper">
<div class="login-card">
<div class="logo">
<div style="font-size:48px;margin-bottom:12px"><i class="fas fa-prescription-bottl
  User variables:
    target: http://localhost/hospital
    $environment: undefined
    $testId: tyrwb_hf3cergm9paphrkje9z4gkrz7e9jf_7x9j
    $dirname: tests
    $scenarioFile: C:\wamp64\www\hospital\mi-qa\tests\escenarios.yaml
    username: supervisor1
    password: supervisor123
    nombre_medicamento: salbutamol
    cliente_id: 1
    $uuid: 038b95e0-3ad0-4ae2-82ec-1c14113a6046
* GET /hospital/?route=login 

  ok statusCode 200 
* GET /hospital/?route=home 

  ok statusCode 200 
* GET /hospital/?route=login 

  ok statusCode 200 
* POST /hospital/?route=auth&action=login 

  not ok statusCode 200 
  expected: 302
       got: 200
  Request params:
    http://localhost/hospital/?route=auth&action=login
    ""
  Headers:
  date: Wed, 06 May 2026 16:12:48 GMT
  server: Apache/2.4.65 (Win64) PHP/8.3.28 mod_fcgid/2.3.10-dev
  x-powered-by: PHP/8.3.28
  expires: Thu, 19 Nov 1981 08:52:00 GMT
  cache-control: no-store, no-cache, must-revalidate
  pragma: no-cache
  content-length: 1624
  keep-alive: timeout=5, max=97
  connection: Keep-Alive
  content-type: text/html; charset=UTF-8
  Body:
<!DOCTYPE html>
<html lang="es">
<head>
<meta charset="UTF-8">
<meta name="viewport" content="width=device-width,initial-scale=1.0">
<title>Iniciar Sesión — PharmaCRM</title>
<link rel="stylesheet" href="/hospital/public/css/styles.css">
<link rel="stylesheet" href="https://cdnjs.cloudflare.com/ajax/libs/font-awesome/6.5.1/css/all.min.css">
</head>
<body>
<div class="login-wrapper">
<div class="login-card">
<div class="logo">
<div style="font-size:48px;margin-bottom:12px"><i class="fas fa-prescription-bottl
  User variables:
    target: http://localhost/hospital
    $environment: undefined
    $testId: tyrwb_hf3cergm9paphrkje9z4gkrz7e9jf_7x9j
    $dirname: tests
    $scenarioFile: C:\wamp64\www\hospital\mi-qa\tests\escenarios.yaml
    username: tester
    password: tester123
    nombre_medicamento: dexametasona
    cliente_id: 4
    $uuid: 827fed59-5549-43c6-ba1a-12a46c6ff615
* GET /hospital/?route=home 

  ok statusCode 200 
* POST /hospital/?route=auth&action=login 

  not ok statusCode 200 
  expected: 302
       got: 200
  Request params:
    http://localhost/hospital/?route=auth&action=login
    ""
  Headers:
  date: Wed, 06 May 2026 16:12:48 GMT
  server: Apache/2.4.65 (Win64) PHP/8.3.28 mod_fcgid/2.3.10-dev
  x-powered-by: PHP/8.3.28
  expires: Thu, 19 Nov 1981 08:52:00 GMT
  cache-control: no-store, no-cache, must-revalidate
  pragma: no-cache
  content-length: 1624
  keep-alive: timeout=5, max=97
  connection: Keep-Alive
  content-type: text/html; charset=UTF-8
  Body:
<!DOCTYPE html>
<html lang="es">
<head>
<meta charset="UTF-8">
<meta name="viewport" content="width=device-width,initial-scale=1.0">
<title>Iniciar Sesión — PharmaCRM</title>
<link rel="stylesheet" href="/hospital/public/css/styles.css">
<link rel="stylesheet" href="https://cdnjs.cloudflare.com/ajax/libs/font-awesome/6.5.1/css/all.min.css">
</head>
<body>
<div class="login-wrapper">
<div class="login-card">
<div class="logo">
<div style="font-size:48px;margin-bottom:12px"><i class="fas fa-prescription-bottl
  User variables:
    target: http://localhost/hospital
    $environment: undefined
    $testId: tyrwb_hf3cergm9paphrkje9z4gkrz7e9jf_7x9j
    $dirname: tests
    $scenarioFile: C:\wamp64\www\hospital\mi-qa\tests\escenarios.yaml
    username: tester
    password: tester123
    nombre_medicamento: losartan
    cliente_id: 6
    $uuid: 18b56f30-11b4-4d4b-adb4-32ba89dc0368
* GET /hospital/?route=home 

  ok statusCode 200 
* GET /hospital/?route=login 

  ok statusCode 200 
* POST /hospital/?route=auth&action=login 

  not ok statusCode 200 
  expected: 302
       got: 200
  Request params:
    http://localhost/hospital/?route=auth&action=login
    ""
  Headers:
  date: Wed, 06 May 2026 16:12:48 GMT
  server: Apache/2.4.65 (Win64) PHP/8.3.28 mod_fcgid/2.3.10-dev
  x-powered-by: PHP/8.3.28
  expires: Thu, 19 Nov 1981 08:52:00 GMT
  cache-control: no-store, no-cache, must-revalidate
  pragma: no-cache
  content-length: 1624
  keep-alive: timeout=5, max=97
  connection: Keep-Alive
  content-type: text/html; charset=UTF-8
  Body:
<!DOCTYPE html>
<html lang="es">
<head>
<meta charset="UTF-8">
<meta name="viewport" content="width=device-width,initial-scale=1.0">
<title>Iniciar Sesión — PharmaCRM</title>
<link rel="stylesheet" href="/hospital/public/css/styles.css">
<link rel="stylesheet" href="https://cdnjs.cloudflare.com/ajax/libs/font-awesome/6.5.1/css/all.min.css">
</head>
<body>
<div class="login-wrapper">
<div class="login-card">
<div class="logo">
<div style="font-size:48px;margin-bottom:12px"><i class="fas fa-prescription-bottl
  User variables:
    target: http://localhost/hospital
    $environment: undefined
    $testId: tyrwb_hf3cergm9paphrkje9z4gkrz7e9jf_7x9j
    $dirname: tests
    $scenarioFile: C:\wamp64\www\hospital\mi-qa\tests\escenarios.yaml
    username: admin
    password: admin
    nombre_medicamento: nombre_medicamento
    cliente_id: 5
    $uuid: b2d8d04e-9711-4c0b-952e-896fe2933349
* GET /hospital/?route=home 

  ok statusCode 200 
* GET /hospital/?route=login 

  ok statusCode 200 
* POST /hospital/?route=auth&action=login 

  not ok statusCode 200 
  expected: 302
       got: 200
  Request params:
    http://localhost/hospital/?route=auth&action=login
    ""
  Headers:
  date: Wed, 06 May 2026 16:12:48 GMT
  server: Apache/2.4.65 (Win64) PHP/8.3.28 mod_fcgid/2.3.10-dev
  x-powered-by: PHP/8.3.28
  expires: Thu, 19 Nov 1981 08:52:00 GMT
  cache-control: no-store, no-cache, must-revalidate
  pragma: no-cache
  content-length: 1624
  keep-alive: timeout=5, max=97
  connection: Keep-Alive
  content-type: text/html; charset=UTF-8
  Body:
<!DOCTYPE html>
<html lang="es">
<head>
<meta charset="UTF-8">
<meta name="viewport" content="width=device-width,initial-scale=1.0">
<title>Iniciar Sesión — PharmaCRM</title>
<link rel="stylesheet" href="/hospital/public/css/styles.css">
<link rel="stylesheet" href="https://cdnjs.cloudflare.com/ajax/libs/font-awesome/6.5.1/css/all.min.css">
</head>
<body>
<div class="login-wrapper">
<div class="login-card">
<div class="logo">
<div style="font-size:48px;margin-bottom:12px"><i class="fas fa-prescription-bottl
  User variables:
    target: http://localhost/hospital
    $environment: undefined
    $testId: tyrwb_hf3cergm9paphrkje9z4gkrz7e9jf_7x9j
    $dirname: tests
    $scenarioFile: C:\wamp64\www\hospital\mi-qa\tests\escenarios.yaml
    username: tester
    password: tester123
    nombre_medicamento: amoxicilina
    cliente_id: 8
    $uuid: 7324946e-1042-4b3e-8fe6-d7c399907528
* GET /hospital/?route=home 

  ok statusCode 200 
* GET /hospital/?route=login 

  ok statusCode 200 
* POST /hospital/?route=auth&action=login 

  not ok statusCode 200 
  expected: 302
       got: 200
  Request params:
    http://localhost/hospital/?route=auth&action=login
    ""
  Headers:
  date: Wed, 06 May 2026 16:12:48 GMT
  server: Apache/2.4.65 (Win64) PHP/8.3.28 mod_fcgid/2.3.10-dev
  x-powered-by: PHP/8.3.28
  expires: Thu, 19 Nov 1981 08:52:00 GMT
  cache-control: no-store, no-cache, must-revalidate
  pragma: no-cache
  content-length: 1624
  keep-alive: timeout=5, max=97
  connection: Keep-Alive
  content-type: text/html; charset=UTF-8
  Body:
<!DOCTYPE html>
<html lang="es">
<head>
<meta charset="UTF-8">
<meta name="viewport" content="width=device-width,initial-scale=1.0">
<title>Iniciar Sesión — PharmaCRM</title>
<link rel="stylesheet" href="/hospital/public/css/styles.css">
<link rel="stylesheet" href="https://cdnjs.cloudflare.com/ajax/libs/font-awesome/6.5.1/css/all.min.css">
</head>
<body>
<div class="login-wrapper">
<div class="login-card">
<div class="logo">
<div style="font-size:48px;margin-bottom:12px"><i class="fas fa-prescription-bottl
  User variables:
    target: http://localhost/hospital
    $environment: undefined
    $testId: tyrwb_hf3cergm9paphrkje9z4gkrz7e9jf_7x9j
    $dirname: tests
    $scenarioFile: C:\wamp64\www\hospital\mi-qa\tests\escenarios.yaml
    username: admin
    password: admin
    nombre_medicamento: loratadina
    cliente_id: 6
    $uuid: 9c9900cc-ce54-409e-9fad-10bdbfca44de
* GET /hospital/?route=login 

  ok statusCode 200 
* GET /hospital/?route=home 

  ok statusCode 200 
* POST /hospital/?route=auth&action=login 

  not ok statusCode 200 
  expected: 302
       got: 200
  Request params:
    http://localhost/hospital/?route=auth&action=login
    ""
  Headers:
  date: Wed, 06 May 2026 16:12:48 GMT
  server: Apache/2.4.65 (Win64) PHP/8.3.28 mod_fcgid/2.3.10-dev
  x-powered-by: PHP/8.3.28
  expires: Thu, 19 Nov 1981 08:52:00 GMT
  cache-control: no-store, no-cache, must-revalidate
  pragma: no-cache
  content-length: 1624
  keep-alive: timeout=5, max=97
  connection: Keep-Alive
  content-type: text/html; charset=UTF-8
  Body:
<!DOCTYPE html>
<html lang="es">
<head>
<meta charset="UTF-8">
<meta name="viewport" content="width=device-width,initial-scale=1.0">
<title>Iniciar Sesión — PharmaCRM</title>
<link rel="stylesheet" href="/hospital/public/css/styles.css">
<link rel="stylesheet" href="https://cdnjs.cloudflare.com/ajax/libs/font-awesome/6.5.1/css/all.min.css">
</head>
<body>
<div class="login-wrapper">
<div class="login-card">
<div class="logo">
<div style="font-size:48px;margin-bottom:12px"><i class="fas fa-prescription-bottl
  User variables:
    target: http://localhost/hospital
    $environment: undefined
    $testId: tyrwb_hf3cergm9paphrkje9z4gkrz7e9jf_7x9j
    $dirname: tests
    $scenarioFile: C:\wamp64\www\hospital\mi-qa\tests\escenarios.yaml
    username: admin
    password: admin
    nombre_medicamento: acetaminofen
    cliente_id: 5
    $uuid: a8bfecbf-6076-4ea1-a8a6-93a1cf9198f6
* GET /hospital/?route=home 

  ok statusCode 200 
* GET /hospital/?route=login 

  ok statusCode 200 
* POST /hospital/?route=auth&action=login 

  not ok statusCode 200 
  expected: 302
       got: 200
  Request params:
    http://localhost/hospital/?route=auth&action=login
    ""
  Headers:
  date: Wed, 06 May 2026 16:12:48 GMT
  server: Apache/2.4.65 (Win64) PHP/8.3.28 mod_fcgid/2.3.10-dev
  x-powered-by: PHP/8.3.28
  expires: Thu, 19 Nov 1981 08:52:00 GMT
  cache-control: no-store, no-cache, must-revalidate
  pragma: no-cache
  content-length: 1624
  keep-alive: timeout=5, max=97
  connection: Keep-Alive
  content-type: text/html; charset=UTF-8
  Body:
<!DOCTYPE html>
<html lang="es">
<head>
<meta charset="UTF-8">
<meta name="viewport" content="width=device-width,initial-scale=1.0">
<title>Iniciar Sesión — PharmaCRM</title>
<link rel="stylesheet" href="/hospital/public/css/styles.css">
<link rel="stylesheet" href="https://cdnjs.cloudflare.com/ajax/libs/font-awesome/6.5.1/css/all.min.css">
</head>
<body>
<div class="login-wrapper">
<div class="login-card">
<div class="logo">
<div style="font-size:48px;margin-bottom:12px"><i class="fas fa-prescription-bottl
  User variables:
    target: http://localhost/hospital
    $environment: undefined
    $testId: tyrwb_hf3cergm9paphrkje9z4gkrz7e9jf_7x9j
    $dirname: tests
    $scenarioFile: C:\wamp64\www\hospital\mi-qa\tests\escenarios.yaml
    username: tester
    password: tester123
    nombre_medicamento: amoxicilina
    cliente_id: 6
    $uuid: 912fd222-20f7-4019-a9f6-1ed5e03193de
* GET /hospital/?route=home 

  ok statusCode 200 
* GET /hospital/?route=login 

  ok statusCode 200 
* GET /hospital/?route=home 

  ok statusCode 200 
* POST /hospital/?route=auth&action=login 

  not ok statusCode 200 
  expected: 302
       got: 200
  Request params:
    http://localhost/hospital/?route=auth&action=login
    ""
  Headers:
  date: Wed, 06 May 2026 16:12:48 GMT
  server: Apache/2.4.65 (Win64) PHP/8.3.28 mod_fcgid/2.3.10-dev
  x-powered-by: PHP/8.3.28
  expires: Thu, 19 Nov 1981 08:52:00 GMT
  cache-control: no-store, no-cache, must-revalidate
  pragma: no-cache
  content-length: 1624
  keep-alive: timeout=5, max=97
  connection: Keep-Alive
  content-type: text/html; charset=UTF-8
  Body:
<!DOCTYPE html>
<html lang="es">
<head>
<meta charset="UTF-8">
<meta name="viewport" content="width=device-width,initial-scale=1.0">
<title>Iniciar Sesión — PharmaCRM</title>
<link rel="stylesheet" href="/hospital/public/css/styles.css">
<link rel="stylesheet" href="https://cdnjs.cloudflare.com/ajax/libs/font-awesome/6.5.1/css/all.min.css">
</head>
<body>
<div class="login-wrapper">
<div class="login-card">
<div class="logo">
<div style="font-size:48px;margin-bottom:12px"><i class="fas fa-prescription-bottl
  User variables:
    target: http://localhost/hospital
    $environment: undefined
    $testId: tyrwb_hf3cergm9paphrkje9z4gkrz7e9jf_7x9j
    $dirname: tests
    $scenarioFile: C:\wamp64\www\hospital\mi-qa\tests\escenarios.yaml
    username: tester
    password: tester123
    nombre_medicamento: amoxicilina
    cliente_id: 6
    $uuid: f2e75b3d-fc18-4a93-b284-d6250a3af351
* GET /hospital/?route=login 

  ok statusCode 200 
* POST /hospital/?route=auth&action=login 

  not ok statusCode 200 
  expected: 302
       got: 200
  Request params:
    http://localhost/hospital/?route=auth&action=login
    ""
  Headers:
  date: Wed, 06 May 2026 16:12:48 GMT
  server: Apache/2.4.65 (Win64) PHP/8.3.28 mod_fcgid/2.3.10-dev
  x-powered-by: PHP/8.3.28
  expires: Thu, 19 Nov 1981 08:52:00 GMT
  cache-control: no-store, no-cache, must-revalidate
  pragma: no-cache
  content-length: 1624
  keep-alive: timeout=5, max=97
  connection: Keep-Alive
  content-type: text/html; charset=UTF-8
  Body:
<!DOCTYPE html>
<html lang="es">
<head>
<meta charset="UTF-8">
<meta name="viewport" content="width=device-width,initial-scale=1.0">
<title>Iniciar Sesión — PharmaCRM</title>
<link rel="stylesheet" href="/hospital/public/css/styles.css">
<link rel="stylesheet" href="https://cdnjs.cloudflare.com/ajax/libs/font-awesome/6.5.1/css/all.min.css">
</head>
<body>
<div class="login-wrapper">
<div class="login-card">
<div class="logo">
<div style="font-size:48px;margin-bottom:12px"><i class="fas fa-prescription-bottl
  User variables:
    target: http://localhost/hospital
    $environment: undefined
    $testId: tyrwb_hf3cergm9paphrkje9z4gkrz7e9jf_7x9j
    $dirname: tests
    $scenarioFile: C:\wamp64\www\hospital\mi-qa\tests\escenarios.yaml
    username: vendedor1
    password: vendedor123
    nombre_medicamento: acetaminofen
    cliente_id: 2
    $uuid: 0c4baa09-8f3b-4f2c-93e3-48cd1efc16e6
* GET /hospital/?route=home 

  ok statusCode 200 
* GET /hospital/?route=login 

  ok statusCode 200 
* POST /hospital/?route=auth&action=login 

  not ok statusCode 200 
  expected: 302
       got: 200
  Request params:
    http://localhost/hospital/?route=auth&action=login
    ""
  Headers:
  date: Wed, 06 May 2026 16:12:49 GMT
  server: Apache/2.4.65 (Win64) PHP/8.3.28 mod_fcgid/2.3.10-dev
  x-powered-by: PHP/8.3.28
  expires: Thu, 19 Nov 1981 08:52:00 GMT
  cache-control: no-store, no-cache, must-revalidate
  pragma: no-cache
  content-length: 1624
  keep-alive: timeout=5, max=97
  connection: Keep-Alive
  content-type: text/html; charset=UTF-8
  Body:
<!DOCTYPE html>
<html lang="es">
<head>
<meta charset="UTF-8">
<meta name="viewport" content="width=device-width,initial-scale=1.0">
<title>Iniciar Sesión — PharmaCRM</title>
<link rel="stylesheet" href="/hospital/public/css/styles.css">
<link rel="stylesheet" href="https://cdnjs.cloudflare.com/ajax/libs/font-awesome/6.5.1/css/all.min.css">
</head>
<body>
<div class="login-wrapper">
<div class="login-card">
<div class="logo">
<div style="font-size:48px;margin-bottom:12px"><i class="fas fa-prescription-bottl
  User variables:
    target: http://localhost/hospital
    $environment: undefined
    $testId: tyrwb_hf3cergm9paphrkje9z4gkrz7e9jf_7x9j
    $dirname: tests
    $scenarioFile: C:\wamp64\www\hospital\mi-qa\tests\escenarios.yaml
    username: tester
    password: tester123
    nombre_medicamento: omeprazol
    cliente_id: 6
    $uuid: e172acce-170a-4886-b8d2-8126b4c2945e
* GET /hospital/?route=home 

  ok statusCode 200 
* GET /hospital/?route=login 

  ok statusCode 200 
* POST /hospital/?route=auth&action=login 

  not ok statusCode 200 
  expected: 302
       got: 200
  Request params:
    http://localhost/hospital/?route=auth&action=login
    ""
  Headers:
  date: Wed, 06 May 2026 16:12:49 GMT
  server: Apache/2.4.65 (Win64) PHP/8.3.28 mod_fcgid/2.3.10-dev
  x-powered-by: PHP/8.3.28
  expires: Thu, 19 Nov 1981 08:52:00 GMT
  cache-control: no-store, no-cache, must-revalidate
  pragma: no-cache
  content-length: 1624
  keep-alive: timeout=5, max=97
  connection: Keep-Alive
  content-type: text/html; charset=UTF-8
  Body:
<!DOCTYPE html>
<html lang="es">
<head>
<meta charset="UTF-8">
<meta name="viewport" content="width=device-width,initial-scale=1.0">
<title>Iniciar Sesión — PharmaCRM</title>
<link rel="stylesheet" href="/hospital/public/css/styles.css">
<link rel="stylesheet" href="https://cdnjs.cloudflare.com/ajax/libs/font-awesome/6.5.1/css/all.min.css">
</head>
<body>
<div class="login-wrapper">
<div class="login-card">
<div class="logo">
<div style="font-size:48px;margin-bottom:12px"><i class="fas fa-prescription-bottl
  User variables:
    target: http://localhost/hospital
    $environment: undefined
    $testId: tyrwb_hf3cergm9paphrkje9z4gkrz7e9jf_7x9j
    $dirname: tests
    $scenarioFile: C:\wamp64\www\hospital\mi-qa\tests\escenarios.yaml
    username: tester
    password: tester123
    nombre_medicamento: losartan
    cliente_id: 1
    $uuid: 1a6edc6b-b2a7-4c69-ac44-2fcd7d000e45
* GET /hospital/?route=home 

  ok statusCode 200 
* GET /hospital/?route=login 

  ok statusCode 200 
* POST /hospital/?route=auth&action=login 

  not ok statusCode 200 
  expected: 302
       got: 200
  Request params:
    http://localhost/hospital/?route=auth&action=login
    ""
  Headers:
  date: Wed, 06 May 2026 16:12:49 GMT
  server: Apache/2.4.65 (Win64) PHP/8.3.28 mod_fcgid/2.3.10-dev
  x-powered-by: PHP/8.3.28
  expires: Thu, 19 Nov 1981 08:52:00 GMT
  cache-control: no-store, no-cache, must-revalidate
  pragma: no-cache
  content-length: 1624
  keep-alive: timeout=5, max=97
  connection: Keep-Alive
  content-type: text/html; charset=UTF-8
  Body:
<!DOCTYPE html>
<html lang="es">
<head>
<meta charset="UTF-8">
<meta name="viewport" content="width=device-width,initial-scale=1.0">
<title>Iniciar Sesión — PharmaCRM</title>
<link rel="stylesheet" href="/hospital/public/css/styles.css">
<link rel="stylesheet" href="https://cdnjs.cloudflare.com/ajax/libs/font-awesome/6.5.1/css/all.min.css">
</head>
<body>
<div class="login-wrapper">
<div class="login-card">
<div class="logo">
<div style="font-size:48px;margin-bottom:12px"><i class="fas fa-prescription-bottl
  User variables:
    target: http://localhost/hospital
    $environment: undefined
    $testId: tyrwb_hf3cergm9paphrkje9z4gkrz7e9jf_7x9j
    $dirname: tests
    $scenarioFile: C:\wamp64\www\hospital\mi-qa\tests\escenarios.yaml
    username: supervisor1
    password: supervisor123
    nombre_medicamento: amoxicilina
    cliente_id: 3
    $uuid: 32752611-e567-42d2-b09d-de076d2a0139
* GET /hospital/?route=home 

  ok statusCode 200 
* GET /hospital/?route=login 

  ok statusCode 200 
* POST /hospital/?route=auth&action=login 

  not ok statusCode 200 
  expected: 302
       got: 200
  Request params:
    http://localhost/hospital/?route=auth&action=login
    ""
  Headers:
  date: Wed, 06 May 2026 16:12:49 GMT
  server: Apache/2.4.65 (Win64) PHP/8.3.28 mod_fcgid/2.3.10-dev
  x-powered-by: PHP/8.3.28
  expires: Thu, 19 Nov 1981 08:52:00 GMT
  cache-control: no-store, no-cache, must-revalidate
  pragma: no-cache
  content-length: 1624
  keep-alive: timeout=5, max=97
  connection: Keep-Alive
  content-type: text/html; charset=UTF-8
  Body:
<!DOCTYPE html>
<html lang="es">
<head>
<meta charset="UTF-8">
<meta name="viewport" content="width=device-width,initial-scale=1.0">
<title>Iniciar Sesión — PharmaCRM</title>
<link rel="stylesheet" href="/hospital/public/css/styles.css">
<link rel="stylesheet" href="https://cdnjs.cloudflare.com/ajax/libs/font-awesome/6.5.1/css/all.min.css">
</head>
<body>
<div class="login-wrapper">
<div class="login-card">
<div class="logo">
<div style="font-size:48px;margin-bottom:12px"><i class="fas fa-prescription-bottl
  User variables:
    target: http://localhost/hospital
    $environment: undefined
    $testId: tyrwb_hf3cergm9paphrkje9z4gkrz7e9jf_7x9j
    $dirname: tests
    $scenarioFile: C:\wamp64\www\hospital\mi-qa\tests\escenarios.yaml
    username: vendedor1
    password: vendedor123
    nombre_medicamento: loratadina
    cliente_id: 1
    $uuid: 22220648-b4bf-449a-9d8d-386d1ced0b83
* GET /hospital/?route=login 

  ok statusCode 200 
* GET /hospital/?route=home 

  ok statusCode 200 
* GET /hospital/?route=login 

  ok statusCode 200 
* POST /hospital/?route=auth&action=login 

  not ok statusCode 200 
  expected: 302
       got: 200
  Request params:
    http://localhost/hospital/?route=auth&action=login
    ""
  Headers:
  date: Wed, 06 May 2026 16:12:49 GMT
  server: Apache/2.4.65 (Win64) PHP/8.3.28 mod_fcgid/2.3.10-dev
  x-powered-by: PHP/8.3.28
  expires: Thu, 19 Nov 1981 08:52:00 GMT
  cache-control: no-store, no-cache, must-revalidate
  pragma: no-cache
  content-length: 1624
  keep-alive: timeout=5, max=97
  connection: Keep-Alive
  content-type: text/html; charset=UTF-8
  Body:
<!DOCTYPE html>
<html lang="es">
<head>
<meta charset="UTF-8">
<meta name="viewport" content="width=device-width,initial-scale=1.0">
<title>Iniciar Sesión — PharmaCRM</title>
<link rel="stylesheet" href="/hospital/public/css/styles.css">
<link rel="stylesheet" href="https://cdnjs.cloudflare.com/ajax/libs/font-awesome/6.5.1/css/all.min.css">
</head>
<body>
<div class="login-wrapper">
<div class="login-card">
<div class="logo">
<div style="font-size:48px;margin-bottom:12px"><i class="fas fa-prescription-bottl
  User variables:
    target: http://localhost/hospital
    $environment: undefined
    $testId: tyrwb_hf3cergm9paphrkje9z4gkrz7e9jf_7x9j
    $dirname: tests
    $scenarioFile: C:\wamp64\www\hospital\mi-qa\tests\escenarios.yaml
    username: admin
    password: admin
    nombre_medicamento: losartan
    cliente_id: 8
    $uuid: e178c527-8dba-49c9-984e-9a1c1c0f96bf
* GET /hospital/?route=home 

  ok statusCode 200 
* POST /hospital/?route=auth&action=login 

  not ok statusCode 200 
  expected: 302
       got: 200
  Request params:
    http://localhost/hospital/?route=auth&action=login
    ""
  Headers:
  date: Wed, 06 May 2026 16:12:49 GMT
  server: Apache/2.4.65 (Win64) PHP/8.3.28 mod_fcgid/2.3.10-dev
  x-powered-by: PHP/8.3.28
  expires: Thu, 19 Nov 1981 08:52:00 GMT
  cache-control: no-store, no-cache, must-revalidate
  pragma: no-cache
  content-length: 1624
  keep-alive: timeout=5, max=97
  connection: Keep-Alive
  content-type: text/html; charset=UTF-8
  Body:
<!DOCTYPE html>
<html lang="es">
<head>
<meta charset="UTF-8">
<meta name="viewport" content="width=device-width,initial-scale=1.0">
<title>Iniciar Sesión — PharmaCRM</title>
<link rel="stylesheet" href="/hospital/public/css/styles.css">
<link rel="stylesheet" href="https://cdnjs.cloudflare.com/ajax/libs/font-awesome/6.5.1/css/all.min.css">
</head>
<body>
<div class="login-wrapper">
<div class="login-card">
<div class="logo">
<div style="font-size:48px;margin-bottom:12px"><i class="fas fa-prescription-bottl
  User variables:
    target: http://localhost/hospital
    $environment: undefined
    $testId: tyrwb_hf3cergm9paphrkje9z4gkrz7e9jf_7x9j
    $dirname: tests
    $scenarioFile: C:\wamp64\www\hospital\mi-qa\tests\escenarios.yaml
    username: supervisor1
    password: supervisor123
    nombre_medicamento: omeprazol
    cliente_id: 7
    $uuid: 821080d7-8a71-4b78-ac39-96d27c0c8a59
* GET /hospital/?route=home 

  ok statusCode 200 
* GET /hospital/?route=login 

  ok statusCode 200 
* POST /hospital/?route=auth&action=login 

  not ok statusCode 200 
  expected: 302
       got: 200
  Request params:
    http://localhost/hospital/?route=auth&action=login
    ""
  Headers:
  date: Wed, 06 May 2026 16:12:49 GMT
  server: Apache/2.4.65 (Win64) PHP/8.3.28 mod_fcgid/2.3.10-dev
  x-powered-by: PHP/8.3.28
  expires: Thu, 19 Nov 1981 08:52:00 GMT
  cache-control: no-store, no-cache, must-revalidate
  pragma: no-cache
  content-length: 1624
  keep-alive: timeout=5, max=97
  connection: Keep-Alive
  content-type: text/html; charset=UTF-8
  Body:
<!DOCTYPE html>
<html lang="es">
<head>
<meta charset="UTF-8">
<meta name="viewport" content="width=device-width,initial-scale=1.0">
<title>Iniciar Sesión — PharmaCRM</title>
<link rel="stylesheet" href="/hospital/public/css/styles.css">
<link rel="stylesheet" href="https://cdnjs.cloudflare.com/ajax/libs/font-awesome/6.5.1/css/all.min.css">
</head>
<body>
<div class="login-wrapper">
<div class="login-card">
<div class="logo">
<div style="font-size:48px;margin-bottom:12px"><i class="fas fa-prescription-bottl
  User variables:
    target: http://localhost/hospital
    $environment: undefined
    $testId: tyrwb_hf3cergm9paphrkje9z4gkrz7e9jf_7x9j
    $dirname: tests
    $scenarioFile: C:\wamp64\www\hospital\mi-qa\tests\escenarios.yaml
    username: vendedor1
    password: vendedor123
    nombre_medicamento: omeprazol
    cliente_id: cliente_id
    $uuid: 56596860-c894-43be-9dfa-b432cc896595
* GET /hospital/?route=home 

  ok statusCode 200 
* GET /hospital/?route=home 

  ok statusCode 200 
* GET /hospital/?route=login 

  ok statusCode 200 
* POST /hospital/?route=auth&action=login 

  not ok statusCode 200 
  expected: 302
       got: 200
  Request params:
    http://localhost/hospital/?route=auth&action=login
    ""
  Headers:
  date: Wed, 06 May 2026 16:12:49 GMT
  server: Apache/2.4.65 (Win64) PHP/8.3.28 mod_fcgid/2.3.10-dev
  x-powered-by: PHP/8.3.28
  expires: Thu, 19 Nov 1981 08:52:00 GMT
  cache-control: no-store, no-cache, must-revalidate
  pragma: no-cache
  content-length: 1624
  keep-alive: timeout=5, max=97
  connection: Keep-Alive
  content-type: text/html; charset=UTF-8
  Body:
<!DOCTYPE html>
<html lang="es">
<head>
<meta charset="UTF-8">
<meta name="viewport" content="width=device-width,initial-scale=1.0">
<title>Iniciar Sesión — PharmaCRM</title>
<link rel="stylesheet" href="/hospital/public/css/styles.css">
<link rel="stylesheet" href="https://cdnjs.cloudflare.com/ajax/libs/font-awesome/6.5.1/css/all.min.css">
</head>
<body>
<div class="login-wrapper">
<div class="login-card">
<div class="logo">
<div style="font-size:48px;margin-bottom:12px"><i class="fas fa-prescription-bottl
  User variables:
    target: http://localhost/hospital
    $environment: undefined
    $testId: tyrwb_hf3cergm9paphrkje9z4gkrz7e9jf_7x9j
    $dirname: tests
    $scenarioFile: C:\wamp64\www\hospital\mi-qa\tests\escenarios.yaml
    username: admin
    password: admin
    nombre_medicamento: metformina
    cliente_id: 7
    $uuid: e422abed-99ae-4575-99a6-a8903e7ad4ce
* GET /hospital/?route=login 

  ok statusCode 200 
* POST /hospital/?route=auth&action=login 

  not ok statusCode 200 
  expected: 302
       got: 200
  Request params:
    http://localhost/hospital/?route=auth&action=login
    ""
  Headers:
  date: Wed, 06 May 2026 16:12:49 GMT
  server: Apache/2.4.65 (Win64) PHP/8.3.28 mod_fcgid/2.3.10-dev
  x-powered-by: PHP/8.3.28
  expires: Thu, 19 Nov 1981 08:52:00 GMT
  cache-control: no-store, no-cache, must-revalidate
  pragma: no-cache
  content-length: 1624
  keep-alive: timeout=5, max=97
  connection: Keep-Alive
  content-type: text/html; charset=UTF-8
  Body:
<!DOCTYPE html>
<html lang="es">
<head>
<meta charset="UTF-8">
<meta name="viewport" content="width=device-width,initial-scale=1.0">
<title>Iniciar Sesión — PharmaCRM</title>
<link rel="stylesheet" href="/hospital/public/css/styles.css">
<link rel="stylesheet" href="https://cdnjs.cloudflare.com/ajax/libs/font-awesome/6.5.1/css/all.min.css">
</head>
<body>
<div class="login-wrapper">
<div class="login-card">
<div class="logo">
<div style="font-size:48px;margin-bottom:12px"><i class="fas fa-prescription-bottl
  User variables:
    target: http://localhost/hospital
    $environment: undefined
    $testId: tyrwb_hf3cergm9paphrkje9z4gkrz7e9jf_7x9j
    $dirname: tests
    $scenarioFile: C:\wamp64\www\hospital\mi-qa\tests\escenarios.yaml
    username: admin
    password: admin
    nombre_medicamento: enalapril
    cliente_id: 8
    $uuid: 3c8c8b22-58c3-459e-a9f6-b7efa90f1c48
* GET /hospital/?route=home 

  ok statusCode 200 
* GET /hospital/?route=home 

  ok statusCode 200 
* GET /hospital/?route=login 

  ok statusCode 200 
* POST /hospital/?route=auth&action=login 

  not ok statusCode 200 
  expected: 302
       got: 200
  Request params:
    http://localhost/hospital/?route=auth&action=login
    ""
  Headers:
  date: Wed, 06 May 2026 16:12:49 GMT
  server: Apache/2.4.65 (Win64) PHP/8.3.28 mod_fcgid/2.3.10-dev
  x-powered-by: PHP/8.3.28
  expires: Thu, 19 Nov 1981 08:52:00 GMT
  cache-control: no-store, no-cache, must-revalidate
  pragma: no-cache
  content-length: 1624
  keep-alive: timeout=5, max=97
  connection: Keep-Alive
  content-type: text/html; charset=UTF-8
  Body:
<!DOCTYPE html>
<html lang="es">
<head>
<meta charset="UTF-8">
<meta name="viewport" content="width=device-width,initial-scale=1.0">
<title>Iniciar Sesión — PharmaCRM</title>
<link rel="stylesheet" href="/hospital/public/css/styles.css">
<link rel="stylesheet" href="https://cdnjs.cloudflare.com/ajax/libs/font-awesome/6.5.1/css/all.min.css">
</head>
<body>
<div class="login-wrapper">
<div class="login-card">
<div class="logo">
<div style="font-size:48px;margin-bottom:12px"><i class="fas fa-prescription-bottl
  User variables:
    target: http://localhost/hospital
    $environment: undefined
    $testId: tyrwb_hf3cergm9paphrkje9z4gkrz7e9jf_7x9j
    $dirname: tests
    $scenarioFile: C:\wamp64\www\hospital\mi-qa\tests\escenarios.yaml
    username: admin
    password: admin
    nombre_medicamento: loratadina
    cliente_id: 5
    $uuid: 1ea5d09b-ac06-44c6-be60-f6df6f08392d
* GET /hospital/?route=login 

  ok statusCode 200 
* GET /hospital/?route=home 

  ok statusCode 200 
* GET /hospital/?route=home 

  ok statusCode 200 
* POST /hospital/?route=auth&action=login 

  not ok statusCode 200 
  expected: 302
       got: 200
  Request params:
    http://localhost/hospital/?route=auth&action=login
    ""
  Headers:
  date: Wed, 06 May 2026 16:12:50 GMT
  server: Apache/2.4.65 (Win64) PHP/8.3.28 mod_fcgid/2.3.10-dev
  x-powered-by: PHP/8.3.28
  expires: Thu, 19 Nov 1981 08:52:00 GMT
  cache-control: no-store, no-cache, must-revalidate
  pragma: no-cache
  content-length: 1624
  keep-alive: timeout=5, max=97
  connection: Keep-Alive
  content-type: text/html; charset=UTF-8
  Body:
<!DOCTYPE html>
<html lang="es">
<head>
<meta charset="UTF-8">
<meta name="viewport" content="width=device-width,initial-scale=1.0">
<title>Iniciar Sesión — PharmaCRM</title>
<link rel="stylesheet" href="/hospital/public/css/styles.css">
<link rel="stylesheet" href="https://cdnjs.cloudflare.com/ajax/libs/font-awesome/6.5.1/css/all.min.css">
</head>
<body>
<div class="login-wrapper">
<div class="login-card">
<div class="logo">
<div style="font-size:48px;margin-bottom:12px"><i class="fas fa-prescription-bottl
  User variables:
    target: http://localhost/hospital
    $environment: undefined
    $testId: tyrwb_hf3cergm9paphrkje9z4gkrz7e9jf_7x9j
    $dirname: tests
    $scenarioFile: C:\wamp64\www\hospital\mi-qa\tests\escenarios.yaml
    username: tester
    password: tester123
    nombre_medicamento: metformina
    cliente_id: 4
    $uuid: 80731d5d-c95a-4cfc-bd2d-95372c25dc50
* GET /hospital/?route=login 

  ok statusCode 200 
* POST /hospital/?route=auth&action=login 

  not ok statusCode 200 
  expected: 302
       got: 200
  Request params:
    http://localhost/hospital/?route=auth&action=login
    ""
  Headers:
  date: Wed, 06 May 2026 16:12:50 GMT
  server: Apache/2.4.65 (Win64) PHP/8.3.28 mod_fcgid/2.3.10-dev
  x-powered-by: PHP/8.3.28
  expires: Thu, 19 Nov 1981 08:52:00 GMT
  cache-control: no-store, no-cache, must-revalidate
  pragma: no-cache
  content-length: 1624
  keep-alive: timeout=5, max=97
  connection: Keep-Alive
  content-type: text/html; charset=UTF-8
  Body:
<!DOCTYPE html>
<html lang="es">
<head>
<meta charset="UTF-8">
<meta name="viewport" content="width=device-width,initial-scale=1.0">
<title>Iniciar Sesión — PharmaCRM</title>
<link rel="stylesheet" href="/hospital/public/css/styles.css">
<link rel="stylesheet" href="https://cdnjs.cloudflare.com/ajax/libs/font-awesome/6.5.1/css/all.min.css">
</head>
<body>
<div class="login-wrapper">
<div class="login-card">
<div class="logo">
<div style="font-size:48px;margin-bottom:12px"><i class="fas fa-prescription-bottl
  User variables:
    target: http://localhost/hospital
    $environment: undefined
    $testId: tyrwb_hf3cergm9paphrkje9z4gkrz7e9jf_7x9j
    $dirname: tests
    $scenarioFile: C:\wamp64\www\hospital\mi-qa\tests\escenarios.yaml
    username: username
    password: password
    nombre_medicamento: losartan
    cliente_id: 9
    $uuid: 02b05d7c-48c9-4957-9888-537fddcc7974
* GET /hospital/?route=home 

  ok statusCode 200 
* GET /hospital/?route=login 

  ok statusCode 200 
* POST /hospital/?route=auth&action=login 

  not ok statusCode 200 
  expected: 302
       got: 200
  Request params:
    http://localhost/hospital/?route=auth&action=login
    ""
  Headers:
  date: Wed, 06 May 2026 16:12:50 GMT
  server: Apache/2.4.65 (Win64) PHP/8.3.28 mod_fcgid/2.3.10-dev
  x-powered-by: PHP/8.3.28
  expires: Thu, 19 Nov 1981 08:52:00 GMT
  cache-control: no-store, no-cache, must-revalidate
  pragma: no-cache
  content-length: 1624
  keep-alive: timeout=5, max=97
  connection: Keep-Alive
  content-type: text/html; charset=UTF-8
  Body:
<!DOCTYPE html>
<html lang="es">
<head>
<meta charset="UTF-8">
<meta name="viewport" content="width=device-width,initial-scale=1.0">
<title>Iniciar Sesión — PharmaCRM</title>
<link rel="stylesheet" href="/hospital/public/css/styles.css">
<link rel="stylesheet" href="https://cdnjs.cloudflare.com/ajax/libs/font-awesome/6.5.1/css/all.min.css">
</head>
<body>
<div class="login-wrapper">
<div class="login-card">
<div class="logo">
<div style="font-size:48px;margin-bottom:12px"><i class="fas fa-prescription-bottl
  User variables:
    target: http://localhost/hospital
    $environment: undefined
    $testId: tyrwb_hf3cergm9paphrkje9z4gkrz7e9jf_7x9j
    $dirname: tests
    $scenarioFile: C:\wamp64\www\hospital\mi-qa\tests\escenarios.yaml
    username: tester
    password: tester123
    nombre_medicamento: acetaminofen
    cliente_id: 10
    $uuid: 3550c1f6-86b9-4667-9dd2-fe95a56d3574
* GET /hospital/?route=home 

  ok statusCode 200 
* GET /hospital/?route=login 

  ok statusCode 200 
* POST /hospital/?route=auth&action=login 

  not ok statusCode 200 
  expected: 302
       got: 200
  Request params:
    http://localhost/hospital/?route=auth&action=login
    ""
  Headers:
  date: Wed, 06 May 2026 16:12:50 GMT
  server: Apache/2.4.65 (Win64) PHP/8.3.28 mod_fcgid/2.3.10-dev
  x-powered-by: PHP/8.3.28
  expires: Thu, 19 Nov 1981 08:52:00 GMT
  cache-control: no-store, no-cache, must-revalidate
  pragma: no-cache
  content-length: 1624
  keep-alive: timeout=5, max=97
  connection: Keep-Alive
  content-type: text/html; charset=UTF-8
  Body:
<!DOCTYPE html>
<html lang="es">
<head>
<meta charset="UTF-8">
<meta name="viewport" content="width=device-width,initial-scale=1.0">
<title>Iniciar Sesión — PharmaCRM</title>
<link rel="stylesheet" href="/hospital/public/css/styles.css">
<link rel="stylesheet" href="https://cdnjs.cloudflare.com/ajax/libs/font-awesome/6.5.1/css/all.min.css">
</head>
<body>
<div class="login-wrapper">
<div class="login-card">
<div class="logo">
<div style="font-size:48px;margin-bottom:12px"><i class="fas fa-prescription-bottl
  User variables:
    target: http://localhost/hospital
    $environment: undefined
    $testId: tyrwb_hf3cergm9paphrkje9z4gkrz7e9jf_7x9j
    $dirname: tests
    $scenarioFile: C:\wamp64\www\hospital\mi-qa\tests\escenarios.yaml
    username: supervisor1
    password: supervisor123
    nombre_medicamento: acetaminofen
    cliente_id: 3
    $uuid: 26b223eb-820a-4691-a19c-824c0a8b815a
* POST /hospital/?route=auth&action=login 

  not ok statusCode 200 
  expected: 302
       got: 200
  Request params:
    http://localhost/hospital/?route=auth&action=login
    ""
  Headers:
  date: Wed, 06 May 2026 16:12:50 GMT
  server: Apache/2.4.65 (Win64) PHP/8.3.28 mod_fcgid/2.3.10-dev
  x-powered-by: PHP/8.3.28
  expires: Thu, 19 Nov 1981 08:52:00 GMT
  cache-control: no-store, no-cache, must-revalidate
  pragma: no-cache
  content-length: 1624
  keep-alive: timeout=5, max=97
  connection: Keep-Alive
  content-type: text/html; charset=UTF-8
  Body:
<!DOCTYPE html>
<html lang="es">
<head>
<meta charset="UTF-8">
<meta name="viewport" content="width=device-width,initial-scale=1.0">
<title>Iniciar Sesión — PharmaCRM</title>
<link rel="stylesheet" href="/hospital/public/css/styles.css">
<link rel="stylesheet" href="https://cdnjs.cloudflare.com/ajax/libs/font-awesome/6.5.1/css/all.min.css">
</head>
<body>
<div class="login-wrapper">
<div class="login-card">
<div class="logo">
<div style="font-size:48px;margin-bottom:12px"><i class="fas fa-prescription-bottl
  User variables:
    target: http://localhost/hospital
    $environment: undefined
    $testId: tyrwb_hf3cergm9paphrkje9z4gkrz7e9jf_7x9j
    $dirname: tests
    $scenarioFile: C:\wamp64\www\hospital\mi-qa\tests\escenarios.yaml
    username: vendedor1
    password: vendedor123
    nombre_medicamento: salbutamol
    cliente_id: 9
    $uuid: de541053-5e02-461d-b848-e7b6ed7b9501
* GET /hospital/?route=login 

  ok statusCode 200 
* GET /hospital/?route=home 

  ok statusCode 200 
* POST /hospital/?route=auth&action=login 

  not ok statusCode 200 
  expected: 302
       got: 200
  Request params:
    http://localhost/hospital/?route=auth&action=login
    ""
  Headers:
  date: Wed, 06 May 2026 16:12:50 GMT
  server: Apache/2.4.65 (Win64) PHP/8.3.28 mod_fcgid/2.3.10-dev
  x-powered-by: PHP/8.3.28
  expires: Thu, 19 Nov 1981 08:52:00 GMT
  cache-control: no-store, no-cache, must-revalidate
  pragma: no-cache
  content-length: 1624
  keep-alive: timeout=5, max=97
  connection: Keep-Alive
  content-type: text/html; charset=UTF-8
  Body:
<!DOCTYPE html>
<html lang="es">
<head>
<meta charset="UTF-8">
<meta name="viewport" content="width=device-width,initial-scale=1.0">
<title>Iniciar Sesión — PharmaCRM</title>
<link rel="stylesheet" href="/hospital/public/css/styles.css">
<link rel="stylesheet" href="https://cdnjs.cloudflare.com/ajax/libs/font-awesome/6.5.1/css/all.min.css">
</head>
<body>
<div class="login-wrapper">
<div class="login-card">
<div class="logo">
<div style="font-size:48px;margin-bottom:12px"><i class="fas fa-prescription-bottl
  User variables:
    target: http://localhost/hospital
    $environment: undefined
    $testId: tyrwb_hf3cergm9paphrkje9z4gkrz7e9jf_7x9j
    $dirname: tests
    $scenarioFile: C:\wamp64\www\hospital\mi-qa\tests\escenarios.yaml
    username: vendedor1
    password: vendedor123
    nombre_medicamento: ibuprofeno
    cliente_id: 7
    $uuid: d79b1bc8-392c-45ad-ab65-0bf4cd05a27e
* GET /hospital/?route=login 

  ok statusCode 200 
* GET /hospital/?route=home 

  ok statusCode 200 
* GET /hospital/?route=home 

  ok statusCode 200 
* GET /hospital/?route=login 

  ok statusCode 200 
* POST /hospital/?route=auth&action=login 

  not ok statusCode 200 
  expected: 302
       got: 200
  Request params:
    http://localhost/hospital/?route=auth&action=login
    ""
  Headers:
  date: Wed, 06 May 2026 16:12:50 GMT
  server: Apache/2.4.65 (Win64) PHP/8.3.28 mod_fcgid/2.3.10-dev
  x-powered-by: PHP/8.3.28
  expires: Thu, 19 Nov 1981 08:52:00 GMT
  cache-control: no-store, no-cache, must-revalidate
  pragma: no-cache
  content-length: 1624
  keep-alive: timeout=5, max=97
  connection: Keep-Alive
  content-type: text/html; charset=UTF-8
  Body:
<!DOCTYPE html>
<html lang="es">
<head>
<meta charset="UTF-8">
<meta name="viewport" content="width=device-width,initial-scale=1.0">
<title>Iniciar Sesión — PharmaCRM</title>
<link rel="stylesheet" href="/hospital/public/css/styles.css">
<link rel="stylesheet" href="https://cdnjs.cloudflare.com/ajax/libs/font-awesome/6.5.1/css/all.min.css">
</head>
<body>
<div class="login-wrapper">
<div class="login-card">
<div class="logo">
<div style="font-size:48px;margin-bottom:12px"><i class="fas fa-prescription-bottl
  User variables:
    target: http://localhost/hospital
    $environment: undefined
    $testId: tyrwb_hf3cergm9paphrkje9z4gkrz7e9jf_7x9j
    $dirname: tests
    $scenarioFile: C:\wamp64\www\hospital\mi-qa\tests\escenarios.yaml
    username: tester
    password: tester123
    nombre_medicamento: losartan
    cliente_id: 1
    $uuid: 6c49b7a7-1909-4faf-9e40-0b3b65759feb
* GET /hospital/?route=login 

  ok statusCode 200 
* GET /hospital/?route=home 

  ok statusCode 200 
* GET /hospital/?route=home 

  ok statusCode 200 
* GET /hospital/?route=login 

  ok statusCode 200 
* POST /hospital/?route=auth&action=login 

  not ok statusCode 200 
  expected: 302
       got: 200
  Request params:
    http://localhost/hospital/?route=auth&action=login
    ""
  Headers:
  date: Wed, 06 May 2026 16:12:50 GMT
  server: Apache/2.4.65 (Win64) PHP/8.3.28 mod_fcgid/2.3.10-dev
  x-powered-by: PHP/8.3.28
  expires: Thu, 19 Nov 1981 08:52:00 GMT
  cache-control: no-store, no-cache, must-revalidate
  pragma: no-cache
  content-length: 1624
  keep-alive: timeout=5, max=97
  connection: Keep-Alive
  content-type: text/html; charset=UTF-8
  Body:
<!DOCTYPE html>
<html lang="es">
<head>
<meta charset="UTF-8">
<meta name="viewport" content="width=device-width,initial-scale=1.0">
<title>Iniciar Sesión — PharmaCRM</title>
<link rel="stylesheet" href="/hospital/public/css/styles.css">
<link rel="stylesheet" href="https://cdnjs.cloudflare.com/ajax/libs/font-awesome/6.5.1/css/all.min.css">
</head>
<body>
<div class="login-wrapper">
<div class="login-card">
<div class="logo">
<div style="font-size:48px;margin-bottom:12px"><i class="fas fa-prescription-bottl
  User variables:
    target: http://localhost/hospital
    $environment: undefined
    $testId: tyrwb_hf3cergm9paphrkje9z4gkrz7e9jf_7x9j
    $dirname: tests
    $scenarioFile: C:\wamp64\www\hospital\mi-qa\tests\escenarios.yaml
    username: admin
    password: admin
    nombre_medicamento: metformina
    cliente_id: cliente_id
    $uuid: bcef47fd-f38f-4416-b11a-22461383fba3
* POST /hospital/?route=auth&action=login 

  not ok statusCode 200 
  expected: 302
       got: 200
  Request params:
    http://localhost/hospital/?route=auth&action=login
    ""
  Headers:
  date: Wed, 06 May 2026 16:12:50 GMT
  server: Apache/2.4.65 (Win64) PHP/8.3.28 mod_fcgid/2.3.10-dev
  x-powered-by: PHP/8.3.28
  expires: Thu, 19 Nov 1981 08:52:00 GMT
  cache-control: no-store, no-cache, must-revalidate
  pragma: no-cache
  content-length: 1624
  keep-alive: timeout=5, max=97
  connection: Keep-Alive
  content-type: text/html; charset=UTF-8
  Body:
<!DOCTYPE html>
<html lang="es">
<head>
<meta charset="UTF-8">
<meta name="viewport" content="width=device-width,initial-scale=1.0">
<title>Iniciar Sesión — PharmaCRM</title>
<link rel="stylesheet" href="/hospital/public/css/styles.css">
<link rel="stylesheet" href="https://cdnjs.cloudflare.com/ajax/libs/font-awesome/6.5.1/css/all.min.css">
</head>
<body>
<div class="login-wrapper">
<div class="login-card">
<div class="logo">
<div style="font-size:48px;margin-bottom:12px"><i class="fas fa-prescription-bottl
  User variables:
    target: http://localhost/hospital
    $environment: undefined
    $testId: tyrwb_hf3cergm9paphrkje9z4gkrz7e9jf_7x9j
    $dirname: tests
    $scenarioFile: C:\wamp64\www\hospital\mi-qa\tests\escenarios.yaml
    username: vendedor1
    password: vendedor123
    nombre_medicamento: loratadina
    cliente_id: 4
    $uuid: 696b20ed-8fa0-4283-9e5d-9f658415f16d
* GET /hospital/?route=home 

* GET /hospital/?route=login 

  ok statusCode 200 
* GET /hospital/?route=login 

  ok statusCode 200 
  ok statusCode 200 
* GET /hospital/?route=home 

  ok statusCode 200 
* POST /hospital/?route=auth&action=login 

  not ok statusCode 200 
  expected: 302
       got: 200
  Request params:
    http://localhost/hospital/?route=auth&action=login
    ""
  Headers:
  date: Wed, 06 May 2026 16:12:50 GMT
  server: Apache/2.4.65 (Win64) PHP/8.3.28 mod_fcgid/2.3.10-dev
  x-powered-by: PHP/8.3.28
  expires: Thu, 19 Nov 1981 08:52:00 GMT
  cache-control: no-store, no-cache, must-revalidate
  pragma: no-cache
  content-length: 1624
  keep-alive: timeout=5, max=97
  connection: Keep-Alive
  content-type: text/html; charset=UTF-8
  Body:
<!DOCTYPE html>
<html lang="es">
<head>
<meta charset="UTF-8">
<meta name="viewport" content="width=device-width,initial-scale=1.0">
<title>Iniciar Sesión — PharmaCRM</title>
<link rel="stylesheet" href="/hospital/public/css/styles.css">
<link rel="stylesheet" href="https://cdnjs.cloudflare.com/ajax/libs/font-awesome/6.5.1/css/all.min.css">
</head>
<body>
<div class="login-wrapper">
<div class="login-card">
<div class="logo">
<div style="font-size:48px;margin-bottom:12px"><i class="fas fa-prescription-bottl
  User variables:
    target: http://localhost/hospital
    $environment: undefined
    $testId: tyrwb_hf3cergm9paphrkje9z4gkrz7e9jf_7x9j
    $dirname: tests
    $scenarioFile: C:\wamp64\www\hospital\mi-qa\tests\escenarios.yaml
    username: tester
    password: tester123
    nombre_medicamento: nombre_medicamento
    cliente_id: 1
    $uuid: 7a22174d-17fb-4082-97af-02e2f1b8c048
* GET /hospital/?route=home 

  ok statusCode 200 
* GET /hospital/?route=home 

  ok statusCode 200 
* GET /hospital/?route=login 

  ok statusCode 200 
* GET /hospital/?route=login 

  ok statusCode 200 
* POST /hospital/?route=auth&action=login 

  not ok statusCode 200 
  expected: 302
       got: 200
  Request params:
    http://localhost/hospital/?route=auth&action=login
    ""
  Headers:
  date: Wed, 06 May 2026 16:12:51 GMT
  server: Apache/2.4.65 (Win64) PHP/8.3.28 mod_fcgid/2.3.10-dev
  x-powered-by: PHP/8.3.28
  expires: Thu, 19 Nov 1981 08:52:00 GMT
  cache-control: no-store, no-cache, must-revalidate
  pragma: no-cache
  content-length: 1624
  keep-alive: timeout=5, max=97
  connection: Keep-Alive
  content-type: text/html; charset=UTF-8
  Body:
<!DOCTYPE html>
<html lang="es">
<head>
<meta charset="UTF-8">
<meta name="viewport" content="width=device-width,initial-scale=1.0">
<title>Iniciar Sesión — PharmaCRM</title>
<link rel="stylesheet" href="/hospital/public/css/styles.css">
<link rel="stylesheet" href="https://cdnjs.cloudflare.com/ajax/libs/font-awesome/6.5.1/css/all.min.css">
</head>
<body>
<div class="login-wrapper">
<div class="login-card">
<div class="logo">
<div style="font-size:48px;margin-bottom:12px"><i class="fas fa-prescription-bottl
  User variables:
    target: http://localhost/hospital
    $environment: undefined
    $testId: tyrwb_hf3cergm9paphrkje9z4gkrz7e9jf_7x9j
    $dirname: tests
    $scenarioFile: C:\wamp64\www\hospital\mi-qa\tests\escenarios.yaml
    username: username
    password: password
    nombre_medicamento: nombre_medicamento
    cliente_id: 3
    $uuid: fe1c787e-5188-4326-8a39-ce5742b90d59
* POST /hospital/?route=auth&action=login 

  not ok statusCode 200 
  expected: 302
       got: 200
  Request params:
    http://localhost/hospital/?route=auth&action=login
    ""
  Headers:
  date: Wed, 06 May 2026 16:12:51 GMT
  server: Apache/2.4.65 (Win64) PHP/8.3.28 mod_fcgid/2.3.10-dev
  x-powered-by: PHP/8.3.28
  expires: Thu, 19 Nov 1981 08:52:00 GMT
  cache-control: no-store, no-cache, must-revalidate
  pragma: no-cache
  content-length: 1624
  keep-alive: timeout=5, max=97
  connection: Keep-Alive
  content-type: text/html; charset=UTF-8
  Body:
<!DOCTYPE html>
<html lang="es">
<head>
<meta charset="UTF-8">
<meta name="viewport" content="width=device-width,initial-scale=1.0">
<title>Iniciar Sesión — PharmaCRM</title>
<link rel="stylesheet" href="/hospital/public/css/styles.css">
<link rel="stylesheet" href="https://cdnjs.cloudflare.com/ajax/libs/font-awesome/6.5.1/css/all.min.css">
</head>
<body>
<div class="login-wrapper">
<div class="login-card">
<div class="logo">
<div style="font-size:48px;margin-bottom:12px"><i class="fas fa-prescription-bottl
  User variables:
    target: http://localhost/hospital
    $environment: undefined
    $testId: tyrwb_hf3cergm9paphrkje9z4gkrz7e9jf_7x9j
    $dirname: tests
    $scenarioFile: C:\wamp64\www\hospital\mi-qa\tests\escenarios.yaml
    username: vendedor1
    password: vendedor123
    nombre_medicamento: amoxicilina
    cliente_id: cliente_id
    $uuid: f72a24d2-bd85-49e3-94eb-498bb50e3f1c
* GET /hospital/?route=home 

  ok statusCode 200 
* GET /hospital/?route=login 

  ok statusCode 200 
* POST /hospital/?route=auth&action=login 

  not ok statusCode 200 
  expected: 302
       got: 200
  Request params:
    http://localhost/hospital/?route=auth&action=login
    ""
  Headers:
  date: Wed, 06 May 2026 16:12:51 GMT
  server: Apache/2.4.65 (Win64) PHP/8.3.28 mod_fcgid/2.3.10-dev
  x-powered-by: PHP/8.3.28
  expires: Thu, 19 Nov 1981 08:52:00 GMT
  cache-control: no-store, no-cache, must-revalidate
  pragma: no-cache
  content-length: 1624
  keep-alive: timeout=5, max=97
  connection: Keep-Alive
  content-type: text/html; charset=UTF-8
  Body:
<!DOCTYPE html>
<html lang="es">
<head>
<meta charset="UTF-8">
<meta name="viewport" content="width=device-width,initial-scale=1.0">
<title>Iniciar Sesión — PharmaCRM</title>
<link rel="stylesheet" href="/hospital/public/css/styles.css">
<link rel="stylesheet" href="https://cdnjs.cloudflare.com/ajax/libs/font-awesome/6.5.1/css/all.min.css">
</head>
<body>
<div class="login-wrapper">
<div class="login-card">
<div class="logo">
<div style="font-size:48px;margin-bottom:12px"><i class="fas fa-prescription-bottl
  User variables:
    target: http://localhost/hospital
    $environment: undefined
    $testId: tyrwb_hf3cergm9paphrkje9z4gkrz7e9jf_7x9j
    $dirname: tests
    $scenarioFile: C:\wamp64\www\hospital\mi-qa\tests\escenarios.yaml
    username: username
    password: password
    nombre_medicamento: nombre_medicamento
    cliente_id: cliente_id
    $uuid: 56cb9dbe-7e20-4fae-9b66-2b227ceeb784
* GET /hospital/?route=home 

  ok statusCode 200 
* GET /hospital/?route=login 

  ok statusCode 200 
* POST /hospital/?route=auth&action=login 

  not ok statusCode 200 
  expected: 302
       got: 200
  Request params:
    http://localhost/hospital/?route=auth&action=login
    ""
  Headers:
  date: Wed, 06 May 2026 16:12:51 GMT
  server: Apache/2.4.65 (Win64) PHP/8.3.28 mod_fcgid/2.3.10-dev
  x-powered-by: PHP/8.3.28
  expires: Thu, 19 Nov 1981 08:52:00 GMT
  cache-control: no-store, no-cache, must-revalidate
  pragma: no-cache
  content-length: 1624
  keep-alive: timeout=5, max=97
  connection: Keep-Alive
  content-type: text/html; charset=UTF-8
  Body:
<!DOCTYPE html>
<html lang="es">
<head>
<meta charset="UTF-8">
<meta name="viewport" content="width=device-width,initial-scale=1.0">
<title>Iniciar Sesión — PharmaCRM</title>
<link rel="stylesheet" href="/hospital/public/css/styles.css">
<link rel="stylesheet" href="https://cdnjs.cloudflare.com/ajax/libs/font-awesome/6.5.1/css/all.min.css">
</head>
<body>
<div class="login-wrapper">
<div class="login-card">
<div class="logo">
<div style="font-size:48px;margin-bottom:12px"><i class="fas fa-prescription-bottl
  User variables:
    target: http://localhost/hospital
    $environment: undefined
    $testId: tyrwb_hf3cergm9paphrkje9z4gkrz7e9jf_7x9j
    $dirname: tests
    $scenarioFile: C:\wamp64\www\hospital\mi-qa\tests\escenarios.yaml
    username: username
    password: password
    nombre_medicamento: dexametasona
    cliente_id: 9
    $uuid: 89bf3e7c-fca0-45ac-9d79-dc211aac9527
* GET /hospital/?route=home 

  ok statusCode 200 
* GET /hospital/?route=login 

  ok statusCode 200 
* POST /hospital/?route=auth&action=login 

  not ok statusCode 200 
  expected: 302
       got: 200
  Request params:
    http://localhost/hospital/?route=auth&action=login
    ""
  Headers:
  date: Wed, 06 May 2026 16:12:51 GMT
  server: Apache/2.4.65 (Win64) PHP/8.3.28 mod_fcgid/2.3.10-dev
  x-powered-by: PHP/8.3.28
  expires: Thu, 19 Nov 1981 08:52:00 GMT
  cache-control: no-store, no-cache, must-revalidate
  pragma: no-cache
  content-length: 1624
  keep-alive: timeout=5, max=97
  connection: Keep-Alive
  content-type: text/html; charset=UTF-8
  Body:
<!DOCTYPE html>
<html lang="es">
<head>
<meta charset="UTF-8">
<meta name="viewport" content="width=device-width,initial-scale=1.0">
<title>Iniciar Sesión — PharmaCRM</title>
<link rel="stylesheet" href="/hospital/public/css/styles.css">
<link rel="stylesheet" href="https://cdnjs.cloudflare.com/ajax/libs/font-awesome/6.5.1/css/all.min.css">
</head>
<body>
<div class="login-wrapper">
<div class="login-card">
<div class="logo">
<div style="font-size:48px;margin-bottom:12px"><i class="fas fa-prescription-bottl
  User variables:
    target: http://localhost/hospital
    $environment: undefined
    $testId: tyrwb_hf3cergm9paphrkje9z4gkrz7e9jf_7x9j
    $dirname: tests
    $scenarioFile: C:\wamp64\www\hospital\mi-qa\tests\escenarios.yaml
    username: tester
    password: tester123
    nombre_medicamento: enalapril
    cliente_id: 3
    $uuid: cf6b1e33-9e69-449d-a882-3024b290ea79
* GET /hospital/?route=home 

  ok statusCode 200 
* POST /hospital/?route=auth&action=login 

  not ok statusCode 200 
  expected: 302
       got: 200
  Request params:
    http://localhost/hospital/?route=auth&action=login
    ""
  Headers:
  date: Wed, 06 May 2026 16:12:51 GMT
  server: Apache/2.4.65 (Win64) PHP/8.3.28 mod_fcgid/2.3.10-dev
  x-powered-by: PHP/8.3.28
  expires: Thu, 19 Nov 1981 08:52:00 GMT
  cache-control: no-store, no-cache, must-revalidate
  pragma: no-cache
  content-length: 1624
  keep-alive: timeout=5, max=97
  connection: Keep-Alive
  content-type: text/html; charset=UTF-8
  Body:
<!DOCTYPE html>
<html lang="es">
<head>
<meta charset="UTF-8">
<meta name="viewport" content="width=device-width,initial-scale=1.0">
<title>Iniciar Sesión — PharmaCRM</title>
<link rel="stylesheet" href="/hospital/public/css/styles.css">
<link rel="stylesheet" href="https://cdnjs.cloudflare.com/ajax/libs/font-awesome/6.5.1/css/all.min.css">
</head>
<body>
<div class="login-wrapper">
<div class="login-card">
<div class="logo">
<div style="font-size:48px;margin-bottom:12px"><i class="fas fa-prescription-bottl
  User variables:
    target: http://localhost/hospital
    $environment: undefined
    $testId: tyrwb_hf3cergm9paphrkje9z4gkrz7e9jf_7x9j
    $dirname: tests
    $scenarioFile: C:\wamp64\www\hospital\mi-qa\tests\escenarios.yaml
    username: tester
    password: tester123
    nombre_medicamento: dexametasona
    cliente_id: 8
    $uuid: 1dc60616-a186-4121-8501-781ab1af54c0
* GET /hospital/?route=login 

  ok statusCode 200 
* GET /hospital/?route=login 

  ok statusCode 200 
* GET /hospital/?route=home 

  ok statusCode 200 
* POST /hospital/?route=auth&action=login 

  not ok statusCode 200 
  expected: 302
       got: 200
  Request params:
    http://localhost/hospital/?route=auth&action=login
    ""
  Headers:
  date: Wed, 06 May 2026 16:12:51 GMT
  server: Apache/2.4.65 (Win64) PHP/8.3.28 mod_fcgid/2.3.10-dev
  x-powered-by: PHP/8.3.28
  expires: Thu, 19 Nov 1981 08:52:00 GMT
  cache-control: no-store, no-cache, must-revalidate
  pragma: no-cache
  content-length: 1624
  keep-alive: timeout=5, max=97
  connection: Keep-Alive
  content-type: text/html; charset=UTF-8
  Body:
<!DOCTYPE html>
<html lang="es">
<head>
<meta charset="UTF-8">
<meta name="viewport" content="width=device-width,initial-scale=1.0">
<title>Iniciar Sesión — PharmaCRM</title>
<link rel="stylesheet" href="/hospital/public/css/styles.css">
<link rel="stylesheet" href="https://cdnjs.cloudflare.com/ajax/libs/font-awesome/6.5.1/css/all.min.css">
</head>
<body>
<div class="login-wrapper">
<div class="login-card">
<div class="logo">
<div style="font-size:48px;margin-bottom:12px"><i class="fas fa-prescription-bottl
  User variables:
    target: http://localhost/hospital
    $environment: undefined
    $testId: tyrwb_hf3cergm9paphrkje9z4gkrz7e9jf_7x9j
    $dirname: tests
    $scenarioFile: C:\wamp64\www\hospital\mi-qa\tests\escenarios.yaml
    username: supervisor1
    password: supervisor123
    nombre_medicamento: omeprazol
    cliente_id: 2
    $uuid: 60122cff-77df-4575-bfef-75a692bbffd5
* GET /hospital/?route=home 

  ok statusCode 200 
* GET /hospital/?route=login 

* GET /hospital/?route=login 

  ok statusCode 200 
* POST /hospital/?route=auth&action=login 

  ok statusCode 200 
* GET /hospital/?route=home 

  ok statusCode 200 
  not ok statusCode 200 
  expected: 302
       got: 200
  Request params:
    http://localhost/hospital/?route=auth&action=login
    ""
  Headers:
  date: Wed, 06 May 2026 16:12:51 GMT
  server: Apache/2.4.65 (Win64) PHP/8.3.28 mod_fcgid/2.3.10-dev
  x-powered-by: PHP/8.3.28
  expires: Thu, 19 Nov 1981 08:52:00 GMT
  cache-control: no-store, no-cache, must-revalidate
  pragma: no-cache
  content-length: 1624
  keep-alive: timeout=5, max=97
  connection: Keep-Alive
  content-type: text/html; charset=UTF-8
  Body:
<!DOCTYPE html>
<html lang="es">
<head>
<meta charset="UTF-8">
<meta name="viewport" content="width=device-width,initial-scale=1.0">
<title>Iniciar Sesión — PharmaCRM</title>
<link rel="stylesheet" href="/hospital/public/css/styles.css">
<link rel="stylesheet" href="https://cdnjs.cloudflare.com/ajax/libs/font-awesome/6.5.1/css/all.min.css">
</head>
<body>
<div class="login-wrapper">
<div class="login-card">
<div class="logo">
<div style="font-size:48px;margin-bottom:12px"><i class="fas fa-prescription-bottl
  User variables:
    target: http://localhost/hospital
    $environment: undefined
    $testId: tyrwb_hf3cergm9paphrkje9z4gkrz7e9jf_7x9j
    $dirname: tests
    $scenarioFile: C:\wamp64\www\hospital\mi-qa\tests\escenarios.yaml
    username: username
    password: password
    nombre_medicamento: salbutamol
    cliente_id: 9
    $uuid: 40e404ca-638f-4f64-bd58-280d3ec985c2
* POST /hospital/?route=auth&action=login 

  not ok statusCode 200 
  expected: 302
       got: 200
  Request params:
    http://localhost/hospital/?route=auth&action=login
    ""
  Headers:
  date: Wed, 06 May 2026 16:12:51 GMT
  server: Apache/2.4.65 (Win64) PHP/8.3.28 mod_fcgid/2.3.10-dev
  x-powered-by: PHP/8.3.28
  expires: Thu, 19 Nov 1981 08:52:00 GMT
  cache-control: no-store, no-cache, must-revalidate
  pragma: no-cache
  content-length: 1624
  keep-alive: timeout=5, max=97
  connection: Keep-Alive
  content-type: text/html; charset=UTF-8
  Body:
<!DOCTYPE html>
<html lang="es">
<head>
<meta charset="UTF-8">
<meta name="viewport" content="width=device-width,initial-scale=1.0">
<title>Iniciar Sesión — PharmaCRM</title>
<link rel="stylesheet" href="/hospital/public/css/styles.css">
<link rel="stylesheet" href="https://cdnjs.cloudflare.com/ajax/libs/font-awesome/6.5.1/css/all.min.css">
</head>
<body>
<div class="login-wrapper">
<div class="login-card">
<div class="logo">
<div style="font-size:48px;margin-bottom:12px"><i class="fas fa-prescription-bottl
  User variables:
    target: http://localhost/hospital
    $environment: undefined
    $testId: tyrwb_hf3cergm9paphrkje9z4gkrz7e9jf_7x9j
    $dirname: tests
    $scenarioFile: C:\wamp64\www\hospital\mi-qa\tests\escenarios.yaml
    username: supervisor1
    password: supervisor123
    nombre_medicamento: acetaminofen
    cliente_id: 7
    $uuid: 24b1f255-2f8e-4722-971d-182b95eedd4f
* GET /hospital/?route=home 

  ok statusCode 200 
* GET /hospital/?route=login 

  ok statusCode 200 
* GET /hospital/?route=login 

  ok statusCode 200 
* GET /hospital/?route=home 

  ok statusCode 200 
* POST /hospital/?route=auth&action=login 

  not ok statusCode 200 
  expected: 302
       got: 200
  Request params:
    http://localhost/hospital/?route=auth&action=login
    ""
  Headers:
  date: Wed, 06 May 2026 16:12:51 GMT
  server: Apache/2.4.65 (Win64) PHP/8.3.28 mod_fcgid/2.3.10-dev
  x-powered-by: PHP/8.3.28
  expires: Thu, 19 Nov 1981 08:52:00 GMT
  cache-control: no-store, no-cache, must-revalidate
  pragma: no-cache
  content-length: 1624
  keep-alive: timeout=5, max=97
  connection: Keep-Alive
  content-type: text/html; charset=UTF-8
  Body:
<!DOCTYPE html>
<html lang="es">
<head>
<meta charset="UTF-8">
<meta name="viewport" content="width=device-width,initial-scale=1.0">
<title>Iniciar Sesión — PharmaCRM</title>
<link rel="stylesheet" href="/hospital/public/css/styles.css">
<link rel="stylesheet" href="https://cdnjs.cloudflare.com/ajax/libs/font-awesome/6.5.1/css/all.min.css">
</head>
<body>
<div class="login-wrapper">
<div class="login-card">
<div class="logo">
<div style="font-size:48px;margin-bottom:12px"><i class="fas fa-prescription-bottl
  User variables:
    target: http://localhost/hospital
    $environment: undefined
    $testId: tyrwb_hf3cergm9paphrkje9z4gkrz7e9jf_7x9j
    $dirname: tests
    $scenarioFile: C:\wamp64\www\hospital\mi-qa\tests\escenarios.yaml
    username: tester
    password: tester123
    nombre_medicamento: salbutamol
    cliente_id: 1
    $uuid: 7b165e58-9379-484f-899c-bee85109240a
* POST /hospital/?route=auth&action=login 

  not ok statusCode 200 
  expected: 302
       got: 200
  Request params:
    http://localhost/hospital/?route=auth&action=login
    ""
  Headers:
  date: Wed, 06 May 2026 16:12:51 GMT
  server: Apache/2.4.65 (Win64) PHP/8.3.28 mod_fcgid/2.3.10-dev
  x-powered-by: PHP/8.3.28
  expires: Thu, 19 Nov 1981 08:52:00 GMT
  cache-control: no-store, no-cache, must-revalidate
  pragma: no-cache
  content-length: 1624
  keep-alive: timeout=5, max=97
  connection: Keep-Alive
  content-type: text/html; charset=UTF-8
  Body:
<!DOCTYPE html>
<html lang="es">
<head>
<meta charset="UTF-8">
<meta name="viewport" content="width=device-width,initial-scale=1.0">
<title>Iniciar Sesión — PharmaCRM</title>
<link rel="stylesheet" href="/hospital/public/css/styles.css">
<link rel="stylesheet" href="https://cdnjs.cloudflare.com/ajax/libs/font-awesome/6.5.1/css/all.min.css">
</head>
<body>
<div class="login-wrapper">
<div class="login-card">
<div class="logo">
<div style="font-size:48px;margin-bottom:12px"><i class="fas fa-prescription-bottl
  User variables:
    target: http://localhost/hospital
    $environment: undefined
    $testId: tyrwb_hf3cergm9paphrkje9z4gkrz7e9jf_7x9j
    $dirname: tests
    $scenarioFile: C:\wamp64\www\hospital\mi-qa\tests\escenarios.yaml
    username: tester
    password: tester123
    nombre_medicamento: acetaminofen
    cliente_id: 4
    $uuid: 5a4a5877-7daf-413c-9ccd-cdda79737113
* GET /hospital/?route=login 

  ok statusCode 200 
* GET /hospital/?route=home 

  ok statusCode 200 
* GET /hospital/?route=login 

  ok statusCode 200 
* GET /hospital/?route=home 

  ok statusCode 200 
* POST /hospital/?route=auth&action=login 

  not ok statusCode 200 
  expected: 302
       got: 200
  Request params:
    http://localhost/hospital/?route=auth&action=login
    ""
  Headers:
  date: Wed, 06 May 2026 16:12:52 GMT
  server: Apache/2.4.65 (Win64) PHP/8.3.28 mod_fcgid/2.3.10-dev
  x-powered-by: PHP/8.3.28
  expires: Thu, 19 Nov 1981 08:52:00 GMT
  cache-control: no-store, no-cache, must-revalidate
  pragma: no-cache
  content-length: 1624
  keep-alive: timeout=5, max=97
  connection: Keep-Alive
  content-type: text/html; charset=UTF-8
  Body:
<!DOCTYPE html>
<html lang="es">
<head>
<meta charset="UTF-8">
<meta name="viewport" content="width=device-width,initial-scale=1.0">
<title>Iniciar Sesión — PharmaCRM</title>
<link rel="stylesheet" href="/hospital/public/css/styles.css">
<link rel="stylesheet" href="https://cdnjs.cloudflare.com/ajax/libs/font-awesome/6.5.1/css/all.min.css">
</head>
<body>
<div class="login-wrapper">
<div class="login-card">
<div class="logo">
<div style="font-size:48px;margin-bottom:12px"><i class="fas fa-prescription-bottl
  User variables:
    target: http://localhost/hospital
    $environment: undefined
    $testId: tyrwb_hf3cergm9paphrkje9z4gkrz7e9jf_7x9j
    $dirname: tests
    $scenarioFile: C:\wamp64\www\hospital\mi-qa\tests\escenarios.yaml
    username: supervisor1
    password: supervisor123
    nombre_medicamento: enalapril
    cliente_id: 6
    $uuid: 3116c989-5203-47ef-87dd-a3c8db2a2880
* POST /hospital/?route=auth&action=login 

  not ok statusCode 200 
  expected: 302
       got: 200
  Request params:
    http://localhost/hospital/?route=auth&action=login
    ""
  Headers:
  date: Wed, 06 May 2026 16:12:52 GMT
  server: Apache/2.4.65 (Win64) PHP/8.3.28 mod_fcgid/2.3.10-dev
  x-powered-by: PHP/8.3.28
  expires: Thu, 19 Nov 1981 08:52:00 GMT
  cache-control: no-store, no-cache, must-revalidate
  pragma: no-cache
  content-length: 1624
  keep-alive: timeout=5, max=97
  connection: Keep-Alive
  content-type: text/html; charset=UTF-8
  Body:
<!DOCTYPE html>
<html lang="es">
<head>
<meta charset="UTF-8">
<meta name="viewport" content="width=device-width,initial-scale=1.0">
<title>Iniciar Sesión — PharmaCRM</title>
<link rel="stylesheet" href="/hospital/public/css/styles.css">
<link rel="stylesheet" href="https://cdnjs.cloudflare.com/ajax/libs/font-awesome/6.5.1/css/all.min.css">
</head>
<body>
<div class="login-wrapper">
<div class="login-card">
<div class="logo">
<div style="font-size:48px;margin-bottom:12px"><i class="fas fa-prescription-bottl
  User variables:
    target: http://localhost/hospital
    $environment: undefined
    $testId: tyrwb_hf3cergm9paphrkje9z4gkrz7e9jf_7x9j
    $dirname: tests
    $scenarioFile: C:\wamp64\www\hospital\mi-qa\tests\escenarios.yaml
    username: admin
    password: admin
    nombre_medicamento: omeprazol
    cliente_id: cliente_id
    $uuid: 3ca7111f-ed39-4d3d-afae-ebf0c858748f
* GET /hospital/?route=login 

  ok statusCode 200 
* GET /hospital/?route=home 

  ok statusCode 200 
* POST /hospital/?route=auth&action=login 

  not ok statusCode 200 
  expected: 302
       got: 200
  Request params:
    http://localhost/hospital/?route=auth&action=login
    ""
  Headers:
  date: Wed, 06 May 2026 16:12:52 GMT
  server: Apache/2.4.65 (Win64) PHP/8.3.28 mod_fcgid/2.3.10-dev
  x-powered-by: PHP/8.3.28
  expires: Thu, 19 Nov 1981 08:52:00 GMT
  cache-control: no-store, no-cache, must-revalidate
  pragma: no-cache
  content-length: 1624
  keep-alive: timeout=5, max=97
  connection: Keep-Alive
  content-type: text/html; charset=UTF-8
  Body:
<!DOCTYPE html>
<html lang="es">
<head>
<meta charset="UTF-8">
<meta name="viewport" content="width=device-width,initial-scale=1.0">
<title>Iniciar Sesión — PharmaCRM</title>
<link rel="stylesheet" href="/hospital/public/css/styles.css">
<link rel="stylesheet" href="https://cdnjs.cloudflare.com/ajax/libs/font-awesome/6.5.1/css/all.min.css">
</head>
<body>
<div class="login-wrapper">
<div class="login-card">
<div class="logo">
<div style="font-size:48px;margin-bottom:12px"><i class="fas fa-prescription-bottl
  User variables:
    target: http://localhost/hospital
    $environment: undefined
    $testId: tyrwb_hf3cergm9paphrkje9z4gkrz7e9jf_7x9j
    $dirname: tests
    $scenarioFile: C:\wamp64\www\hospital\mi-qa\tests\escenarios.yaml
    username: username
    password: password
    nombre_medicamento: enalapril
    cliente_id: 6
    $uuid: 54b6c810-b681-4ffd-b419-4e93d17b7c43
* GET /hospital/?route=home 

  ok statusCode 200 
* GET /hospital/?route=login 

  ok statusCode 200 
* POST /hospital/?route=auth&action=login 

  not ok statusCode 200 
  expected: 302
       got: 200
  Request params:
    http://localhost/hospital/?route=auth&action=login
    ""
  Headers:
  date: Wed, 06 May 2026 16:12:52 GMT
  server: Apache/2.4.65 (Win64) PHP/8.3.28 mod_fcgid/2.3.10-dev
  x-powered-by: PHP/8.3.28
  expires: Thu, 19 Nov 1981 08:52:00 GMT
  cache-control: no-store, no-cache, must-revalidate
  pragma: no-cache
  content-length: 1624
  keep-alive: timeout=5, max=97
  connection: Keep-Alive
  content-type: text/html; charset=UTF-8
  Body:
<!DOCTYPE html>
<html lang="es">
<head>
<meta charset="UTF-8">
<meta name="viewport" content="width=device-width,initial-scale=1.0">
<title>Iniciar Sesión — PharmaCRM</title>
<link rel="stylesheet" href="/hospital/public/css/styles.css">
<link rel="stylesheet" href="https://cdnjs.cloudflare.com/ajax/libs/font-awesome/6.5.1/css/all.min.css">
</head>
<body>
<div class="login-wrapper">
<div class="login-card">
<div class="logo">
<div style="font-size:48px;margin-bottom:12px"><i class="fas fa-prescription-bottl
  User variables:
    target: http://localhost/hospital
    $environment: undefined
    $testId: tyrwb_hf3cergm9paphrkje9z4gkrz7e9jf_7x9j
    $dirname: tests
    $scenarioFile: C:\wamp64\www\hospital\mi-qa\tests\escenarios.yaml
    username: vendedor1
    password: vendedor123
    nombre_medicamento: nombre_medicamento
    cliente_id: 1
    $uuid: 954be41f-afd7-4be2-9634-6dd82cb1be86
* GET /hospital/?route=login 

  ok statusCode 200 
* GET /hospital/?route=home 

  ok statusCode 200 
* POST /hospital/?route=auth&action=login 

  not ok statusCode 200 
  expected: 302
       got: 200
  Request params:
    http://localhost/hospital/?route=auth&action=login
    ""
  Headers:
  date: Wed, 06 May 2026 16:12:52 GMT
  server: Apache/2.4.65 (Win64) PHP/8.3.28 mod_fcgid/2.3.10-dev
  x-powered-by: PHP/8.3.28
  expires: Thu, 19 Nov 1981 08:52:00 GMT
  cache-control: no-store, no-cache, must-revalidate
  pragma: no-cache
  content-length: 1624
  keep-alive: timeout=5, max=97
  connection: Keep-Alive
  content-type: text/html; charset=UTF-8
  Body:
<!DOCTYPE html>
<html lang="es">
<head>
<meta charset="UTF-8">
<meta name="viewport" content="width=device-width,initial-scale=1.0">
<title>Iniciar Sesión — PharmaCRM</title>
<link rel="stylesheet" href="/hospital/public/css/styles.css">
<link rel="stylesheet" href="https://cdnjs.cloudflare.com/ajax/libs/font-awesome/6.5.1/css/all.min.css">
</head>
<body>
<div class="login-wrapper">
<div class="login-card">
<div class="logo">
<div style="font-size:48px;margin-bottom:12px"><i class="fas fa-prescription-bottl
  User variables:
    target: http://localhost/hospital
    $environment: undefined
    $testId: tyrwb_hf3cergm9paphrkje9z4gkrz7e9jf_7x9j
    $dirname: tests
    $scenarioFile: C:\wamp64\www\hospital\mi-qa\tests\escenarios.yaml
    username: supervisor1
    password: supervisor123
    nombre_medicamento: losartan
    cliente_id: 3
    $uuid: b63ddb8f-ed57-4376-b5e7-5f6feacf4273
* GET /hospital/?route=login 

  ok statusCode 200 
* GET /hospital/?route=home 

  ok statusCode 200 
* POST /hospital/?route=auth&action=login 

  not ok statusCode 200 
  expected: 302
       got: 200
  Request params:
    http://localhost/hospital/?route=auth&action=login
    ""
  Headers:
  date: Wed, 06 May 2026 16:12:52 GMT
  server: Apache/2.4.65 (Win64) PHP/8.3.28 mod_fcgid/2.3.10-dev
  x-powered-by: PHP/8.3.28
  expires: Thu, 19 Nov 1981 08:52:00 GMT
  cache-control: no-store, no-cache, must-revalidate
  pragma: no-cache
  content-length: 1624
  keep-alive: timeout=5, max=97
  connection: Keep-Alive
  content-type: text/html; charset=UTF-8
  Body:
<!DOCTYPE html>
<html lang="es">
<head>
<meta charset="UTF-8">
<meta name="viewport" content="width=device-width,initial-scale=1.0">
<title>Iniciar Sesión — PharmaCRM</title>
<link rel="stylesheet" href="/hospital/public/css/styles.css">
<link rel="stylesheet" href="https://cdnjs.cloudflare.com/ajax/libs/font-awesome/6.5.1/css/all.min.css">
</head>
<body>
<div class="login-wrapper">
<div class="login-card">
<div class="logo">
<div style="font-size:48px;margin-bottom:12px"><i class="fas fa-prescription-bottl
  User variables:
    target: http://localhost/hospital
    $environment: undefined
    $testId: tyrwb_hf3cergm9paphrkje9z4gkrz7e9jf_7x9j
    $dirname: tests
    $scenarioFile: C:\wamp64\www\hospital\mi-qa\tests\escenarios.yaml
    username: supervisor1
    password: supervisor123
    nombre_medicamento: amoxicilina
    cliente_id: 1
    $uuid: 8adaafea-bc5b-445e-9ad0-deba85a6a8e5
* GET /hospital/?route=home 

  ok statusCode 200 
* GET /hospital/?route=login 

  ok statusCode 200 
* POST /hospital/?route=auth&action=login 

  not ok statusCode 200 
  expected: 302
       got: 200
  Request params:
    http://localhost/hospital/?route=auth&action=login
    ""
  Headers:
  date: Wed, 06 May 2026 16:12:52 GMT
  server: Apache/2.4.65 (Win64) PHP/8.3.28 mod_fcgid/2.3.10-dev
  x-powered-by: PHP/8.3.28
  expires: Thu, 19 Nov 1981 08:52:00 GMT
  cache-control: no-store, no-cache, must-revalidate
  pragma: no-cache
  content-length: 1624
  keep-alive: timeout=5, max=97
  connection: Keep-Alive
  content-type: text/html; charset=UTF-8
  Body:
<!DOCTYPE html>
<html lang="es">
<head>
<meta charset="UTF-8">
<meta name="viewport" content="width=device-width,initial-scale=1.0">
<title>Iniciar Sesión — PharmaCRM</title>
<link rel="stylesheet" href="/hospital/public/css/styles.css">
<link rel="stylesheet" href="https://cdnjs.cloudflare.com/ajax/libs/font-awesome/6.5.1/css/all.min.css">
</head>
<body>
<div class="login-wrapper">
<div class="login-card">
<div class="logo">
<div style="font-size:48px;margin-bottom:12px"><i class="fas fa-prescription-bottl
  User variables:
    target: http://localhost/hospital
    $environment: undefined
    $testId: tyrwb_hf3cergm9paphrkje9z4gkrz7e9jf_7x9j
    $dirname: tests
    $scenarioFile: C:\wamp64\www\hospital\mi-qa\tests\escenarios.yaml
    username: username
    password: password
    nombre_medicamento: dexametasona
    cliente_id: 5
    $uuid: f7763b15-b4f4-4bf8-bc57-3ab07d96de8f
* GET /hospital/?route=login 

  ok statusCode 200 
* GET /hospital/?route=home 

  ok statusCode 200 
* GET /hospital/?route=home 

  ok statusCode 200 
* GET /hospital/?route=login 

  ok statusCode 200 
* POST /hospital/?route=auth&action=login 

  not ok statusCode 200 
  expected: 302
       got: 200
  Request params:
    http://localhost/hospital/?route=auth&action=login
    ""
  Headers:
  date: Wed, 06 May 2026 16:12:52 GMT
  server: Apache/2.4.65 (Win64) PHP/8.3.28 mod_fcgid/2.3.10-dev
  x-powered-by: PHP/8.3.28
  expires: Thu, 19 Nov 1981 08:52:00 GMT
  cache-control: no-store, no-cache, must-revalidate
  pragma: no-cache
  content-length: 1624
  keep-alive: timeout=5, max=97
  connection: Keep-Alive
  content-type: text/html; charset=UTF-8
  Body:
<!DOCTYPE html>
<html lang="es">
<head>
<meta charset="UTF-8">
<meta name="viewport" content="width=device-width,initial-scale=1.0">
<title>Iniciar Sesión — PharmaCRM</title>
<link rel="stylesheet" href="/hospital/public/css/styles.css">
<link rel="stylesheet" href="https://cdnjs.cloudflare.com/ajax/libs/font-awesome/6.5.1/css/all.min.css">
</head>
<body>
<div class="login-wrapper">
<div class="login-card">
<div class="logo">
<div style="font-size:48px;margin-bottom:12px"><i class="fas fa-prescription-bottl
  User variables:
    target: http://localhost/hospital
    $environment: undefined
    $testId: tyrwb_hf3cergm9paphrkje9z4gkrz7e9jf_7x9j
    $dirname: tests
    $scenarioFile: C:\wamp64\www\hospital\mi-qa\tests\escenarios.yaml
    username: admin
    password: admin
    nombre_medicamento: metformina
    cliente_id: 2
    $uuid: 9962efaf-3dff-4ab4-baab-81d99d54cd67
* POST /hospital/?route=auth&action=login 

  not ok statusCode 200 
  expected: 302
       got: 200
  Request params:
    http://localhost/hospital/?route=auth&action=login
    ""
  Headers:
  date: Wed, 06 May 2026 16:12:52 GMT
  server: Apache/2.4.65 (Win64) PHP/8.3.28 mod_fcgid/2.3.10-dev
  x-powered-by: PHP/8.3.28
  expires: Thu, 19 Nov 1981 08:52:00 GMT
  cache-control: no-store, no-cache, must-revalidate
  pragma: no-cache
  content-length: 1624
  keep-alive: timeout=5, max=97
  connection: Keep-Alive
  content-type: text/html; charset=UTF-8
  Body:
<!DOCTYPE html>
<html lang="es">
<head>
<meta charset="UTF-8">
<meta name="viewport" content="width=device-width,initial-scale=1.0">
<title>Iniciar Sesión — PharmaCRM</title>
<link rel="stylesheet" href="/hospital/public/css/styles.css">
<link rel="stylesheet" href="https://cdnjs.cloudflare.com/ajax/libs/font-awesome/6.5.1/css/all.min.css">
</head>
<body>
<div class="login-wrapper">
<div class="login-card">
<div class="logo">
<div style="font-size:48px;margin-bottom:12px"><i class="fas fa-prescription-bottl
  User variables:
    target: http://localhost/hospital
    $environment: undefined
    $testId: tyrwb_hf3cergm9paphrkje9z4gkrz7e9jf_7x9j
    $dirname: tests
    $scenarioFile: C:\wamp64\www\hospital\mi-qa\tests\escenarios.yaml
    username: vendedor1
    password: vendedor123
    nombre_medicamento: metformina
    cliente_id: 6
    $uuid: f1d356a3-d2e6-435e-8825-88bdf5701078
* GET /hospital/?route=home 

  ok statusCode 200 
* GET /hospital/?route=login 

* GET /hospital/?route=login 

  ok statusCode 200 
  ok statusCode 200 
* POST /hospital/?route=auth&action=login 

* GET /hospital/?route=home 

  not ok statusCode 200 
  expected: 302
       got: 200
  Request params:
    http://localhost/hospital/?route=auth&action=login
    ""
  Headers:
  date: Wed, 06 May 2026 16:12:52 GMT
  server: Apache/2.4.65 (Win64) PHP/8.3.28 mod_fcgid/2.3.10-dev
  x-powered-by: PHP/8.3.28
  expires: Thu, 19 Nov 1981 08:52:00 GMT
  cache-control: no-store, no-cache, must-revalidate
  pragma: no-cache
  content-length: 1624
  keep-alive: timeout=5, max=97
  connection: Keep-Alive
  content-type: text/html; charset=UTF-8
  Body:
<!DOCTYPE html>
<html lang="es">
<head>
<meta charset="UTF-8">
<meta name="viewport" content="width=device-width,initial-scale=1.0">
<title>Iniciar Sesión — PharmaCRM</title>
<link rel="stylesheet" href="/hospital/public/css/styles.css">
<link rel="stylesheet" href="https://cdnjs.cloudflare.com/ajax/libs/font-awesome/6.5.1/css/all.min.css">
</head>
<body>
<div class="login-wrapper">
<div class="login-card">
<div class="logo">
<div style="font-size:48px;margin-bottom:12px"><i class="fas fa-prescription-bottl
  User variables:
    target: http://localhost/hospital
    $environment: undefined
    $testId: tyrwb_hf3cergm9paphrkje9z4gkrz7e9jf_7x9j
    $dirname: tests
    $scenarioFile: C:\wamp64\www\hospital\mi-qa\tests\escenarios.yaml
    username: vendedor1
    password: vendedor123
    nombre_medicamento: omeprazol
    cliente_id: 3
    $uuid: ac33b2a7-ad6c-45ff-ac88-2c6a635ed5d0
  ok statusCode 200 
* POST /hospital/?route=auth&action=login 

  not ok statusCode 200 
  expected: 302
       got: 200
  Request params:
    http://localhost/hospital/?route=auth&action=login
    ""
  Headers:
  date: Wed, 06 May 2026 16:12:52 GMT
  server: Apache/2.4.65 (Win64) PHP/8.3.28 mod_fcgid/2.3.10-dev
  x-powered-by: PHP/8.3.28
  expires: Thu, 19 Nov 1981 08:52:00 GMT
  cache-control: no-store, no-cache, must-revalidate
  pragma: no-cache
  content-length: 1624
  keep-alive: timeout=5, max=97
  connection: Keep-Alive
  content-type: text/html; charset=UTF-8
  Body:
<!DOCTYPE html>
<html lang="es">
<head>
<meta charset="UTF-8">
<meta name="viewport" content="width=device-width,initial-scale=1.0">
<title>Iniciar Sesión — PharmaCRM</title>
<link rel="stylesheet" href="/hospital/public/css/styles.css">
<link rel="stylesheet" href="https://cdnjs.cloudflare.com/ajax/libs/font-awesome/6.5.1/css/all.min.css">
</head>
<body>
<div class="login-wrapper">
<div class="login-card">
<div class="logo">
<div style="font-size:48px;margin-bottom:12px"><i class="fas fa-prescription-bottl
  User variables:
    target: http://localhost/hospital
    $environment: undefined
    $testId: tyrwb_hf3cergm9paphrkje9z4gkrz7e9jf_7x9j
    $dirname: tests
    $scenarioFile: C:\wamp64\www\hospital\mi-qa\tests\escenarios.yaml
    username: username
    password: password
    nombre_medicamento: salbutamol
    cliente_id: 2
    $uuid: a6cb3496-c355-4b1a-9c5f-f69afd22a67e
* GET /hospital/?route=login 

  ok statusCode 200 
* GET /hospital/?route=home 

  ok statusCode 200 
* POST /hospital/?route=auth&action=login 

  not ok statusCode 200 
  expected: 302
       got: 200
  Request params:
    http://localhost/hospital/?route=auth&action=login
    ""
  Headers:
  date: Wed, 06 May 2026 16:12:53 GMT
  server: Apache/2.4.65 (Win64) PHP/8.3.28 mod_fcgid/2.3.10-dev
  x-powered-by: PHP/8.3.28
  expires: Thu, 19 Nov 1981 08:52:00 GMT
  cache-control: no-store, no-cache, must-revalidate
  pragma: no-cache
  content-length: 1624
  keep-alive: timeout=5, max=97
  connection: Keep-Alive
  content-type: text/html; charset=UTF-8
  Body:
<!DOCTYPE html>
<html lang="es">
<head>
<meta charset="UTF-8">
<meta name="viewport" content="width=device-width,initial-scale=1.0">
<title>Iniciar Sesión — PharmaCRM</title>
<link rel="stylesheet" href="/hospital/public/css/styles.css">
<link rel="stylesheet" href="https://cdnjs.cloudflare.com/ajax/libs/font-awesome/6.5.1/css/all.min.css">
</head>
<body>
<div class="login-wrapper">
<div class="login-card">
<div class="logo">
<div style="font-size:48px;margin-bottom:12px"><i class="fas fa-prescription-bottl
  User variables:
    target: http://localhost/hospital
    $environment: undefined
    $testId: tyrwb_hf3cergm9paphrkje9z4gkrz7e9jf_7x9j
    $dirname: tests
    $scenarioFile: C:\wamp64\www\hospital\mi-qa\tests\escenarios.yaml
    username: supervisor1
    password: supervisor123
    nombre_medicamento: enalapril
    cliente_id: 8
    $uuid: 20693fa3-2220-4d48-9fa5-2d10cb25c43d
* GET /hospital/?route=login 

  ok statusCode 200 
* POST /hospital/?route=auth&action=login 

  not ok statusCode 200 
  expected: 302
       got: 200
  Request params:
    http://localhost/hospital/?route=auth&action=login
    ""
  Headers:
  date: Wed, 06 May 2026 16:12:53 GMT
  server: Apache/2.4.65 (Win64) PHP/8.3.28 mod_fcgid/2.3.10-dev
  x-powered-by: PHP/8.3.28
  expires: Thu, 19 Nov 1981 08:52:00 GMT
  cache-control: no-store, no-cache, must-revalidate
  pragma: no-cache
  content-length: 1624
  keep-alive: timeout=5, max=97
  connection: Keep-Alive
  content-type: text/html; charset=UTF-8
  Body:
<!DOCTYPE html>
<html lang="es">
<head>
<meta charset="UTF-8">
<meta name="viewport" content="width=device-width,initial-scale=1.0">
<title>Iniciar Sesión — PharmaCRM</title>
<link rel="stylesheet" href="/hospital/public/css/styles.css">
<link rel="stylesheet" href="https://cdnjs.cloudflare.com/ajax/libs/font-awesome/6.5.1/css/all.min.css">
</head>
<body>
<div class="login-wrapper">
<div class="login-card">
<div class="logo">
<div style="font-size:48px;margin-bottom:12px"><i class="fas fa-prescription-bottl
  User variables:
    target: http://localhost/hospital
    $environment: undefined
    $testId: tyrwb_hf3cergm9paphrkje9z4gkrz7e9jf_7x9j
    $dirname: tests
    $scenarioFile: C:\wamp64\www\hospital\mi-qa\tests\escenarios.yaml
    username: vendedor1
    password: vendedor123
    nombre_medicamento: salbutamol
    cliente_id: 9
    $uuid: e87d8813-4a82-4da0-8e9d-b50b404016fd
* GET /hospital/?route=home 

  ok statusCode 200 
* GET /hospital/?route=home 

  ok statusCode 200 
* GET /hospital/?route=login 

  ok statusCode 200 
* POST /hospital/?route=auth&action=login 

  not ok statusCode 200 
  expected: 302
       got: 200
  Request params:
    http://localhost/hospital/?route=auth&action=login
    ""
  Headers:
  date: Wed, 06 May 2026 16:12:53 GMT
  server: Apache/2.4.65 (Win64) PHP/8.3.28 mod_fcgid/2.3.10-dev
  x-powered-by: PHP/8.3.28
  expires: Thu, 19 Nov 1981 08:52:00 GMT
  cache-control: no-store, no-cache, must-revalidate
  pragma: no-cache
  content-length: 1624
  keep-alive: timeout=5, max=97
  connection: Keep-Alive
  content-type: text/html; charset=UTF-8
  Body:
<!DOCTYPE html>
<html lang="es">
<head>
<meta charset="UTF-8">
<meta name="viewport" content="width=device-width,initial-scale=1.0">
<title>Iniciar Sesión — PharmaCRM</title>
<link rel="stylesheet" href="/hospital/public/css/styles.css">
<link rel="stylesheet" href="https://cdnjs.cloudflare.com/ajax/libs/font-awesome/6.5.1/css/all.min.css">
</head>
<body>
<div class="login-wrapper">
<div class="login-card">
<div class="logo">
<div style="font-size:48px;margin-bottom:12px"><i class="fas fa-prescription-bottl
  User variables:
    target: http://localhost/hospital
    $environment: undefined
    $testId: tyrwb_hf3cergm9paphrkje9z4gkrz7e9jf_7x9j
    $dirname: tests
    $scenarioFile: C:\wamp64\www\hospital\mi-qa\tests\escenarios.yaml
    username: admin
    password: admin
    nombre_medicamento: loratadina
    cliente_id: cliente_id
    $uuid: 8d037863-3441-4c17-8acd-231c5fbb143f
* GET /hospital/?route=login 

  ok statusCode 200 
* GET /hospital/?route=home 

  ok statusCode 200 
* POST /hospital/?route=auth&action=login 

  not ok statusCode 200 
  expected: 302
       got: 200
  Request params:
    http://localhost/hospital/?route=auth&action=login
    ""
  Headers:
  date: Wed, 06 May 2026 16:12:53 GMT
  server: Apache/2.4.65 (Win64) PHP/8.3.28 mod_fcgid/2.3.10-dev
  x-powered-by: PHP/8.3.28
  expires: Thu, 19 Nov 1981 08:52:00 GMT
  cache-control: no-store, no-cache, must-revalidate
  pragma: no-cache
  content-length: 1624
  keep-alive: timeout=5, max=97
  connection: Keep-Alive
  content-type: text/html; charset=UTF-8
  Body:
<!DOCTYPE html>
<html lang="es">
<head>
<meta charset="UTF-8">
<meta name="viewport" content="width=device-width,initial-scale=1.0">
<title>Iniciar Sesión — PharmaCRM</title>
<link rel="stylesheet" href="/hospital/public/css/styles.css">
<link rel="stylesheet" href="https://cdnjs.cloudflare.com/ajax/libs/font-awesome/6.5.1/css/all.min.css">
</head>
<body>
<div class="login-wrapper">
<div class="login-card">
<div class="logo">
<div style="font-size:48px;margin-bottom:12px"><i class="fas fa-prescription-bottl
  User variables:
    target: http://localhost/hospital
    $environment: undefined
    $testId: tyrwb_hf3cergm9paphrkje9z4gkrz7e9jf_7x9j
    $dirname: tests
    $scenarioFile: C:\wamp64\www\hospital\mi-qa\tests\escenarios.yaml
    username: vendedor1
    password: vendedor123
    nombre_medicamento: metformina
    cliente_id: 4
    $uuid: 8e9ed8b1-1325-4ce8-ba39-2adc3d96ad12
* GET /hospital/?route=login 

  ok statusCode 200 
* POST /hospital/?route=auth&action=login 

  not ok statusCode 200 
  expected: 302
       got: 200
  Request params:
    http://localhost/hospital/?route=auth&action=login
    ""
  Headers:
  date: Wed, 06 May 2026 16:12:53 GMT
  server: Apache/2.4.65 (Win64) PHP/8.3.28 mod_fcgid/2.3.10-dev
  x-powered-by: PHP/8.3.28
  expires: Thu, 19 Nov 1981 08:52:00 GMT
  cache-control: no-store, no-cache, must-revalidate
  pragma: no-cache
  content-length: 1624
  keep-alive: timeout=5, max=97
  connection: Keep-Alive
  content-type: text/html; charset=UTF-8
  Body:
<!DOCTYPE html>
<html lang="es">
<head>
<meta charset="UTF-8">
<meta name="viewport" content="width=device-width,initial-scale=1.0">
<title>Iniciar Sesión — PharmaCRM</title>
<link rel="stylesheet" href="/hospital/public/css/styles.css">
<link rel="stylesheet" href="https://cdnjs.cloudflare.com/ajax/libs/font-awesome/6.5.1/css/all.min.css">
</head>
<body>
<div class="login-wrapper">
<div class="login-card">
<div class="logo">
<div style="font-size:48px;margin-bottom:12px"><i class="fas fa-prescription-bottl
  User variables:
    target: http://localhost/hospital
    $environment: undefined
    $testId: tyrwb_hf3cergm9paphrkje9z4gkrz7e9jf_7x9j
    $dirname: tests
    $scenarioFile: C:\wamp64\www\hospital\mi-qa\tests\escenarios.yaml
    username: vendedor1
    password: vendedor123
    nombre_medicamento: salbutamol
    cliente_id: 9
    $uuid: 91537d7a-bde3-47d4-a1d9-e5bea13d4abb
* GET /hospital/?route=home 

  ok statusCode 200 
* GET /hospital/?route=home 

  ok statusCode 200 
* GET /hospital/?route=login 

  ok statusCode 200 
* POST /hospital/?route=auth&action=login 

  not ok statusCode 200 
  expected: 302
       got: 200
  Request params:
    http://localhost/hospital/?route=auth&action=login
    ""
  Headers:
  date: Wed, 06 May 2026 16:12:53 GMT
  server: Apache/2.4.65 (Win64) PHP/8.3.28 mod_fcgid/2.3.10-dev
  x-powered-by: PHP/8.3.28
  expires: Thu, 19 Nov 1981 08:52:00 GMT
  cache-control: no-store, no-cache, must-revalidate
  pragma: no-cache
  content-length: 1624
  keep-alive: timeout=5, max=97
  connection: Keep-Alive
  content-type: text/html; charset=UTF-8
  Body:
<!DOCTYPE html>
<html lang="es">
<head>
<meta charset="UTF-8">
<meta name="viewport" content="width=device-width,initial-scale=1.0">
<title>Iniciar Sesión — PharmaCRM</title>
<link rel="stylesheet" href="/hospital/public/css/styles.css">
<link rel="stylesheet" href="https://cdnjs.cloudflare.com/ajax/libs/font-awesome/6.5.1/css/all.min.css">
</head>
<body>
<div class="login-wrapper">
<div class="login-card">
<div class="logo">
<div style="font-size:48px;margin-bottom:12px"><i class="fas fa-prescription-bottl
  User variables:
    target: http://localhost/hospital
    $environment: undefined
    $testId: tyrwb_hf3cergm9paphrkje9z4gkrz7e9jf_7x9j
    $dirname: tests
    $scenarioFile: C:\wamp64\www\hospital\mi-qa\tests\escenarios.yaml
    username: username
    password: password
    nombre_medicamento: acetaminofen
    cliente_id: 7
    $uuid: 871ce736-dfdc-4c0e-b2a0-4b42c02246e4
* GET /hospital/?route=home 

  ok statusCode 200 
* GET /hospital/?route=login 

  ok statusCode 200 
* POST /hospital/?route=auth&action=login 

  not ok statusCode 200 
  expected: 302
       got: 200
  Request params:
    http://localhost/hospital/?route=auth&action=login
    ""
  Headers:
  date: Wed, 06 May 2026 16:12:53 GMT
  server: Apache/2.4.65 (Win64) PHP/8.3.28 mod_fcgid/2.3.10-dev
  x-powered-by: PHP/8.3.28
  expires: Thu, 19 Nov 1981 08:52:00 GMT
  cache-control: no-store, no-cache, must-revalidate
  pragma: no-cache
  content-length: 1624
  keep-alive: timeout=5, max=97
  connection: Keep-Alive
  content-type: text/html; charset=UTF-8
  Body:
<!DOCTYPE html>
<html lang="es">
<head>
<meta charset="UTF-8">
<meta name="viewport" content="width=device-width,initial-scale=1.0">
<title>Iniciar Sesión — PharmaCRM</title>
<link rel="stylesheet" href="/hospital/public/css/styles.css">
<link rel="stylesheet" href="https://cdnjs.cloudflare.com/ajax/libs/font-awesome/6.5.1/css/all.min.css">
</head>
<body>
<div class="login-wrapper">
<div class="login-card">
<div class="logo">
<div style="font-size:48px;margin-bottom:12px"><i class="fas fa-prescription-bottl
  User variables:
    target: http://localhost/hospital
    $environment: undefined
    $testId: tyrwb_hf3cergm9paphrkje9z4gkrz7e9jf_7x9j
    $dirname: tests
    $scenarioFile: C:\wamp64\www\hospital\mi-qa\tests\escenarios.yaml
    username: tester
    password: tester123
    nombre_medicamento: amoxicilina
    cliente_id: 9
    $uuid: 8b4f7467-7c04-4305-a91a-fa11984d2710
* GET /hospital/?route=home 

  ok statusCode 200 
* GET /hospital/?route=home 

  ok statusCode 200 
* GET /hospital/?route=login 

  ok statusCode 200 
* POST /hospital/?route=auth&action=login 

  not ok statusCode 200 
  expected: 302
       got: 200
  Request params:
    http://localhost/hospital/?route=auth&action=login
    ""
  Headers:
  date: Wed, 06 May 2026 16:12:53 GMT
  server: Apache/2.4.65 (Win64) PHP/8.3.28 mod_fcgid/2.3.10-dev
  x-powered-by: PHP/8.3.28
  expires: Thu, 19 Nov 1981 08:52:00 GMT
  cache-control: no-store, no-cache, must-revalidate
  pragma: no-cache
  content-length: 1624
  keep-alive: timeout=5, max=97
  connection: Keep-Alive
  content-type: text/html; charset=UTF-8
  Body:
<!DOCTYPE html>
<html lang="es">
<head>
<meta charset="UTF-8">
<meta name="viewport" content="width=device-width,initial-scale=1.0">
<title>Iniciar Sesión — PharmaCRM</title>
<link rel="stylesheet" href="/hospital/public/css/styles.css">
<link rel="stylesheet" href="https://cdnjs.cloudflare.com/ajax/libs/font-awesome/6.5.1/css/all.min.css">
</head>
<body>
<div class="login-wrapper">
<div class="login-card">
<div class="logo">
<div style="font-size:48px;margin-bottom:12px"><i class="fas fa-prescription-bottl
  User variables:
    target: http://localhost/hospital
    $environment: undefined
    $testId: tyrwb_hf3cergm9paphrkje9z4gkrz7e9jf_7x9j
    $dirname: tests
    $scenarioFile: C:\wamp64\www\hospital\mi-qa\tests\escenarios.yaml
    username: supervisor1
    password: supervisor123
    nombre_medicamento: amoxicilina
    cliente_id: 9
    $uuid: 2af66498-8f93-4c33-95ec-759e62e57ba0
* GET /hospital/?route=login 

  ok statusCode 200 
* POST /hospital/?route=auth&action=login 

  not ok statusCode 200 
  expected: 302
       got: 200
  Request params:
    http://localhost/hospital/?route=auth&action=login
    ""
  Headers:
  date: Wed, 06 May 2026 16:12:53 GMT
  server: Apache/2.4.65 (Win64) PHP/8.3.28 mod_fcgid/2.3.10-dev
  x-powered-by: PHP/8.3.28
  expires: Thu, 19 Nov 1981 08:52:00 GMT
  cache-control: no-store, no-cache, must-revalidate
  pragma: no-cache
  content-length: 1624
  keep-alive: timeout=5, max=97
  connection: Keep-Alive
  content-type: text/html; charset=UTF-8
  Body:
<!DOCTYPE html>
<html lang="es">
<head>
<meta charset="UTF-8">
<meta name="viewport" content="width=device-width,initial-scale=1.0">
<title>Iniciar Sesión — PharmaCRM</title>
<link rel="stylesheet" href="/hospital/public/css/styles.css">
<link rel="stylesheet" href="https://cdnjs.cloudflare.com/ajax/libs/font-awesome/6.5.1/css/all.min.css">
</head>
<body>
<div class="login-wrapper">
<div class="login-card">
<div class="logo">
<div style="font-size:48px;margin-bottom:12px"><i class="fas fa-prescription-bottl
  User variables:
    target: http://localhost/hospital
    $environment: undefined
    $testId: tyrwb_hf3cergm9paphrkje9z4gkrz7e9jf_7x9j
    $dirname: tests
    $scenarioFile: C:\wamp64\www\hospital\mi-qa\tests\escenarios.yaml
    username: username
    password: password
    nombre_medicamento: acetaminofen
    cliente_id: 7
    $uuid: 8557cf2f-0040-484b-827a-26cb66928304
* GET /hospital/?route=home 

  ok statusCode 200 
* GET /hospital/?route=login 

  ok statusCode 200 
* GET /hospital/?route=home 

  ok statusCode 200 
* POST /hospital/?route=auth&action=login 

  not ok statusCode 200 
  expected: 302
       got: 200
  Request params:
    http://localhost/hospital/?route=auth&action=login
    ""
  Headers:
  date: Wed, 06 May 2026 16:12:53 GMT
  server: Apache/2.4.65 (Win64) PHP/8.3.28 mod_fcgid/2.3.10-dev
  x-powered-by: PHP/8.3.28
  expires: Thu, 19 Nov 1981 08:52:00 GMT
  cache-control: no-store, no-cache, must-revalidate
  pragma: no-cache
  content-length: 1624
  keep-alive: timeout=5, max=97
  connection: Keep-Alive
  content-type: text/html; charset=UTF-8
  Body:
<!DOCTYPE html>
<html lang="es">
<head>
<meta charset="UTF-8">
<meta name="viewport" content="width=device-width,initial-scale=1.0">
<title>Iniciar Sesión — PharmaCRM</title>
<link rel="stylesheet" href="/hospital/public/css/styles.css">
<link rel="stylesheet" href="https://cdnjs.cloudflare.com/ajax/libs/font-awesome/6.5.1/css/all.min.css">
</head>
<body>
<div class="login-wrapper">
<div class="login-card">
<div class="logo">
<div style="font-size:48px;margin-bottom:12px"><i class="fas fa-prescription-bottl
  User variables:
    target: http://localhost/hospital
    $environment: undefined
    $testId: tyrwb_hf3cergm9paphrkje9z4gkrz7e9jf_7x9j
    $dirname: tests
    $scenarioFile: C:\wamp64\www\hospital\mi-qa\tests\escenarios.yaml
    username: admin
    password: admin
    nombre_medicamento: dexametasona
    cliente_id: 6
    $uuid: 298a0908-7710-4afb-82ef-c96da7bf192f
* GET /hospital/?route=login 

  ok statusCode 200 
* POST /hospital/?route=auth&action=login 

  not ok statusCode 200 
  expected: 302
       got: 200
  Request params:
    http://localhost/hospital/?route=auth&action=login
    ""
  Headers:
  date: Wed, 06 May 2026 16:12:53 GMT
  server: Apache/2.4.65 (Win64) PHP/8.3.28 mod_fcgid/2.3.10-dev
  x-powered-by: PHP/8.3.28
  expires: Thu, 19 Nov 1981 08:52:00 GMT
  cache-control: no-store, no-cache, must-revalidate
  pragma: no-cache
  content-length: 1624
  keep-alive: timeout=5, max=97
  connection: Keep-Alive
  content-type: text/html; charset=UTF-8
  Body:
<!DOCTYPE html>
<html lang="es">
<head>
<meta charset="UTF-8">
<meta name="viewport" content="width=device-width,initial-scale=1.0">
<title>Iniciar Sesión — PharmaCRM</title>
<link rel="stylesheet" href="/hospital/public/css/styles.css">
<link rel="stylesheet" href="https://cdnjs.cloudflare.com/ajax/libs/font-awesome/6.5.1/css/all.min.css">
</head>
<body>
<div class="login-wrapper">
<div class="login-card">
<div class="logo">
<div style="font-size:48px;margin-bottom:12px"><i class="fas fa-prescription-bottl
  User variables:
    target: http://localhost/hospital
    $environment: undefined
    $testId: tyrwb_hf3cergm9paphrkje9z4gkrz7e9jf_7x9j
    $dirname: tests
    $scenarioFile: C:\wamp64\www\hospital\mi-qa\tests\escenarios.yaml
    username: vendedor1
    password: vendedor123
    nombre_medicamento: dexametasona
    cliente_id: 4
    $uuid: ec3ac1ee-aa2b-432f-a330-94579f6669fe
* GET /hospital/?route=home 

  ok statusCode 200 
* GET /hospital/?route=login 

  ok statusCode 200 
* POST /hospital/?route=auth&action=login 

  not ok statusCode 200 
  expected: 302
       got: 200
  Request params:
    http://localhost/hospital/?route=auth&action=login
    ""
  Headers:
  date: Wed, 06 May 2026 16:12:54 GMT
  server: Apache/2.4.65 (Win64) PHP/8.3.28 mod_fcgid/2.3.10-dev
  x-powered-by: PHP/8.3.28
  expires: Thu, 19 Nov 1981 08:52:00 GMT
  cache-control: no-store, no-cache, must-revalidate
  pragma: no-cache
  content-length: 1624
  keep-alive: timeout=5, max=97
  connection: Keep-Alive
  content-type: text/html; charset=UTF-8
  Body:
<!DOCTYPE html>
<html lang="es">
<head>
<meta charset="UTF-8">
<meta name="viewport" content="width=device-width,initial-scale=1.0">
<title>Iniciar Sesión — PharmaCRM</title>
<link rel="stylesheet" href="/hospital/public/css/styles.css">
<link rel="stylesheet" href="https://cdnjs.cloudflare.com/ajax/libs/font-awesome/6.5.1/css/all.min.css">
</head>
<body>
<div class="login-wrapper">
<div class="login-card">
<div class="logo">
<div style="font-size:48px;margin-bottom:12px"><i class="fas fa-prescription-bottl
  User variables:
    target: http://localhost/hospital
    $environment: undefined
    $testId: tyrwb_hf3cergm9paphrkje9z4gkrz7e9jf_7x9j
    $dirname: tests
    $scenarioFile: C:\wamp64\www\hospital\mi-qa\tests\escenarios.yaml
    username: tester
    password: tester123
    nombre_medicamento: ibuprofeno
    cliente_id: 1
    $uuid: 0ba431b5-596d-4b0f-af6d-db0f657c06eb
* GET /hospital/?route=home 

  ok statusCode 200 
* POST /hospital/?route=auth&action=login 

  not ok statusCode 200 
  expected: 302
       got: 200
  Request params:
    http://localhost/hospital/?route=auth&action=login
    ""
  Headers:
  date: Wed, 06 May 2026 16:12:54 GMT
  server: Apache/2.4.65 (Win64) PHP/8.3.28 mod_fcgid/2.3.10-dev
  x-powered-by: PHP/8.3.28
  expires: Thu, 19 Nov 1981 08:52:00 GMT
  cache-control: no-store, no-cache, must-revalidate
  pragma: no-cache
  content-length: 1624
  keep-alive: timeout=5, max=97
  connection: Keep-Alive
  content-type: text/html; charset=UTF-8
  Body:
<!DOCTYPE html>
<html lang="es">
<head>
<meta charset="UTF-8">
<meta name="viewport" content="width=device-width,initial-scale=1.0">
<title>Iniciar Sesión — PharmaCRM</title>
<link rel="stylesheet" href="/hospital/public/css/styles.css">
<link rel="stylesheet" href="https://cdnjs.cloudflare.com/ajax/libs/font-awesome/6.5.1/css/all.min.css">
</head>
<body>
<div class="login-wrapper">
<div class="login-card">
<div class="logo">
<div style="font-size:48px;margin-bottom:12px"><i class="fas fa-prescription-bottl
  User variables:
    target: http://localhost/hospital
    $environment: undefined
    $testId: tyrwb_hf3cergm9paphrkje9z4gkrz7e9jf_7x9j
    $dirname: tests
    $scenarioFile: C:\wamp64\www\hospital\mi-qa\tests\escenarios.yaml
    username: admin
    password: admin
    nombre_medicamento: ibuprofeno
    cliente_id: 10
    $uuid: 9daf75a5-d2c5-47ee-bbab-0cca7b9a27d7
* GET /hospital/?route=login 

  ok statusCode 200 
* GET /hospital/?route=login 

  ok statusCode 200 
* GET /hospital/?route=home 

  ok statusCode 200 
* POST /hospital/?route=auth&action=login 

  not ok statusCode 200 
  expected: 302
       got: 200
  Request params:
    http://localhost/hospital/?route=auth&action=login
    ""
  Headers:
  date: Wed, 06 May 2026 16:12:54 GMT
  server: Apache/2.4.65 (Win64) PHP/8.3.28 mod_fcgid/2.3.10-dev
  x-powered-by: PHP/8.3.28
  expires: Thu, 19 Nov 1981 08:52:00 GMT
  cache-control: no-store, no-cache, must-revalidate
  pragma: no-cache
  content-length: 1624
  keep-alive: timeout=5, max=97
  connection: Keep-Alive
  content-type: text/html; charset=UTF-8
  Body:
<!DOCTYPE html>
<html lang="es">
<head>
<meta charset="UTF-8">
<meta name="viewport" content="width=device-width,initial-scale=1.0">
<title>Iniciar Sesión — PharmaCRM</title>
<link rel="stylesheet" href="/hospital/public/css/styles.css">
<link rel="stylesheet" href="https://cdnjs.cloudflare.com/ajax/libs/font-awesome/6.5.1/css/all.min.css">
</head>
<body>
<div class="login-wrapper">
<div class="login-card">
<div class="logo">
<div style="font-size:48px;margin-bottom:12px"><i class="fas fa-prescription-bottl
  User variables:
    target: http://localhost/hospital
    $environment: undefined
    $testId: tyrwb_hf3cergm9paphrkje9z4gkrz7e9jf_7x9j
    $dirname: tests
    $scenarioFile: C:\wamp64\www\hospital\mi-qa\tests\escenarios.yaml
    username: supervisor1
    password: supervisor123
    nombre_medicamento: acetaminofen
    cliente_id: 5
    $uuid: 3d19c284-8b15-42fe-a2d3-52b5544029ee
* POST /hospital/?route=auth&action=login 

  not ok statusCode 200 
  expected: 302
       got: 200
  Request params:
    http://localhost/hospital/?route=auth&action=login
    ""
  Headers:
  date: Wed, 06 May 2026 16:12:54 GMT
  server: Apache/2.4.65 (Win64) PHP/8.3.28 mod_fcgid/2.3.10-dev
  x-powered-by: PHP/8.3.28
  expires: Thu, 19 Nov 1981 08:52:00 GMT
  cache-control: no-store, no-cache, must-revalidate
  pragma: no-cache
  content-length: 1624
  keep-alive: timeout=5, max=97
  connection: Keep-Alive
  content-type: text/html; charset=UTF-8
  Body:
<!DOCTYPE html>
<html lang="es">
<head>
<meta charset="UTF-8">
<meta name="viewport" content="width=device-width,initial-scale=1.0">
<title>Iniciar Sesión — PharmaCRM</title>
<link rel="stylesheet" href="/hospital/public/css/styles.css">
<link rel="stylesheet" href="https://cdnjs.cloudflare.com/ajax/libs/font-awesome/6.5.1/css/all.min.css">
</head>
<body>
<div class="login-wrapper">
<div class="login-card">
<div class="logo">
<div style="font-size:48px;margin-bottom:12px"><i class="fas fa-prescription-bottl
  User variables:
    target: http://localhost/hospital
    $environment: undefined
    $testId: tyrwb_hf3cergm9paphrkje9z4gkrz7e9jf_7x9j
    $dirname: tests
    $scenarioFile: C:\wamp64\www\hospital\mi-qa\tests\escenarios.yaml
    username: username
    password: password
    nombre_medicamento: metformina
    cliente_id: 8
    $uuid: 4220d155-7a6e-480f-b0b7-672ebba388b6
* GET /hospital/?route=login 

  ok statusCode 200 
* GET /hospital/?route=home 

  ok statusCode 200 
* GET /hospital/?route=home 

  ok statusCode 200 
* POST /hospital/?route=auth&action=login 

  not ok statusCode 200 
  expected: 302
       got: 200
  Request params:
    http://localhost/hospital/?route=auth&action=login
    ""
  Headers:
  date: Wed, 06 May 2026 16:12:54 GMT
  server: Apache/2.4.65 (Win64) PHP/8.3.28 mod_fcgid/2.3.10-dev
  x-powered-by: PHP/8.3.28
  expires: Thu, 19 Nov 1981 08:52:00 GMT
  cache-control: no-store, no-cache, must-revalidate
  pragma: no-cache
  content-length: 1624
  keep-alive: timeout=5, max=97
  connection: Keep-Alive
  content-type: text/html; charset=UTF-8
  Body:
<!DOCTYPE html>
<html lang="es">
<head>
<meta charset="UTF-8">
<meta name="viewport" content="width=device-width,initial-scale=1.0">
<title>Iniciar Sesión — PharmaCRM</title>
<link rel="stylesheet" href="/hospital/public/css/styles.css">
<link rel="stylesheet" href="https://cdnjs.cloudflare.com/ajax/libs/font-awesome/6.5.1/css/all.min.css">
</head>
<body>
<div class="login-wrapper">
<div class="login-card">
<div class="logo">
<div style="font-size:48px;margin-bottom:12px"><i class="fas fa-prescription-bottl
  User variables:
    target: http://localhost/hospital
    $environment: undefined
    $testId: tyrwb_hf3cergm9paphrkje9z4gkrz7e9jf_7x9j
    $dirname: tests
    $scenarioFile: C:\wamp64\www\hospital\mi-qa\tests\escenarios.yaml
    username: supervisor1
    password: supervisor123
    nombre_medicamento: nombre_medicamento
    cliente_id: 10
    $uuid: fe9bd55c-27c5-46e0-81b8-4375eda8af7d
* GET /hospital/?route=login 

  ok statusCode 200 
* GET /hospital/?route=home 

  ok statusCode 200 
* GET /hospital/?route=login 

  ok statusCode 200 
* POST /hospital/?route=auth&action=login 

  not ok statusCode 200 
  expected: 302
       got: 200
  Request params:
    http://localhost/hospital/?route=auth&action=login
    ""
  Headers:
  date: Wed, 06 May 2026 16:12:54 GMT
  server: Apache/2.4.65 (Win64) PHP/8.3.28 mod_fcgid/2.3.10-dev
  x-powered-by: PHP/8.3.28
  expires: Thu, 19 Nov 1981 08:52:00 GMT
  cache-control: no-store, no-cache, must-revalidate
  pragma: no-cache
  content-length: 1624
  keep-alive: timeout=5, max=97
  connection: Keep-Alive
  content-type: text/html; charset=UTF-8
  Body:
<!DOCTYPE html>
<html lang="es">
<head>
<meta charset="UTF-8">
<meta name="viewport" content="width=device-width,initial-scale=1.0">
<title>Iniciar Sesión — PharmaCRM</title>
<link rel="stylesheet" href="/hospital/public/css/styles.css">
<link rel="stylesheet" href="https://cdnjs.cloudflare.com/ajax/libs/font-awesome/6.5.1/css/all.min.css">
</head>
<body>
<div class="login-wrapper">
<div class="login-card">
<div class="logo">
<div style="font-size:48px;margin-bottom:12px"><i class="fas fa-prescription-bottl
  User variables:
    target: http://localhost/hospital
    $environment: undefined
    $testId: tyrwb_hf3cergm9paphrkje9z4gkrz7e9jf_7x9j
    $dirname: tests
    $scenarioFile: C:\wamp64\www\hospital\mi-qa\tests\escenarios.yaml
    username: supervisor1
    password: supervisor123
    nombre_medicamento: salbutamol
    cliente_id: 7
    $uuid: 6bdf3329-6d2e-481e-a25c-dbc730180690
* GET /hospital/?route=login 

  ok statusCode 200 
* POST /hospital/?route=auth&action=login 

  not ok statusCode 200 
  expected: 302
       got: 200
  Request params:
    http://localhost/hospital/?route=auth&action=login
    ""
  Headers:
  date: Wed, 06 May 2026 16:12:54 GMT
  server: Apache/2.4.65 (Win64) PHP/8.3.28 mod_fcgid/2.3.10-dev
  x-powered-by: PHP/8.3.28
  expires: Thu, 19 Nov 1981 08:52:00 GMT
  cache-control: no-store, no-cache, must-revalidate
  pragma: no-cache
  content-length: 1624
  keep-alive: timeout=5, max=97
  connection: Keep-Alive
  content-type: text/html; charset=UTF-8
  Body:
<!DOCTYPE html>
<html lang="es">
<head>
<meta charset="UTF-8">
<meta name="viewport" content="width=device-width,initial-scale=1.0">
<title>Iniciar Sesión — PharmaCRM</title>
<link rel="stylesheet" href="/hospital/public/css/styles.css">
<link rel="stylesheet" href="https://cdnjs.cloudflare.com/ajax/libs/font-awesome/6.5.1/css/all.min.css">
</head>
<body>
<div class="login-wrapper">
<div class="login-card">
<div class="logo">
<div style="font-size:48px;margin-bottom:12px"><i class="fas fa-prescription-bottl
  User variables:
    target: http://localhost/hospital
    $environment: undefined
    $testId: tyrwb_hf3cergm9paphrkje9z4gkrz7e9jf_7x9j
    $dirname: tests
    $scenarioFile: C:\wamp64\www\hospital\mi-qa\tests\escenarios.yaml
    username: supervisor1
    password: supervisor123
    nombre_medicamento: nombre_medicamento
    cliente_id: cliente_id
    $uuid: efd6fd1f-735a-4cdc-8d1a-d6cee69fbe68
* GET /hospital/?route=home 

  ok statusCode 200 
* GET /hospital/?route=home 

  ok statusCode 200 
* GET /hospital/?route=home 

  ok statusCode 200 
* GET /hospital/?route=login 

  ok statusCode 200 
* GET /hospital/?route=login 

  ok statusCode 200 
* GET /hospital/?route=home 

  ok statusCode 200 
* POST /hospital/?route=auth&action=login 

  not ok statusCode 200 
  expected: 302
       got: 200
  Request params:
    http://localhost/hospital/?route=auth&action=login
    ""
  Headers:
  date: Wed, 06 May 2026 16:12:54 GMT
  server: Apache/2.4.65 (Win64) PHP/8.3.28 mod_fcgid/2.3.10-dev
  x-powered-by: PHP/8.3.28
  expires: Thu, 19 Nov 1981 08:52:00 GMT
  cache-control: no-store, no-cache, must-revalidate
  pragma: no-cache
  content-length: 1624
  keep-alive: timeout=5, max=97
  connection: Keep-Alive
  content-type: text/html; charset=UTF-8
  Body:
<!DOCTYPE html>
<html lang="es">
<head>
<meta charset="UTF-8">
<meta name="viewport" content="width=device-width,initial-scale=1.0">
<title>Iniciar Sesión — PharmaCRM</title>
<link rel="stylesheet" href="/hospital/public/css/styles.css">
<link rel="stylesheet" href="https://cdnjs.cloudflare.com/ajax/libs/font-awesome/6.5.1/css/all.min.css">
</head>
<body>
<div class="login-wrapper">
<div class="login-card">
<div class="logo">
<div style="font-size:48px;margin-bottom:12px"><i class="fas fa-prescription-bottl
  User variables:
    target: http://localhost/hospital
    $environment: undefined
    $testId: tyrwb_hf3cergm9paphrkje9z4gkrz7e9jf_7x9j
    $dirname: tests
    $scenarioFile: C:\wamp64\www\hospital\mi-qa\tests\escenarios.yaml
    username: username
    password: password
    nombre_medicamento: nombre_medicamento
    cliente_id: 6
    $uuid: 6d20de2c-0e7b-4907-8a1f-379568bf7e6d
* POST /hospital/?route=auth&action=login 

  not ok statusCode 200 
  expected: 302
       got: 200
  Request params:
    http://localhost/hospital/?route=auth&action=login
    ""
  Headers:
  date: Wed, 06 May 2026 16:12:54 GMT
  server: Apache/2.4.65 (Win64) PHP/8.3.28 mod_fcgid/2.3.10-dev
  x-powered-by: PHP/8.3.28
  expires: Thu, 19 Nov 1981 08:52:00 GMT
  cache-control: no-store, no-cache, must-revalidate
  pragma: no-cache
  content-length: 1624
  keep-alive: timeout=5, max=97
  connection: Keep-Alive
  content-type: text/html; charset=UTF-8
  Body:
<!DOCTYPE html>
<html lang="es">
<head>
<meta charset="UTF-8">
<meta name="viewport" content="width=device-width,initial-scale=1.0">
<title>Iniciar Sesión — PharmaCRM</title>
<link rel="stylesheet" href="/hospital/public/css/styles.css">
<link rel="stylesheet" href="https://cdnjs.cloudflare.com/ajax/libs/font-awesome/6.5.1/css/all.min.css">
</head>
<body>
<div class="login-wrapper">
<div class="login-card">
<div class="logo">
<div style="font-size:48px;margin-bottom:12px"><i class="fas fa-prescription-bottl
  User variables:
    target: http://localhost/hospital
    $environment: undefined
    $testId: tyrwb_hf3cergm9paphrkje9z4gkrz7e9jf_7x9j
    $dirname: tests
    $scenarioFile: C:\wamp64\www\hospital\mi-qa\tests\escenarios.yaml
    username: vendedor1
    password: vendedor123
    nombre_medicamento: nombre_medicamento
    cliente_id: 1
    $uuid: b32d5dd0-9e50-4de3-80d9-d2d4e53f5a5a
* GET /hospital/?route=home 

  ok statusCode 200 
* GET /hospital/?route=login 

  ok statusCode 200 
* GET /hospital/?route=home 

* POST /hospital/?route=auth&action=login 

  ok statusCode 200 
* GET /hospital/?route=login 

  ok statusCode 200 
  not ok statusCode 200 
  expected: 302
       got: 200
  Request params:
    http://localhost/hospital/?route=auth&action=login
    ""
  Headers:
  date: Wed, 06 May 2026 16:12:54 GMT
  server: Apache/2.4.65 (Win64) PHP/8.3.28 mod_fcgid/2.3.10-dev
  x-powered-by: PHP/8.3.28
  expires: Thu, 19 Nov 1981 08:52:00 GMT
  cache-control: no-store, no-cache, must-revalidate
  pragma: no-cache
  content-length: 1624
  keep-alive: timeout=5, max=97
  connection: Keep-Alive
  content-type: text/html; charset=UTF-8
  Body:
<!DOCTYPE html>
<html lang="es">
<head>
<meta charset="UTF-8">
<meta name="viewport" content="width=device-width,initial-scale=1.0">
<title>Iniciar Sesión — PharmaCRM</title>
<link rel="stylesheet" href="/hospital/public/css/styles.css">
<link rel="stylesheet" href="https://cdnjs.cloudflare.com/ajax/libs/font-awesome/6.5.1/css/all.min.css">
</head>
<body>
<div class="login-wrapper">
<div class="login-card">
<div class="logo">
<div style="font-size:48px;margin-bottom:12px"><i class="fas fa-prescription-bottl
  User variables:
    target: http://localhost/hospital
    $environment: undefined
    $testId: tyrwb_hf3cergm9paphrkje9z4gkrz7e9jf_7x9j
    $dirname: tests
    $scenarioFile: C:\wamp64\www\hospital\mi-qa\tests\escenarios.yaml
    username: tester
    password: tester123
    nombre_medicamento: loratadina
    cliente_id: 5
    $uuid: a39413bb-7014-463c-8ec8-a2ef887be7b6
* POST /hospital/?route=auth&action=login 

  not ok statusCode 200 
  expected: 302
       got: 200
  Request params:
    http://localhost/hospital/?route=auth&action=login
    ""
  Headers:
  date: Wed, 06 May 2026 16:12:54 GMT
  server: Apache/2.4.65 (Win64) PHP/8.3.28 mod_fcgid/2.3.10-dev
  x-powered-by: PHP/8.3.28
  expires: Thu, 19 Nov 1981 08:52:00 GMT
  cache-control: no-store, no-cache, must-revalidate
  pragma: no-cache
  content-length: 1624
  keep-alive: timeout=5, max=97
  connection: Keep-Alive
  content-type: text/html; charset=UTF-8
  Body:
<!DOCTYPE html>
<html lang="es">
<head>
<meta charset="UTF-8">
<meta name="viewport" content="width=device-width,initial-scale=1.0">
<title>Iniciar Sesión — PharmaCRM</title>
<link rel="stylesheet" href="/hospital/public/css/styles.css">
<link rel="stylesheet" href="https://cdnjs.cloudflare.com/ajax/libs/font-awesome/6.5.1/css/all.min.css">
</head>
<body>
<div class="login-wrapper">
<div class="login-card">
<div class="logo">
<div style="font-size:48px;margin-bottom:12px"><i class="fas fa-prescription-bottl
  User variables:
    target: http://localhost/hospital
    $environment: undefined
    $testId: tyrwb_hf3cergm9paphrkje9z4gkrz7e9jf_7x9j
    $dirname: tests
    $scenarioFile: C:\wamp64\www\hospital\mi-qa\tests\escenarios.yaml
    username: username
    password: password
    nombre_medicamento: nombre_medicamento
    cliente_id: cliente_id
    $uuid: cb91a7c1-dddd-44f0-bfd1-5ffc8a0347d7
* GET /hospital/?route=login 

  ok statusCode 200 
* GET /hospital/?route=home 

  ok statusCode 200 
* POST /hospital/?route=auth&action=login 

  not ok statusCode 200 
  expected: 302
       got: 200
  Request params:
    http://localhost/hospital/?route=auth&action=login
    ""
  Headers:
  date: Wed, 06 May 2026 16:12:55 GMT
  server: Apache/2.4.65 (Win64) PHP/8.3.28 mod_fcgid/2.3.10-dev
  x-powered-by: PHP/8.3.28
  expires: Thu, 19 Nov 1981 08:52:00 GMT
  cache-control: no-store, no-cache, must-revalidate
  pragma: no-cache
  content-length: 1624
  keep-alive: timeout=5, max=97
  connection: Keep-Alive
  content-type: text/html; charset=UTF-8
  Body:
<!DOCTYPE html>
<html lang="es">
<head>
<meta charset="UTF-8">
<meta name="viewport" content="width=device-width,initial-scale=1.0">
<title>Iniciar Sesión — PharmaCRM</title>
<link rel="stylesheet" href="/hospital/public/css/styles.css">
<link rel="stylesheet" href="https://cdnjs.cloudflare.com/ajax/libs/font-awesome/6.5.1/css/all.min.css">
</head>
<body>
<div class="login-wrapper">
<div class="login-card">
<div class="logo">
<div style="font-size:48px;margin-bottom:12px"><i class="fas fa-prescription-bottl
  User variables:
    target: http://localhost/hospital
    $environment: undefined
    $testId: tyrwb_hf3cergm9paphrkje9z4gkrz7e9jf_7x9j
    $dirname: tests
    $scenarioFile: C:\wamp64\www\hospital\mi-qa\tests\escenarios.yaml
    username: tester
    password: tester123
    nombre_medicamento: salbutamol
    cliente_id: 7
    $uuid: 5342c454-9dac-44e3-afce-af644914e4e7
* GET /hospital/?route=login 

  ok statusCode 200 
* GET /hospital/?route=home 

  ok statusCode 200 
* GET /hospital/?route=home 

  ok statusCode 200 
* POST /hospital/?route=auth&action=login 

  not ok statusCode 200 
  expected: 302
       got: 200
  Request params:
    http://localhost/hospital/?route=auth&action=login
    ""
  Headers:
  date: Wed, 06 May 2026 16:12:55 GMT
  server: Apache/2.4.65 (Win64) PHP/8.3.28 mod_fcgid/2.3.10-dev
  x-powered-by: PHP/8.3.28
  expires: Thu, 19 Nov 1981 08:52:00 GMT
  cache-control: no-store, no-cache, must-revalidate
  pragma: no-cache
  content-length: 1624
  keep-alive: timeout=5, max=97
  connection: Keep-Alive
  content-type: text/html; charset=UTF-8
  Body:
<!DOCTYPE html>
<html lang="es">
<head>
<meta charset="UTF-8">
<meta name="viewport" content="width=device-width,initial-scale=1.0">
<title>Iniciar Sesión — PharmaCRM</title>
<link rel="stylesheet" href="/hospital/public/css/styles.css">
<link rel="stylesheet" href="https://cdnjs.cloudflare.com/ajax/libs/font-awesome/6.5.1/css/all.min.css">
</head>
<body>
<div class="login-wrapper">
<div class="login-card">
<div class="logo">
<div style="font-size:48px;margin-bottom:12px"><i class="fas fa-prescription-bottl
  User variables:
    target: http://localhost/hospital
    $environment: undefined
    $testId: tyrwb_hf3cergm9paphrkje9z4gkrz7e9jf_7x9j
    $dirname: tests
    $scenarioFile: C:\wamp64\www\hospital\mi-qa\tests\escenarios.yaml
    username: tester
    password: tester123
    nombre_medicamento: ibuprofeno
    cliente_id: 10
    $uuid: f6ab2603-e864-4a11-94d8-2d7e8b813d8b
* GET /hospital/?route=login 

* POST /hospital/?route=auth&action=login 

  ok statusCode 200 
  not ok statusCode 200 
  expected: 302
       got: 200
  Request params:
    http://localhost/hospital/?route=auth&action=login
    ""
  Headers:
  date: Wed, 06 May 2026 16:12:55 GMT
  server: Apache/2.4.65 (Win64) PHP/8.3.28 mod_fcgid/2.3.10-dev
  x-powered-by: PHP/8.3.28
  expires: Thu, 19 Nov 1981 08:52:00 GMT
  cache-control: no-store, no-cache, must-revalidate
  pragma: no-cache
  content-length: 1624
  keep-alive: timeout=5, max=97
  connection: Keep-Alive
  content-type: text/html; charset=UTF-8
  Body:
<!DOCTYPE html>
<html lang="es">
<head>
<meta charset="UTF-8">
<meta name="viewport" content="width=device-width,initial-scale=1.0">
<title>Iniciar Sesión — PharmaCRM</title>
<link rel="stylesheet" href="/hospital/public/css/styles.css">
<link rel="stylesheet" href="https://cdnjs.cloudflare.com/ajax/libs/font-awesome/6.5.1/css/all.min.css">
</head>
<body>
<div class="login-wrapper">
<div class="login-card">
<div class="logo">
<div style="font-size:48px;margin-bottom:12px"><i class="fas fa-prescription-bottl
  User variables:
    target: http://localhost/hospital
    $environment: undefined
    $testId: tyrwb_hf3cergm9paphrkje9z4gkrz7e9jf_7x9j
    $dirname: tests
    $scenarioFile: C:\wamp64\www\hospital\mi-qa\tests\escenarios.yaml
    username: supervisor1
    password: supervisor123
    nombre_medicamento: omeprazol
    cliente_id: 1
    $uuid: 7108c6b2-1be8-445c-8f6e-f54707f0664c
* GET /hospital/?route=login 

  ok statusCode 200 
* GET /hospital/?route=home 

  ok statusCode 200 
* POST /hospital/?route=auth&action=login 

  not ok statusCode 200 
  expected: 302
       got: 200
  Request params:
    http://localhost/hospital/?route=auth&action=login
    ""
  Headers:
  date: Wed, 06 May 2026 16:12:55 GMT
  server: Apache/2.4.65 (Win64) PHP/8.3.28 mod_fcgid/2.3.10-dev
  x-powered-by: PHP/8.3.28
  expires: Thu, 19 Nov 1981 08:52:00 GMT
  cache-control: no-store, no-cache, must-revalidate
  pragma: no-cache
  content-length: 1624
  keep-alive: timeout=5, max=97
  connection: Keep-Alive
  content-type: text/html; charset=UTF-8
  Body:
<!DOCTYPE html>
<html lang="es">
<head>
<meta charset="UTF-8">
<meta name="viewport" content="width=device-width,initial-scale=1.0">
<title>Iniciar Sesión — PharmaCRM</title>
<link rel="stylesheet" href="/hospital/public/css/styles.css">
<link rel="stylesheet" href="https://cdnjs.cloudflare.com/ajax/libs/font-awesome/6.5.1/css/all.min.css">
</head>
<body>
<div class="login-wrapper">
<div class="login-card">
<div class="logo">
<div style="font-size:48px;margin-bottom:12px"><i class="fas fa-prescription-bottl
  User variables:
    target: http://localhost/hospital
    $environment: undefined
    $testId: tyrwb_hf3cergm9paphrkje9z4gkrz7e9jf_7x9j
    $dirname: tests
    $scenarioFile: C:\wamp64\www\hospital\mi-qa\tests\escenarios.yaml
    username: tester
    password: tester123
    nombre_medicamento: metformina
    cliente_id: 1
    $uuid: 7567a3ae-c522-4614-b1c1-c9ac2540dae2
* GET /hospital/?route=home 

  ok statusCode 200 
* GET /hospital/?route=login 

  ok statusCode 200 
* POST /hospital/?route=auth&action=login 

  not ok statusCode 200 
  expected: 302
       got: 200
  Request params:
    http://localhost/hospital/?route=auth&action=login
    ""
  Headers:
  date: Wed, 06 May 2026 16:12:55 GMT
  server: Apache/2.4.65 (Win64) PHP/8.3.28 mod_fcgid/2.3.10-dev
  x-powered-by: PHP/8.3.28
  expires: Thu, 19 Nov 1981 08:52:00 GMT
  cache-control: no-store, no-cache, must-revalidate
  pragma: no-cache
  content-length: 1624
  keep-alive: timeout=5, max=97
  connection: Keep-Alive
  content-type: text/html; charset=UTF-8
  Body:
<!DOCTYPE html>
<html lang="es">
<head>
<meta charset="UTF-8">
<meta name="viewport" content="width=device-width,initial-scale=1.0">
<title>Iniciar Sesión — PharmaCRM</title>
<link rel="stylesheet" href="/hospital/public/css/styles.css">
<link rel="stylesheet" href="https://cdnjs.cloudflare.com/ajax/libs/font-awesome/6.5.1/css/all.min.css">
</head>
<body>
<div class="login-wrapper">
<div class="login-card">
<div class="logo">
<div style="font-size:48px;margin-bottom:12px"><i class="fas fa-prescription-bottl
  User variables:
    target: http://localhost/hospital
    $environment: undefined
    $testId: tyrwb_hf3cergm9paphrkje9z4gkrz7e9jf_7x9j
    $dirname: tests
    $scenarioFile: C:\wamp64\www\hospital\mi-qa\tests\escenarios.yaml
    username: supervisor1
    password: supervisor123
    nombre_medicamento: losartan
    cliente_id: 5
    $uuid: 4ebca3b5-ed1f-435d-af0b-43637671e09e
* GET /hospital/?route=login 

  ok statusCode 200 
* POST /hospital/?route=auth&action=login 

  not ok statusCode 200 
  expected: 302
       got: 200
  Request params:
    http://localhost/hospital/?route=auth&action=login
    ""
  Headers:
  date: Wed, 06 May 2026 16:12:55 GMT
  server: Apache/2.4.65 (Win64) PHP/8.3.28 mod_fcgid/2.3.10-dev
  x-powered-by: PHP/8.3.28
  expires: Thu, 19 Nov 1981 08:52:00 GMT
  cache-control: no-store, no-cache, must-revalidate
  pragma: no-cache
  content-length: 1624
  keep-alive: timeout=5, max=97
  connection: Keep-Alive
  content-type: text/html; charset=UTF-8
  Body:
<!DOCTYPE html>
<html lang="es">
<head>
<meta charset="UTF-8">
<meta name="viewport" content="width=device-width,initial-scale=1.0">
<title>Iniciar Sesión — PharmaCRM</title>
<link rel="stylesheet" href="/hospital/public/css/styles.css">
<link rel="stylesheet" href="https://cdnjs.cloudflare.com/ajax/libs/font-awesome/6.5.1/css/all.min.css">
</head>
<body>
<div class="login-wrapper">
<div class="login-card">
<div class="logo">
<div style="font-size:48px;margin-bottom:12px"><i class="fas fa-prescription-bottl
  User variables:
    target: http://localhost/hospital
    $environment: undefined
    $testId: tyrwb_hf3cergm9paphrkje9z4gkrz7e9jf_7x9j
    $dirname: tests
    $scenarioFile: C:\wamp64\www\hospital\mi-qa\tests\escenarios.yaml
    username: supervisor1
    password: supervisor123
    nombre_medicamento: metformina
    cliente_id: 9
    $uuid: 021080b6-f84d-4f65-825c-2afbf5544da5
* GET /hospital/?route=home 

  ok statusCode 200 
* POST /hospital/?route=auth&action=login 

  not ok statusCode 200 
  expected: 302
       got: 200
  Request params:
    http://localhost/hospital/?route=auth&action=login
    ""
  Headers:
  date: Wed, 06 May 2026 16:12:55 GMT
  server: Apache/2.4.65 (Win64) PHP/8.3.28 mod_fcgid/2.3.10-dev
  x-powered-by: PHP/8.3.28
  expires: Thu, 19 Nov 1981 08:52:00 GMT
  cache-control: no-store, no-cache, must-revalidate
  pragma: no-cache
  content-length: 1624
  keep-alive: timeout=5, max=97
  connection: Keep-Alive
  content-type: text/html; charset=UTF-8
  Body:
<!DOCTYPE html>
<html lang="es">
<head>
<meta charset="UTF-8">
<meta name="viewport" content="width=device-width,initial-scale=1.0">
<title>Iniciar Sesión — PharmaCRM</title>
<link rel="stylesheet" href="/hospital/public/css/styles.css">
<link rel="stylesheet" href="https://cdnjs.cloudflare.com/ajax/libs/font-awesome/6.5.1/css/all.min.css">
</head>
<body>
<div class="login-wrapper">
<div class="login-card">
<div class="logo">
<div style="font-size:48px;margin-bottom:12px"><i class="fas fa-prescription-bottl
  User variables:
    target: http://localhost/hospital
    $environment: undefined
    $testId: tyrwb_hf3cergm9paphrkje9z4gkrz7e9jf_7x9j
    $dirname: tests
    $scenarioFile: C:\wamp64\www\hospital\mi-qa\tests\escenarios.yaml
    username: admin
    password: admin
    nombre_medicamento: loratadina
    cliente_id: 6
    $uuid: 324ea311-a1b0-4d6d-8086-9a61315789bd
* GET /hospital/?route=login 

  ok statusCode 200 
* GET /hospital/?route=home 

  ok statusCode 200 
* GET /hospital/?route=home 

  ok statusCode 200 
* GET /hospital/?route=login 

  ok statusCode 200 
* GET /hospital/?route=login 

  ok statusCode 200 
* GET /hospital/?route=home 

  ok statusCode 200 
* GET /hospital/?route=login 

  ok statusCode 200 
* POST /hospital/?route=auth&action=login 

  not ok statusCode 200 
  expected: 302
       got: 200
  Request params:
    http://localhost/hospital/?route=auth&action=login
    ""
  Headers:
  date: Wed, 06 May 2026 16:12:55 GMT
  server: Apache/2.4.65 (Win64) PHP/8.3.28 mod_fcgid/2.3.10-dev
  x-powered-by: PHP/8.3.28
  expires: Thu, 19 Nov 1981 08:52:00 GMT
  cache-control: no-store, no-cache, must-revalidate
  pragma: no-cache
  content-length: 1624
  keep-alive: timeout=5, max=97
  connection: Keep-Alive
  content-type: text/html; charset=UTF-8
  Body:
<!DOCTYPE html>
<html lang="es">
<head>
<meta charset="UTF-8">
<meta name="viewport" content="width=device-width,initial-scale=1.0">
<title>Iniciar Sesión — PharmaCRM</title>
<link rel="stylesheet" href="/hospital/public/css/styles.css">
<link rel="stylesheet" href="https://cdnjs.cloudflare.com/ajax/libs/font-awesome/6.5.1/css/all.min.css">
</head>
<body>
<div class="login-wrapper">
<div class="login-card">
<div class="logo">
<div style="font-size:48px;margin-bottom:12px"><i class="fas fa-prescription-bottl
  User variables:
    target: http://localhost/hospital
    $environment: undefined
    $testId: tyrwb_hf3cergm9paphrkje9z4gkrz7e9jf_7x9j
    $dirname: tests
    $scenarioFile: C:\wamp64\www\hospital\mi-qa\tests\escenarios.yaml
    username: vendedor1
    password: vendedor123
    nombre_medicamento: acetaminofen
    cliente_id: cliente_id
    $uuid: f479efad-670a-49fb-88c8-21f1c2035908
* GET /hospital/?route=home 

  ok statusCode 200 
* POST /hospital/?route=auth&action=login 

  not ok statusCode 200 
  expected: 302
       got: 200
  Request params:
    http://localhost/hospital/?route=auth&action=login
    ""
  Headers:
  date: Wed, 06 May 2026 16:12:55 GMT
  server: Apache/2.4.65 (Win64) PHP/8.3.28 mod_fcgid/2.3.10-dev
  x-powered-by: PHP/8.3.28
  expires: Thu, 19 Nov 1981 08:52:00 GMT
  cache-control: no-store, no-cache, must-revalidate
  pragma: no-cache
  content-length: 1624
  keep-alive: timeout=5, max=97
  connection: Keep-Alive
  content-type: text/html; charset=UTF-8
  Body:
<!DOCTYPE html>
<html lang="es">
<head>
<meta charset="UTF-8">
<meta name="viewport" content="width=device-width,initial-scale=1.0">
<title>Iniciar Sesión — PharmaCRM</title>
<link rel="stylesheet" href="/hospital/public/css/styles.css">
<link rel="stylesheet" href="https://cdnjs.cloudflare.com/ajax/libs/font-awesome/6.5.1/css/all.min.css">
</head>
<body>
<div class="login-wrapper">
<div class="login-card">
<div class="logo">
<div style="font-size:48px;margin-bottom:12px"><i class="fas fa-prescription-bottl
  User variables:
    target: http://localhost/hospital
    $environment: undefined
    $testId: tyrwb_hf3cergm9paphrkje9z4gkrz7e9jf_7x9j
    $dirname: tests
    $scenarioFile: C:\wamp64\www\hospital\mi-qa\tests\escenarios.yaml
    username: username
    password: password
    nombre_medicamento: omeprazol
    cliente_id: 3
    $uuid: c8d3cd58-190e-4eb2-9c89-f9fa55591ab6
* GET /hospital/?route=login 

  ok statusCode 200 
* POST /hospital/?route=auth&action=login 

  not ok statusCode 200 
  expected: 302
       got: 200
  Request params:
    http://localhost/hospital/?route=auth&action=login
    ""
  Headers:
  date: Wed, 06 May 2026 16:12:55 GMT
  server: Apache/2.4.65 (Win64) PHP/8.3.28 mod_fcgid/2.3.10-dev
  x-powered-by: PHP/8.3.28
  expires: Thu, 19 Nov 1981 08:52:00 GMT
  cache-control: no-store, no-cache, must-revalidate
  pragma: no-cache
  content-length: 1624
  keep-alive: timeout=5, max=97
  connection: Keep-Alive
  content-type: text/html; charset=UTF-8
  Body:
<!DOCTYPE html>
<html lang="es">
<head>
<meta charset="UTF-8">
<meta name="viewport" content="width=device-width,initial-scale=1.0">
<title>Iniciar Sesión — PharmaCRM</title>
<link rel="stylesheet" href="/hospital/public/css/styles.css">
<link rel="stylesheet" href="https://cdnjs.cloudflare.com/ajax/libs/font-awesome/6.5.1/css/all.min.css">
</head>
<body>
<div class="login-wrapper">
<div class="login-card">
<div class="logo">
<div style="font-size:48px;margin-bottom:12px"><i class="fas fa-prescription-bottl
  User variables:
    target: http://localhost/hospital
    $environment: undefined
    $testId: tyrwb_hf3cergm9paphrkje9z4gkrz7e9jf_7x9j
    $dirname: tests
    $scenarioFile: C:\wamp64\www\hospital\mi-qa\tests\escenarios.yaml
    username: tester
    password: tester123
    nombre_medicamento: acetaminofen
    cliente_id: 4
    $uuid: ff4fe365-9b51-452c-b433-f1a23a29ce3d
* GET /hospital/?route=login 

* GET /hospital/?route=home 

  ok statusCode 200 
  ok statusCode 200 
* GET /hospital/?route=home 

  ok statusCode 200 
* POST /hospital/?route=auth&action=login 

  not ok statusCode 200 
  expected: 302
       got: 200
  Request params:
    http://localhost/hospital/?route=auth&action=login
    ""
  Headers:
  date: Wed, 06 May 2026 16:12:55 GMT
  server: Apache/2.4.65 (Win64) PHP/8.3.28 mod_fcgid/2.3.10-dev
  x-powered-by: PHP/8.3.28
  expires: Thu, 19 Nov 1981 08:52:00 GMT
  cache-control: no-store, no-cache, must-revalidate
  pragma: no-cache
  content-length: 1624
  keep-alive: timeout=5, max=97
  connection: Keep-Alive
  content-type: text/html; charset=UTF-8
  Body:
<!DOCTYPE html>
<html lang="es">
<head>
<meta charset="UTF-8">
<meta name="viewport" content="width=device-width,initial-scale=1.0">
<title>Iniciar Sesión — PharmaCRM</title>
<link rel="stylesheet" href="/hospital/public/css/styles.css">
<link rel="stylesheet" href="https://cdnjs.cloudflare.com/ajax/libs/font-awesome/6.5.1/css/all.min.css">
</head>
<body>
<div class="login-wrapper">
<div class="login-card">
<div class="logo">
<div style="font-size:48px;margin-bottom:12px"><i class="fas fa-prescription-bottl
  User variables:
    target: http://localhost/hospital
    $environment: undefined
    $testId: tyrwb_hf3cergm9paphrkje9z4gkrz7e9jf_7x9j
    $dirname: tests
    $scenarioFile: C:\wamp64\www\hospital\mi-qa\tests\escenarios.yaml
    username: admin
    password: admin
    nombre_medicamento: omeprazol
    cliente_id: 1
    $uuid: 48159e47-4551-4bc4-8f6d-b89dadc14ea2
* GET /hospital/?route=home 

  ok statusCode 200 
* GET /hospital/?route=login 

  ok statusCode 200 
* POST /hospital/?route=auth&action=login 

  not ok statusCode 200 
  expected: 302
       got: 200
  Request params:
    http://localhost/hospital/?route=auth&action=login
    ""
  Headers:
  date: Wed, 06 May 2026 16:12:56 GMT
  server: Apache/2.4.65 (Win64) PHP/8.3.28 mod_fcgid/2.3.10-dev
  x-powered-by: PHP/8.3.28
  expires: Thu, 19 Nov 1981 08:52:00 GMT
  cache-control: no-store, no-cache, must-revalidate
  pragma: no-cache
  content-length: 1624
  keep-alive: timeout=5, max=97
  connection: Keep-Alive
  content-type: text/html; charset=UTF-8
  Body:
<!DOCTYPE html>
<html lang="es">
<head>
<meta charset="UTF-8">
<meta name="viewport" content="width=device-width,initial-scale=1.0">
<title>Iniciar Sesión — PharmaCRM</title>
<link rel="stylesheet" href="/hospital/public/css/styles.css">
<link rel="stylesheet" href="https://cdnjs.cloudflare.com/ajax/libs/font-awesome/6.5.1/css/all.min.css">
</head>
<body>
<div class="login-wrapper">
<div class="login-card">
<div class="logo">
<div style="font-size:48px;margin-bottom:12px"><i class="fas fa-prescription-bottl
  User variables:
    target: http://localhost/hospital
    $environment: undefined
    $testId: tyrwb_hf3cergm9paphrkje9z4gkrz7e9jf_7x9j
    $dirname: tests
    $scenarioFile: C:\wamp64\www\hospital\mi-qa\tests\escenarios.yaml
    username: vendedor1
    password: vendedor123
    nombre_medicamento: salbutamol
    cliente_id: 2
    $uuid: 8b23f710-8b7c-47c3-8bbe-8485fd0b4e6f
* GET /hospital/?route=home 

  ok statusCode 200 
* GET /hospital/?route=login 

  ok statusCode 200 
* POST /hospital/?route=auth&action=login 

  not ok statusCode 200 
  expected: 302
       got: 200
  Request params:
    http://localhost/hospital/?route=auth&action=login
    ""
  Headers:
  date: Wed, 06 May 2026 16:12:56 GMT
  server: Apache/2.4.65 (Win64) PHP/8.3.28 mod_fcgid/2.3.10-dev
  x-powered-by: PHP/8.3.28
  expires: Thu, 19 Nov 1981 08:52:00 GMT
  cache-control: no-store, no-cache, must-revalidate
  pragma: no-cache
  content-length: 1624
  keep-alive: timeout=5, max=97
  connection: Keep-Alive
  content-type: text/html; charset=UTF-8
  Body:
<!DOCTYPE html>
<html lang="es">
<head>
<meta charset="UTF-8">
<meta name="viewport" content="width=device-width,initial-scale=1.0">
<title>Iniciar Sesión — PharmaCRM</title>
<link rel="stylesheet" href="/hospital/public/css/styles.css">
<link rel="stylesheet" href="https://cdnjs.cloudflare.com/ajax/libs/font-awesome/6.5.1/css/all.min.css">
</head>
<body>
<div class="login-wrapper">
<div class="login-card">
<div class="logo">
<div style="font-size:48px;margin-bottom:12px"><i class="fas fa-prescription-bottl
  User variables:
    target: http://localhost/hospital
    $environment: undefined
    $testId: tyrwb_hf3cergm9paphrkje9z4gkrz7e9jf_7x9j
    $dirname: tests
    $scenarioFile: C:\wamp64\www\hospital\mi-qa\tests\escenarios.yaml
    username: admin
    password: admin
    nombre_medicamento: acetaminofen
    cliente_id: cliente_id
    $uuid: 14defb5d-4f7b-4153-8261-e0094f953003
* GET /hospital/?route=login 

  ok statusCode 200 
* GET /hospital/?route=home 

  ok statusCode 200 
* POST /hospital/?route=auth&action=login 

  not ok statusCode 200 
  expected: 302
       got: 200
  Request params:
    http://localhost/hospital/?route=auth&action=login
    ""
  Headers:
  date: Wed, 06 May 2026 16:12:56 GMT
  server: Apache/2.4.65 (Win64) PHP/8.3.28 mod_fcgid/2.3.10-dev
  x-powered-by: PHP/8.3.28
  expires: Thu, 19 Nov 1981 08:52:00 GMT
  cache-control: no-store, no-cache, must-revalidate
  pragma: no-cache
  content-length: 1624
  keep-alive: timeout=5, max=97
  connection: Keep-Alive
  content-type: text/html; charset=UTF-8
  Body:
<!DOCTYPE html>
<html lang="es">
<head>
<meta charset="UTF-8">
<meta name="viewport" content="width=device-width,initial-scale=1.0">
<title>Iniciar Sesión — PharmaCRM</title>
<link rel="stylesheet" href="/hospital/public/css/styles.css">
<link rel="stylesheet" href="https://cdnjs.cloudflare.com/ajax/libs/font-awesome/6.5.1/css/all.min.css">
</head>
<body>
<div class="login-wrapper">
<div class="login-card">
<div class="logo">
<div style="font-size:48px;margin-bottom:12px"><i class="fas fa-prescription-bottl
  User variables:
    target: http://localhost/hospital
    $environment: undefined
    $testId: tyrwb_hf3cergm9paphrkje9z4gkrz7e9jf_7x9j
    $dirname: tests
    $scenarioFile: C:\wamp64\www\hospital\mi-qa\tests\escenarios.yaml
    username: supervisor1
    password: supervisor123
    nombre_medicamento: dexametasona
    cliente_id: 2
    $uuid: 93d78f94-1fba-4e08-b410-2ffb2834e36f
* GET /hospital/?route=home 

  ok statusCode 200 
* POST /hospital/?route=auth&action=login 

  not ok statusCode 200 
  expected: 302
       got: 200
  Request params:
    http://localhost/hospital/?route=auth&action=login
    ""
  Headers:
  date: Wed, 06 May 2026 16:12:56 GMT
  server: Apache/2.4.65 (Win64) PHP/8.3.28 mod_fcgid/2.3.10-dev
  x-powered-by: PHP/8.3.28
  expires: Thu, 19 Nov 1981 08:52:00 GMT
  cache-control: no-store, no-cache, must-revalidate
  pragma: no-cache
  content-length: 1624
  keep-alive: timeout=5, max=97
  connection: Keep-Alive
  content-type: text/html; charset=UTF-8
  Body:
<!DOCTYPE html>
<html lang="es">
<head>
<meta charset="UTF-8">
<meta name="viewport" content="width=device-width,initial-scale=1.0">
<title>Iniciar Sesión — PharmaCRM</title>
<link rel="stylesheet" href="/hospital/public/css/styles.css">
<link rel="stylesheet" href="https://cdnjs.cloudflare.com/ajax/libs/font-awesome/6.5.1/css/all.min.css">
</head>
<body>
<div class="login-wrapper">
<div class="login-card">
<div class="logo">
<div style="font-size:48px;margin-bottom:12px"><i class="fas fa-prescription-bottl
  User variables:
    target: http://localhost/hospital
    $environment: undefined
    $testId: tyrwb_hf3cergm9paphrkje9z4gkrz7e9jf_7x9j
    $dirname: tests
    $scenarioFile: C:\wamp64\www\hospital\mi-qa\tests\escenarios.yaml
    username: admin
    password: admin
    nombre_medicamento: acetaminofen
    cliente_id: 9
    $uuid: 83f9d352-92a0-4940-bc77-14882f838304
* GET /hospital/?route=login 

  ok statusCode 200 
* GET /hospital/?route=home 

  ok statusCode 200 
* GET /hospital/?route=login 

  ok statusCode 200 
* POST /hospital/?route=auth&action=login 

  not ok statusCode 200 
  expected: 302
       got: 200
  Request params:
    http://localhost/hospital/?route=auth&action=login
    ""
  Headers:
  date: Wed, 06 May 2026 16:12:56 GMT
  server: Apache/2.4.65 (Win64) PHP/8.3.28 mod_fcgid/2.3.10-dev
  x-powered-by: PHP/8.3.28
  expires: Thu, 19 Nov 1981 08:52:00 GMT
  cache-control: no-store, no-cache, must-revalidate
  pragma: no-cache
  content-length: 1624
  keep-alive: timeout=5, max=97
  connection: Keep-Alive
  content-type: text/html; charset=UTF-8
  Body:
<!DOCTYPE html>
<html lang="es">
<head>
<meta charset="UTF-8">
<meta name="viewport" content="width=device-width,initial-scale=1.0">
<title>Iniciar Sesión — PharmaCRM</title>
<link rel="stylesheet" href="/hospital/public/css/styles.css">
<link rel="stylesheet" href="https://cdnjs.cloudflare.com/ajax/libs/font-awesome/6.5.1/css/all.min.css">
</head>
<body>
<div class="login-wrapper">
<div class="login-card">
<div class="logo">
<div style="font-size:48px;margin-bottom:12px"><i class="fas fa-prescription-bottl
  User variables:
    target: http://localhost/hospital
    $environment: undefined
    $testId: tyrwb_hf3cergm9paphrkje9z4gkrz7e9jf_7x9j
    $dirname: tests
    $scenarioFile: C:\wamp64\www\hospital\mi-qa\tests\escenarios.yaml
    username: tester
    password: tester123
    nombre_medicamento: loratadina
    cliente_id: 1
    $uuid: b9c2d7bf-a29f-4ac0-bc86-20876a3a58bc
* GET /hospital/?route=home 

  ok statusCode 200 
* GET /hospital/?route=login 

  ok statusCode 200 
* POST /hospital/?route=auth&action=login 

  not ok statusCode 200 
  expected: 302
       got: 200
  Request params:
    http://localhost/hospital/?route=auth&action=login
    ""
  Headers:
  date: Wed, 06 May 2026 16:12:56 GMT
  server: Apache/2.4.65 (Win64) PHP/8.3.28 mod_fcgid/2.3.10-dev
  x-powered-by: PHP/8.3.28
  expires: Thu, 19 Nov 1981 08:52:00 GMT
  cache-control: no-store, no-cache, must-revalidate
  pragma: no-cache
  content-length: 1624
  keep-alive: timeout=5, max=97
  connection: Keep-Alive
  content-type: text/html; charset=UTF-8
  Body:
<!DOCTYPE html>
<html lang="es">
<head>
<meta charset="UTF-8">
<meta name="viewport" content="width=device-width,initial-scale=1.0">
<title>Iniciar Sesión — PharmaCRM</title>
<link rel="stylesheet" href="/hospital/public/css/styles.css">
<link rel="stylesheet" href="https://cdnjs.cloudflare.com/ajax/libs/font-awesome/6.5.1/css/all.min.css">
</head>
<body>
<div class="login-wrapper">
<div class="login-card">
<div class="logo">
<div style="font-size:48px;margin-bottom:12px"><i class="fas fa-prescription-bottl
  User variables:
    target: http://localhost/hospital
    $environment: undefined
    $testId: tyrwb_hf3cergm9paphrkje9z4gkrz7e9jf_7x9j
    $dirname: tests
    $scenarioFile: C:\wamp64\www\hospital\mi-qa\tests\escenarios.yaml
    username: admin
    password: admin
    nombre_medicamento: losartan
    cliente_id: 10
    $uuid: 56868909-1701-41b5-bc6f-f019014ff7cb
* GET /hospital/?route=home 

  ok statusCode 200 
* GET /hospital/?route=login 

  ok statusCode 200 
* POST /hospital/?route=auth&action=login 

  not ok statusCode 200 
  expected: 302
       got: 200
  Request params:
    http://localhost/hospital/?route=auth&action=login
    ""
  Headers:
  date: Wed, 06 May 2026 16:12:56 GMT
  server: Apache/2.4.65 (Win64) PHP/8.3.28 mod_fcgid/2.3.10-dev
  x-powered-by: PHP/8.3.28
  expires: Thu, 19 Nov 1981 08:52:00 GMT
  cache-control: no-store, no-cache, must-revalidate
  pragma: no-cache
  content-length: 1624
  keep-alive: timeout=5, max=97
  connection: Keep-Alive
  content-type: text/html; charset=UTF-8
  Body:
<!DOCTYPE html>
<html lang="es">
<head>
<meta charset="UTF-8">
<meta name="viewport" content="width=device-width,initial-scale=1.0">
<title>Iniciar Sesión — PharmaCRM</title>
<link rel="stylesheet" href="/hospital/public/css/styles.css">
<link rel="stylesheet" href="https://cdnjs.cloudflare.com/ajax/libs/font-awesome/6.5.1/css/all.min.css">
</head>
<body>
<div class="login-wrapper">
<div class="login-card">
<div class="logo">
<div style="font-size:48px;margin-bottom:12px"><i class="fas fa-prescription-bottl
  User variables:
    target: http://localhost/hospital
    $environment: undefined
    $testId: tyrwb_hf3cergm9paphrkje9z4gkrz7e9jf_7x9j
    $dirname: tests
    $scenarioFile: C:\wamp64\www\hospital\mi-qa\tests\escenarios.yaml
    username: supervisor1
    password: supervisor123
    nombre_medicamento: dexametasona
    cliente_id: 2
    $uuid: edab3b92-7b54-4916-ae4f-249bbd7bdbb9
* GET /hospital/?route=home 

  ok statusCode 200 
* GET /hospital/?route=login 

  ok statusCode 200 
* POST /hospital/?route=auth&action=login 

  not ok statusCode 200 
  expected: 302
       got: 200
  Request params:
    http://localhost/hospital/?route=auth&action=login
    ""
  Headers:
  date: Wed, 06 May 2026 16:12:56 GMT
  server: Apache/2.4.65 (Win64) PHP/8.3.28 mod_fcgid/2.3.10-dev
  x-powered-by: PHP/8.3.28
  expires: Thu, 19 Nov 1981 08:52:00 GMT
  cache-control: no-store, no-cache, must-revalidate
  pragma: no-cache
  content-length: 1624
  keep-alive: timeout=5, max=97
  connection: Keep-Alive
  content-type: text/html; charset=UTF-8
  Body:
<!DOCTYPE html>
<html lang="es">
<head>
<meta charset="UTF-8">
<meta name="viewport" content="width=device-width,initial-scale=1.0">
<title>Iniciar Sesión — PharmaCRM</title>
<link rel="stylesheet" href="/hospital/public/css/styles.css">
<link rel="stylesheet" href="https://cdnjs.cloudflare.com/ajax/libs/font-awesome/6.5.1/css/all.min.css">
</head>
<body>
<div class="login-wrapper">
<div class="login-card">
<div class="logo">
<div style="font-size:48px;margin-bottom:12px"><i class="fas fa-prescription-bottl
  User variables:
    target: http://localhost/hospital
    $environment: undefined
    $testId: tyrwb_hf3cergm9paphrkje9z4gkrz7e9jf_7x9j
    $dirname: tests
    $scenarioFile: C:\wamp64\www\hospital\mi-qa\tests\escenarios.yaml
    username: username
    password: password
    nombre_medicamento: metformina
    cliente_id: 10
    $uuid: e2321cba-4dbf-4029-83e5-4e4ee19936c2
* GET /hospital/?route=home 

  ok statusCode 200 
* GET /hospital/?route=home 

  ok statusCode 200 
* GET /hospital/?route=login 

  ok statusCode 200 
* POST /hospital/?route=auth&action=login 

  not ok statusCode 200 
  expected: 302
       got: 200
  Request params:
    http://localhost/hospital/?route=auth&action=login
    ""
  Headers:
  date: Wed, 06 May 2026 16:12:56 GMT
  server: Apache/2.4.65 (Win64) PHP/8.3.28 mod_fcgid/2.3.10-dev
  x-powered-by: PHP/8.3.28
  expires: Thu, 19 Nov 1981 08:52:00 GMT
  cache-control: no-store, no-cache, must-revalidate
  pragma: no-cache
  content-length: 1624
  keep-alive: timeout=5, max=97
  connection: Keep-Alive
  content-type: text/html; charset=UTF-8
  Body:
<!DOCTYPE html>
<html lang="es">
<head>
<meta charset="UTF-8">
<meta name="viewport" content="width=device-width,initial-scale=1.0">
<title>Iniciar Sesión — PharmaCRM</title>
<link rel="stylesheet" href="/hospital/public/css/styles.css">
<link rel="stylesheet" href="https://cdnjs.cloudflare.com/ajax/libs/font-awesome/6.5.1/css/all.min.css">
</head>
<body>
<div class="login-wrapper">
<div class="login-card">
<div class="logo">
<div style="font-size:48px;margin-bottom:12px"><i class="fas fa-prescription-bottl
  User variables:
    target: http://localhost/hospital
    $environment: undefined
    $testId: tyrwb_hf3cergm9paphrkje9z4gkrz7e9jf_7x9j
    $dirname: tests
    $scenarioFile: C:\wamp64\www\hospital\mi-qa\tests\escenarios.yaml
    username: username
    password: password
    nombre_medicamento: metformina
    cliente_id: 7
    $uuid: 5464860e-d458-4e0d-8a48-b0310e17ef6a
* GET /hospital/?route=login 

  ok statusCode 200 
* POST /hospital/?route=auth&action=login 

  not ok statusCode 200 
  expected: 302
       got: 200
  Request params:
    http://localhost/hospital/?route=auth&action=login
    ""
  Headers:
  date: Wed, 06 May 2026 16:12:56 GMT
  server: Apache/2.4.65 (Win64) PHP/8.3.28 mod_fcgid/2.3.10-dev
  x-powered-by: PHP/8.3.28
  expires: Thu, 19 Nov 1981 08:52:00 GMT
  cache-control: no-store, no-cache, must-revalidate
  pragma: no-cache
  content-length: 1624
  keep-alive: timeout=5, max=97
  connection: Keep-Alive
  content-type: text/html; charset=UTF-8
  Body:
<!DOCTYPE html>
<html lang="es">
<head>
<meta charset="UTF-8">
<meta name="viewport" content="width=device-width,initial-scale=1.0">
<title>Iniciar Sesión — PharmaCRM</title>
<link rel="stylesheet" href="/hospital/public/css/styles.css">
<link rel="stylesheet" href="https://cdnjs.cloudflare.com/ajax/libs/font-awesome/6.5.1/css/all.min.css">
</head>
<body>
<div class="login-wrapper">
<div class="login-card">
<div class="logo">
<div style="font-size:48px;margin-bottom:12px"><i class="fas fa-prescription-bottl
  User variables:
    target: http://localhost/hospital
    $environment: undefined
    $testId: tyrwb_hf3cergm9paphrkje9z4gkrz7e9jf_7x9j
    $dirname: tests
    $scenarioFile: C:\wamp64\www\hospital\mi-qa\tests\escenarios.yaml
    username: supervisor1
    password: supervisor123
    nombre_medicamento: losartan
    cliente_id: 10
    $uuid: 6a150b8b-a30d-4dec-bb80-49b1f09c7c5b
* GET /hospital/?route=home 

  ok statusCode 200 
* POST /hospital/?route=auth&action=login 

  not ok statusCode 200 
  expected: 302
       got: 200
  Request params:
    http://localhost/hospital/?route=auth&action=login
    ""
  Headers:
  date: Wed, 06 May 2026 16:12:56 GMT
  server: Apache/2.4.65 (Win64) PHP/8.3.28 mod_fcgid/2.3.10-dev
  x-powered-by: PHP/8.3.28
  expires: Thu, 19 Nov 1981 08:52:00 GMT
  cache-control: no-store, no-cache, must-revalidate
  pragma: no-cache
  content-length: 1624
  keep-alive: timeout=5, max=97
  connection: Keep-Alive
  content-type: text/html; charset=UTF-8
  Body:
<!DOCTYPE html>
<html lang="es">
<head>
<meta charset="UTF-8">
<meta name="viewport" content="width=device-width,initial-scale=1.0">
<title>Iniciar Sesión — PharmaCRM</title>
<link rel="stylesheet" href="/hospital/public/css/styles.css">
<link rel="stylesheet" href="https://cdnjs.cloudflare.com/ajax/libs/font-awesome/6.5.1/css/all.min.css">
</head>
<body>
<div class="login-wrapper">
<div class="login-card">
<div class="logo">
<div style="font-size:48px;margin-bottom:12px"><i class="fas fa-prescription-bottl
  User variables:
    target: http://localhost/hospital
    $environment: undefined
    $testId: tyrwb_hf3cergm9paphrkje9z4gkrz7e9jf_7x9j
    $dirname: tests
    $scenarioFile: C:\wamp64\www\hospital\mi-qa\tests\escenarios.yaml
    username: username
    password: password
    nombre_medicamento: acetaminofen
    cliente_id: 1
    $uuid: 907556a6-0157-4e2d-ab18-972e9ce9ce99
* GET /hospital/?route=login 

  ok statusCode 200 
* GET /hospital/?route=login 

  ok statusCode 200 
* GET /hospital/?route=home 

  ok statusCode 200 
* POST /hospital/?route=auth&action=login 

  not ok statusCode 200 
  expected: 302
       got: 200
  Request params:
    http://localhost/hospital/?route=auth&action=login
    ""
  Headers:
  date: Wed, 06 May 2026 16:12:56 GMT
  server: Apache/2.4.65 (Win64) PHP/8.3.28 mod_fcgid/2.3.10-dev
  x-powered-by: PHP/8.3.28
  expires: Thu, 19 Nov 1981 08:52:00 GMT
  cache-control: no-store, no-cache, must-revalidate
  pragma: no-cache
  content-length: 1624
  keep-alive: timeout=5, max=97
  connection: Keep-Alive
  content-type: text/html; charset=UTF-8
  Body:
<!DOCTYPE html>
<html lang="es">
<head>
<meta charset="UTF-8">
<meta name="viewport" content="width=device-width,initial-scale=1.0">
<title>Iniciar Sesión — PharmaCRM</title>
<link rel="stylesheet" href="/hospital/public/css/styles.css">
<link rel="stylesheet" href="https://cdnjs.cloudflare.com/ajax/libs/font-awesome/6.5.1/css/all.min.css">
</head>
<body>
<div class="login-wrapper">
<div class="login-card">
<div class="logo">
<div style="font-size:48px;margin-bottom:12px"><i class="fas fa-prescription-bottl
  User variables:
    target: http://localhost/hospital
    $environment: undefined
    $testId: tyrwb_hf3cergm9paphrkje9z4gkrz7e9jf_7x9j
    $dirname: tests
    $scenarioFile: C:\wamp64\www\hospital\mi-qa\tests\escenarios.yaml
    username: admin
    password: admin
    nombre_medicamento: omeprazol
    cliente_id: 7
    $uuid: 4d9ceec4-8cbd-4768-9074-db2cbdc023aa
* GET /hospital/?route=login 

  ok statusCode 200 
* GET /hospital/?route=home 

  ok statusCode 200 
* POST /hospital/?route=auth&action=login 

  not ok statusCode 200 
  expected: 302
       got: 200
  Request params:
    http://localhost/hospital/?route=auth&action=login
    ""
  Headers:
  date: Wed, 06 May 2026 16:12:57 GMT
  server: Apache/2.4.65 (Win64) PHP/8.3.28 mod_fcgid/2.3.10-dev
  x-powered-by: PHP/8.3.28
  expires: Thu, 19 Nov 1981 08:52:00 GMT
  cache-control: no-store, no-cache, must-revalidate
  pragma: no-cache
  content-length: 1624
  keep-alive: timeout=5, max=97
  connection: Keep-Alive
  content-type: text/html; charset=UTF-8
  Body:
<!DOCTYPE html>
<html lang="es">
<head>
<meta charset="UTF-8">
<meta name="viewport" content="width=device-width,initial-scale=1.0">
<title>Iniciar Sesión — PharmaCRM</title>
<link rel="stylesheet" href="/hospital/public/css/styles.css">
<link rel="stylesheet" href="https://cdnjs.cloudflare.com/ajax/libs/font-awesome/6.5.1/css/all.min.css">
</head>
<body>
<div class="login-wrapper">
<div class="login-card">
<div class="logo">
<div style="font-size:48px;margin-bottom:12px"><i class="fas fa-prescription-bottl
  User variables:
    target: http://localhost/hospital
    $environment: undefined
    $testId: tyrwb_hf3cergm9paphrkje9z4gkrz7e9jf_7x9j
    $dirname: tests
    $scenarioFile: C:\wamp64\www\hospital\mi-qa\tests\escenarios.yaml
    username: admin
    password: admin
    nombre_medicamento: enalapril
    cliente_id: 4
    $uuid: 76c9d7a5-ea82-40d9-b10d-930adfb830f0
* GET /hospital/?route=login 

  ok statusCode 200 
* POST /hospital/?route=auth&action=login 

  not ok statusCode 200 
  expected: 302
       got: 200
  Request params:
    http://localhost/hospital/?route=auth&action=login
    ""
  Headers:
  date: Wed, 06 May 2026 16:12:57 GMT
  server: Apache/2.4.65 (Win64) PHP/8.3.28 mod_fcgid/2.3.10-dev
  x-powered-by: PHP/8.3.28
  expires: Thu, 19 Nov 1981 08:52:00 GMT
  cache-control: no-store, no-cache, must-revalidate
  pragma: no-cache
  content-length: 1624
  keep-alive: timeout=5, max=97
  connection: Keep-Alive
  content-type: text/html; charset=UTF-8
  Body:
<!DOCTYPE html>
<html lang="es">
<head>
<meta charset="UTF-8">
<meta name="viewport" content="width=device-width,initial-scale=1.0">
<title>Iniciar Sesión — PharmaCRM</title>
<link rel="stylesheet" href="/hospital/public/css/styles.css">
<link rel="stylesheet" href="https://cdnjs.cloudflare.com/ajax/libs/font-awesome/6.5.1/css/all.min.css">
</head>
<body>
<div class="login-wrapper">
<div class="login-card">
<div class="logo">
<div style="font-size:48px;margin-bottom:12px"><i class="fas fa-prescription-bottl
  User variables:
    target: http://localhost/hospital
    $environment: undefined
    $testId: tyrwb_hf3cergm9paphrkje9z4gkrz7e9jf_7x9j
    $dirname: tests
    $scenarioFile: C:\wamp64\www\hospital\mi-qa\tests\escenarios.yaml
    username: tester
    password: tester123
    nombre_medicamento: metformina
    cliente_id: cliente_id
    $uuid: 5ed63d72-abb8-47dd-a959-f5d55146555d
* GET /hospital/?route=home 

  ok statusCode 200 
* GET /hospital/?route=login 

  ok statusCode 200 
* POST /hospital/?route=auth&action=login 

  not ok statusCode 200 
  expected: 302
       got: 200
  Request params:
    http://localhost/hospital/?route=auth&action=login
    ""
  Headers:
  date: Wed, 06 May 2026 16:12:57 GMT
  server: Apache/2.4.65 (Win64) PHP/8.3.28 mod_fcgid/2.3.10-dev
  x-powered-by: PHP/8.3.28
  expires: Thu, 19 Nov 1981 08:52:00 GMT
  cache-control: no-store, no-cache, must-revalidate
  pragma: no-cache
  content-length: 1624
  keep-alive: timeout=5, max=97
  connection: Keep-Alive
  content-type: text/html; charset=UTF-8
  Body:
<!DOCTYPE html>
<html lang="es">
<head>
<meta charset="UTF-8">
<meta name="viewport" content="width=device-width,initial-scale=1.0">
<title>Iniciar Sesión — PharmaCRM</title>
<link rel="stylesheet" href="/hospital/public/css/styles.css">
<link rel="stylesheet" href="https://cdnjs.cloudflare.com/ajax/libs/font-awesome/6.5.1/css/all.min.css">
</head>
<body>
<div class="login-wrapper">
<div class="login-card">
<div class="logo">
<div style="font-size:48px;margin-bottom:12px"><i class="fas fa-prescription-bottl
  User variables:
    target: http://localhost/hospital
    $environment: undefined
    $testId: tyrwb_hf3cergm9paphrkje9z4gkrz7e9jf_7x9j
    $dirname: tests
    $scenarioFile: C:\wamp64\www\hospital\mi-qa\tests\escenarios.yaml
    username: admin
    password: admin
    nombre_medicamento: ibuprofeno
    cliente_id: 4
    $uuid: 271bdf15-f5b6-4825-9b22-711d9d15735d
* GET /hospital/?route=home 

  ok statusCode 200 
* GET /hospital/?route=login 

  ok statusCode 200 
* GET /hospital/?route=home 

  ok statusCode 200 
* POST /hospital/?route=auth&action=login 

  not ok statusCode 200 
  expected: 302
       got: 200
  Request params:
    http://localhost/hospital/?route=auth&action=login
    ""
  Headers:
  date: Wed, 06 May 2026 16:12:57 GMT
  server: Apache/2.4.65 (Win64) PHP/8.3.28 mod_fcgid/2.3.10-dev
  x-powered-by: PHP/8.3.28
  expires: Thu, 19 Nov 1981 08:52:00 GMT
  cache-control: no-store, no-cache, must-revalidate
  pragma: no-cache
  content-length: 1624
  keep-alive: timeout=5, max=97
  connection: Keep-Alive
  content-type: text/html; charset=UTF-8
  Body:
<!DOCTYPE html>
<html lang="es">
<head>
<meta charset="UTF-8">
<meta name="viewport" content="width=device-width,initial-scale=1.0">
<title>Iniciar Sesión — PharmaCRM</title>
<link rel="stylesheet" href="/hospital/public/css/styles.css">
<link rel="stylesheet" href="https://cdnjs.cloudflare.com/ajax/libs/font-awesome/6.5.1/css/all.min.css">
</head>
<body>
<div class="login-wrapper">
<div class="login-card">
<div class="logo">
<div style="font-size:48px;margin-bottom:12px"><i class="fas fa-prescription-bottl
  User variables:
    target: http://localhost/hospital
    $environment: undefined
    $testId: tyrwb_hf3cergm9paphrkje9z4gkrz7e9jf_7x9j
    $dirname: tests
    $scenarioFile: C:\wamp64\www\hospital\mi-qa\tests\escenarios.yaml
    username: username
    password: password
    nombre_medicamento: salbutamol
    cliente_id: 8
    $uuid: 5c148164-4f69-4290-a79b-b798f1758a0f
* GET /hospital/?route=home 

  ok statusCode 200 
* GET /hospital/?route=login 

  ok statusCode 200 
* POST /hospital/?route=auth&action=login 

  not ok statusCode 200 
  expected: 302
       got: 200
  Request params:
    http://localhost/hospital/?route=auth&action=login
    ""
  Headers:
  date: Wed, 06 May 2026 16:12:57 GMT
  server: Apache/2.4.65 (Win64) PHP/8.3.28 mod_fcgid/2.3.10-dev
  x-powered-by: PHP/8.3.28
  expires: Thu, 19 Nov 1981 08:52:00 GMT
  cache-control: no-store, no-cache, must-revalidate
  pragma: no-cache
  content-length: 1624
  keep-alive: timeout=5, max=97
  connection: Keep-Alive
  content-type: text/html; charset=UTF-8
  Body:
<!DOCTYPE html>
<html lang="es">
<head>
<meta charset="UTF-8">
<meta name="viewport" content="width=device-width,initial-scale=1.0">
<title>Iniciar Sesión — PharmaCRM</title>
<link rel="stylesheet" href="/hospital/public/css/styles.css">
<link rel="stylesheet" href="https://cdnjs.cloudflare.com/ajax/libs/font-awesome/6.5.1/css/all.min.css">
</head>
<body>
<div class="login-wrapper">
<div class="login-card">
<div class="logo">
<div style="font-size:48px;margin-bottom:12px"><i class="fas fa-prescription-bottl
  User variables:
    target: http://localhost/hospital
    $environment: undefined
    $testId: tyrwb_hf3cergm9paphrkje9z4gkrz7e9jf_7x9j
    $dirname: tests
    $scenarioFile: C:\wamp64\www\hospital\mi-qa\tests\escenarios.yaml
    username: tester
    password: tester123
    nombre_medicamento: metformina
    cliente_id: 7
    $uuid: d91f6448-2846-4958-81ef-71f14b2f754a
* GET /hospital/?route=home 

  ok statusCode 200 
* GET /hospital/?route=login 

  ok statusCode 200 
* POST /hospital/?route=auth&action=login 

  not ok statusCode 200 
  expected: 302
       got: 200
  Request params:
    http://localhost/hospital/?route=auth&action=login
    ""
  Headers:
  date: Wed, 06 May 2026 16:12:57 GMT
  server: Apache/2.4.65 (Win64) PHP/8.3.28 mod_fcgid/2.3.10-dev
  x-powered-by: PHP/8.3.28
  expires: Thu, 19 Nov 1981 08:52:00 GMT
  cache-control: no-store, no-cache, must-revalidate
  pragma: no-cache
  content-length: 1624
  keep-alive: timeout=5, max=97
  connection: Keep-Alive
  content-type: text/html; charset=UTF-8
  Body:
<!DOCTYPE html>
<html lang="es">
<head>
<meta charset="UTF-8">
<meta name="viewport" content="width=device-width,initial-scale=1.0">
<title>Iniciar Sesión — PharmaCRM</title>
<link rel="stylesheet" href="/hospital/public/css/styles.css">
<link rel="stylesheet" href="https://cdnjs.cloudflare.com/ajax/libs/font-awesome/6.5.1/css/all.min.css">
</head>
<body>
<div class="login-wrapper">
<div class="login-card">
<div class="logo">
<div style="font-size:48px;margin-bottom:12px"><i class="fas fa-prescription-bottl
  User variables:
    target: http://localhost/hospital
    $environment: undefined
    $testId: tyrwb_hf3cergm9paphrkje9z4gkrz7e9jf_7x9j
    $dirname: tests
    $scenarioFile: C:\wamp64\www\hospital\mi-qa\tests\escenarios.yaml
    username: tester
    password: tester123
    nombre_medicamento: amoxicilina
    cliente_id: 4
    $uuid: 921729ca-1957-4180-ad82-ae4cb2187e18
* GET /hospital/?route=home 

  ok statusCode 200 
* GET /hospital/?route=login 

  ok statusCode 200 
* POST /hospital/?route=auth&action=login 

  not ok statusCode 200 
  expected: 302
       got: 200
  Request params:
    http://localhost/hospital/?route=auth&action=login
    ""
  Headers:
  date: Wed, 06 May 2026 16:12:57 GMT
  server: Apache/2.4.65 (Win64) PHP/8.3.28 mod_fcgid/2.3.10-dev
  x-powered-by: PHP/8.3.28
  expires: Thu, 19 Nov 1981 08:52:00 GMT
  cache-control: no-store, no-cache, must-revalidate
  pragma: no-cache
  content-length: 1624
  keep-alive: timeout=5, max=97
  connection: Keep-Alive
  content-type: text/html; charset=UTF-8
  Body:
<!DOCTYPE html>
<html lang="es">
<head>
<meta charset="UTF-8">
<meta name="viewport" content="width=device-width,initial-scale=1.0">
<title>Iniciar Sesión — PharmaCRM</title>
<link rel="stylesheet" href="/hospital/public/css/styles.css">
<link rel="stylesheet" href="https://cdnjs.cloudflare.com/ajax/libs/font-awesome/6.5.1/css/all.min.css">
</head>
<body>
<div class="login-wrapper">
<div class="login-card">
<div class="logo">
<div style="font-size:48px;margin-bottom:12px"><i class="fas fa-prescription-bottl
  User variables:
    target: http://localhost/hospital
    $environment: undefined
    $testId: tyrwb_hf3cergm9paphrkje9z4gkrz7e9jf_7x9j
    $dirname: tests
    $scenarioFile: C:\wamp64\www\hospital\mi-qa\tests\escenarios.yaml
    username: tester
    password: tester123
    nombre_medicamento: acetaminofen
    cliente_id: 8
    $uuid: e2b299f2-ef83-4532-bdcd-7ea93fec3dc2
* GET /hospital/?route=home 

  ok statusCode 200 
* GET /hospital/?route=login 

  ok statusCode 200 
* GET /hospital/?route=home 

  ok statusCode 200 
* POST /hospital/?route=auth&action=login 

  not ok statusCode 200 
  expected: 302
       got: 200
  Request params:
    http://localhost/hospital/?route=auth&action=login
    ""
  Headers:
  date: Wed, 06 May 2026 16:12:57 GMT
  server: Apache/2.4.65 (Win64) PHP/8.3.28 mod_fcgid/2.3.10-dev
  x-powered-by: PHP/8.3.28
  expires: Thu, 19 Nov 1981 08:52:00 GMT
  cache-control: no-store, no-cache, must-revalidate
  pragma: no-cache
  content-length: 1624
  keep-alive: timeout=5, max=97
  connection: Keep-Alive
  content-type: text/html; charset=UTF-8
  Body:
<!DOCTYPE html>
<html lang="es">
<head>
<meta charset="UTF-8">
<meta name="viewport" content="width=device-width,initial-scale=1.0">
<title>Iniciar Sesión — PharmaCRM</title>
<link rel="stylesheet" href="/hospital/public/css/styles.css">
<link rel="stylesheet" href="https://cdnjs.cloudflare.com/ajax/libs/font-awesome/6.5.1/css/all.min.css">
</head>
<body>
<div class="login-wrapper">
<div class="login-card">
<div class="logo">
<div style="font-size:48px;margin-bottom:12px"><i class="fas fa-prescription-bottl
  User variables:
    target: http://localhost/hospital
    $environment: undefined
    $testId: tyrwb_hf3cergm9paphrkje9z4gkrz7e9jf_7x9j
    $dirname: tests
    $scenarioFile: C:\wamp64\www\hospital\mi-qa\tests\escenarios.yaml
    username: admin
    password: admin
    nombre_medicamento: nombre_medicamento
    cliente_id: 5
    $uuid: 7e8d42ea-186a-4d17-8d11-f8a44aafeaba
* GET /hospital/?route=login 

  ok statusCode 200 
* GET /hospital/?route=login 

  ok statusCode 200 
* GET /hospital/?route=home 

  ok statusCode 200 
* POST /hospital/?route=auth&action=login 

  not ok statusCode 200 
  expected: 302
       got: 200
  Request params:
    http://localhost/hospital/?route=auth&action=login
    ""
  Headers:
  date: Wed, 06 May 2026 16:12:57 GMT
  server: Apache/2.4.65 (Win64) PHP/8.3.28 mod_fcgid/2.3.10-dev
  x-powered-by: PHP/8.3.28
  expires: Thu, 19 Nov 1981 08:52:00 GMT
  cache-control: no-store, no-cache, must-revalidate
  pragma: no-cache
  content-length: 1624
  keep-alive: timeout=5, max=97
  connection: Keep-Alive
  content-type: text/html; charset=UTF-8
  Body:
<!DOCTYPE html>
<html lang="es">
<head>
<meta charset="UTF-8">
<meta name="viewport" content="width=device-width,initial-scale=1.0">
<title>Iniciar Sesión — PharmaCRM</title>
<link rel="stylesheet" href="/hospital/public/css/styles.css">
<link rel="stylesheet" href="https://cdnjs.cloudflare.com/ajax/libs/font-awesome/6.5.1/css/all.min.css">
</head>
<body>
<div class="login-wrapper">
<div class="login-card">
<div class="logo">
<div style="font-size:48px;margin-bottom:12px"><i class="fas fa-prescription-bottl
  User variables:
    target: http://localhost/hospital
    $environment: undefined
    $testId: tyrwb_hf3cergm9paphrkje9z4gkrz7e9jf_7x9j
    $dirname: tests
    $scenarioFile: C:\wamp64\www\hospital\mi-qa\tests\escenarios.yaml
    username: supervisor1
    password: supervisor123
    nombre_medicamento: losartan
    cliente_id: cliente_id
    $uuid: 9e75fa7e-9ef3-4e65-b3cb-55a63d267659
* POST /hospital/?route=auth&action=login 

  not ok statusCode 200 
  expected: 302
       got: 200
  Request params:
    http://localhost/hospital/?route=auth&action=login
    ""
  Headers:
  date: Wed, 06 May 2026 16:12:57 GMT
  server: Apache/2.4.65 (Win64) PHP/8.3.28 mod_fcgid/2.3.10-dev
  x-powered-by: PHP/8.3.28
  expires: Thu, 19 Nov 1981 08:52:00 GMT
  cache-control: no-store, no-cache, must-revalidate
  pragma: no-cache
  content-length: 1624
  keep-alive: timeout=5, max=97
  connection: Keep-Alive
  content-type: text/html; charset=UTF-8
  Body:
<!DOCTYPE html>
<html lang="es">
<head>
<meta charset="UTF-8">
<meta name="viewport" content="width=device-width,initial-scale=1.0">
<title>Iniciar Sesión — PharmaCRM</title>
<link rel="stylesheet" href="/hospital/public/css/styles.css">
<link rel="stylesheet" href="https://cdnjs.cloudflare.com/ajax/libs/font-awesome/6.5.1/css/all.min.css">
</head>
<body>
<div class="login-wrapper">
<div class="login-card">
<div class="logo">
<div style="font-size:48px;margin-bottom:12px"><i class="fas fa-prescription-bottl
  User variables:
    target: http://localhost/hospital
    $environment: undefined
    $testId: tyrwb_hf3cergm9paphrkje9z4gkrz7e9jf_7x9j
    $dirname: tests
    $scenarioFile: C:\wamp64\www\hospital\mi-qa\tests\escenarios.yaml
    username: admin
    password: admin
    nombre_medicamento: acetaminofen
    cliente_id: 9
    $uuid: cde834e8-7650-4b19-90f0-1625ad892284
--------------------------------------
Metrics for period to: 11:12:30(-0500) (width: 9.299s)
--------------------------------------

errors.Failed capture or match: ................................................ 61
http.codes.200: ................................................................ 187
http.codes.302: ................................................................ 61
http.downloaded_bytes: ......................................................... 2206684
http.request_rate: ............................................................. 28/sec
http.requests: ................................................................. 248
http.response_time:
  min: ......................................................................... 1
  max: ......................................................................... 44
  mean: ........................................................................ 9.6
  median: ...................................................................... 4
  p95: ......................................................................... 30.3
  p99: ......................................................................... 34.1
http.response_time.2xx:
  min: ......................................................................... 1
  max: ......................................................................... 44
  mean: ........................................................................ 7.6
  median: ...................................................................... 3
  p95: ......................................................................... 30.3
  p99: ......................................................................... 34.8
http.response_time.3xx:
  min: ......................................................................... 3
  max: ......................................................................... 32
  mean: ........................................................................ 15.6
  median: ...................................................................... 16.9
  p95: ......................................................................... 29.1
  p99: ......................................................................... 30.3
http.responses: ................................................................ 248
plugins.expect.failed: ......................................................... 61
plugins.expect.failed.statusCode: .............................................. 61
plugins.expect.ok: ............................................................. 126
plugins.expect.ok.statusCode: .................................................. 126
vusers.created: ................................................................ 64
vusers.created_by_name.Jornada Completa PharmaCRM (5 Etapas Consecutivas): ..... 64
vusers.failed: ................................................................. 61


* GET /hospital/?route=home 

  ok statusCode 200 
* GET /hospital/?route=login 

  ok statusCode 200 
* POST /hospital/?route=auth&action=login 

  not ok statusCode 200 
  expected: 302
       got: 200
  Request params:
    http://localhost/hospital/?route=auth&action=login
    ""
  Headers:
  date: Wed, 06 May 2026 16:12:57 GMT
  server: Apache/2.4.65 (Win64) PHP/8.3.28 mod_fcgid/2.3.10-dev
  x-powered-by: PHP/8.3.28
  expires: Thu, 19 Nov 1981 08:52:00 GMT
  cache-control: no-store, no-cache, must-revalidate
  pragma: no-cache
  content-length: 1624
  keep-alive: timeout=5, max=97
  connection: Keep-Alive
  content-type: text/html; charset=UTF-8
  Body:
<!DOCTYPE html>
<html lang="es">
<head>
<meta charset="UTF-8">
<meta name="viewport" content="width=device-width,initial-scale=1.0">
<title>Iniciar Sesión — PharmaCRM</title>
<link rel="stylesheet" href="/hospital/public/css/styles.css">
<link rel="stylesheet" href="https://cdnjs.cloudflare.com/ajax/libs/font-awesome/6.5.1/css/all.min.css">
</head>
<body>
<div class="login-wrapper">
<div class="login-card">
<div class="logo">
<div style="font-size:48px;margin-bottom:12px"><i class="fas fa-prescription-bottl
  User variables:
    target: http://localhost/hospital
    $environment: undefined
    $testId: tyrwb_hf3cergm9paphrkje9z4gkrz7e9jf_7x9j
    $dirname: tests
    $scenarioFile: C:\wamp64\www\hospital\mi-qa\tests\escenarios.yaml
    username: vendedor1
    password: vendedor123
    nombre_medicamento: dexametasona
    cliente_id: 6
    $uuid: 42e43c95-bac4-4073-8846-5b0765a336cf
* POST /hospital/?route=auth&action=login 

  not ok statusCode 200 
  expected: 302
       got: 200
  Request params:
    http://localhost/hospital/?route=auth&action=login
    ""
  Headers:
  date: Wed, 06 May 2026 16:12:57 GMT
  server: Apache/2.4.65 (Win64) PHP/8.3.28 mod_fcgid/2.3.10-dev
  x-powered-by: PHP/8.3.28
  expires: Thu, 19 Nov 1981 08:52:00 GMT
  cache-control: no-store, no-cache, must-revalidate
  pragma: no-cache
  content-length: 1624
  keep-alive: timeout=5, max=97
  connection: Keep-Alive
  content-type: text/html; charset=UTF-8
  Body:
<!DOCTYPE html>
<html lang="es">
<head>
<meta charset="UTF-8">
<meta name="viewport" content="width=device-width,initial-scale=1.0">
<title>Iniciar Sesión — PharmaCRM</title>
<link rel="stylesheet" href="/hospital/public/css/styles.css">
<link rel="stylesheet" href="https://cdnjs.cloudflare.com/ajax/libs/font-awesome/6.5.1/css/all.min.css">
</head>
<body>
<div class="login-wrapper">
<div class="login-card">
<div class="logo">
<div style="font-size:48px;margin-bottom:12px"><i class="fas fa-prescription-bottl
  User variables:
    target: http://localhost/hospital
    $environment: undefined
    $testId: tyrwb_hf3cergm9paphrkje9z4gkrz7e9jf_7x9j
    $dirname: tests
    $scenarioFile: C:\wamp64\www\hospital\mi-qa\tests\escenarios.yaml
    username: admin
    password: admin
    nombre_medicamento: dexametasona
    cliente_id: cliente_id
    $uuid: ad7c6f1a-845e-4381-b42e-96b21d53d8c6
* GET /hospital/?route=login 

  ok statusCode 200 
* GET /hospital/?route=home 

  ok statusCode 200 
* GET /hospital/?route=login 

  ok statusCode 200 
* GET /hospital/?route=home 

  ok statusCode 200 
* POST /hospital/?route=auth&action=login 

  not ok statusCode 200 
  expected: 302
       got: 200
  Request params:
    http://localhost/hospital/?route=auth&action=login
    ""
  Headers:
  date: Wed, 06 May 2026 16:12:58 GMT
  server: Apache/2.4.65 (Win64) PHP/8.3.28 mod_fcgid/2.3.10-dev
  x-powered-by: PHP/8.3.28
  expires: Thu, 19 Nov 1981 08:52:00 GMT
  cache-control: no-store, no-cache, must-revalidate
  pragma: no-cache
  content-length: 1624
  keep-alive: timeout=5, max=97
  connection: Keep-Alive
  content-type: text/html; charset=UTF-8
  Body:
<!DOCTYPE html>
<html lang="es">
<head>
<meta charset="UTF-8">
<meta name="viewport" content="width=device-width,initial-scale=1.0">
<title>Iniciar Sesión — PharmaCRM</title>
<link rel="stylesheet" href="/hospital/public/css/styles.css">
<link rel="stylesheet" href="https://cdnjs.cloudflare.com/ajax/libs/font-awesome/6.5.1/css/all.min.css">
</head>
<body>
<div class="login-wrapper">
<div class="login-card">
<div class="logo">
<div style="font-size:48px;margin-bottom:12px"><i class="fas fa-prescription-bottl
  User variables:
    target: http://localhost/hospital
    $environment: undefined
    $testId: tyrwb_hf3cergm9paphrkje9z4gkrz7e9jf_7x9j
    $dirname: tests
    $scenarioFile: C:\wamp64\www\hospital\mi-qa\tests\escenarios.yaml
    username: supervisor1
    password: supervisor123
    nombre_medicamento: metformina
    cliente_id: 3
    $uuid: 3c16c590-4568-46de-a96d-14538c405376
* GET /hospital/?route=home 

  ok statusCode 200 
* POST /hospital/?route=auth&action=login 

  not ok statusCode 200 
  expected: 302
       got: 200
  Request params:
    http://localhost/hospital/?route=auth&action=login
    ""
  Headers:
  date: Wed, 06 May 2026 16:12:58 GMT
  server: Apache/2.4.65 (Win64) PHP/8.3.28 mod_fcgid/2.3.10-dev
  x-powered-by: PHP/8.3.28
  expires: Thu, 19 Nov 1981 08:52:00 GMT
  cache-control: no-store, no-cache, must-revalidate
  pragma: no-cache
  content-length: 1624
  keep-alive: timeout=5, max=97
  connection: Keep-Alive
  content-type: text/html; charset=UTF-8
  Body:
<!DOCTYPE html>
<html lang="es">
<head>
<meta charset="UTF-8">
<meta name="viewport" content="width=device-width,initial-scale=1.0">
<title>Iniciar Sesión — PharmaCRM</title>
<link rel="stylesheet" href="/hospital/public/css/styles.css">
<link rel="stylesheet" href="https://cdnjs.cloudflare.com/ajax/libs/font-awesome/6.5.1/css/all.min.css">
</head>
<body>
<div class="login-wrapper">
<div class="login-card">
<div class="logo">
<div style="font-size:48px;margin-bottom:12px"><i class="fas fa-prescription-bottl
  User variables:
    target: http://localhost/hospital
    $environment: undefined
    $testId: tyrwb_hf3cergm9paphrkje9z4gkrz7e9jf_7x9j
    $dirname: tests
    $scenarioFile: C:\wamp64\www\hospital\mi-qa\tests\escenarios.yaml
    username: vendedor1
    password: vendedor123
    nombre_medicamento: nombre_medicamento
    cliente_id: cliente_id
    $uuid: be44865b-df1d-483a-95ed-f9bc6e8b2a60
* GET /hospital/?route=login 

  ok statusCode 200 
* GET /hospital/?route=home 

  ok statusCode 200 
* POST /hospital/?route=auth&action=login 

  not ok statusCode 200 
  expected: 302
       got: 200
  Request params:
    http://localhost/hospital/?route=auth&action=login
    ""
  Headers:
  date: Wed, 06 May 2026 16:12:58 GMT
  server: Apache/2.4.65 (Win64) PHP/8.3.28 mod_fcgid/2.3.10-dev
  x-powered-by: PHP/8.3.28
  expires: Thu, 19 Nov 1981 08:52:00 GMT
  cache-control: no-store, no-cache, must-revalidate
  pragma: no-cache
  content-length: 1624
  keep-alive: timeout=5, max=97
  connection: Keep-Alive
  content-type: text/html; charset=UTF-8
  Body:
<!DOCTYPE html>
<html lang="es">
<head>
<meta charset="UTF-8">
<meta name="viewport" content="width=device-width,initial-scale=1.0">
<title>Iniciar Sesión — PharmaCRM</title>
<link rel="stylesheet" href="/hospital/public/css/styles.css">
<link rel="stylesheet" href="https://cdnjs.cloudflare.com/ajax/libs/font-awesome/6.5.1/css/all.min.css">
</head>
<body>
<div class="login-wrapper">
<div class="login-card">
<div class="logo">
<div style="font-size:48px;margin-bottom:12px"><i class="fas fa-prescription-bottl
  User variables:
    target: http://localhost/hospital
    $environment: undefined
    $testId: tyrwb_hf3cergm9paphrkje9z4gkrz7e9jf_7x9j
    $dirname: tests
    $scenarioFile: C:\wamp64\www\hospital\mi-qa\tests\escenarios.yaml
    username: supervisor1
    password: supervisor123
    nombre_medicamento: amoxicilina
    cliente_id: 5
    $uuid: ec99af1a-ecb1-401c-ba89-72e616edce87
* GET /hospital/?route=login 

  ok statusCode 200 
* GET /hospital/?route=login 

  ok statusCode 200 
* GET /hospital/?route=home 

  ok statusCode 200 
* POST /hospital/?route=auth&action=login 

  not ok statusCode 200 
  expected: 302
       got: 200
  Request params:
    http://localhost/hospital/?route=auth&action=login
    ""
  Headers:
  date: Wed, 06 May 2026 16:12:58 GMT
  server: Apache/2.4.65 (Win64) PHP/8.3.28 mod_fcgid/2.3.10-dev
  x-powered-by: PHP/8.3.28
  expires: Thu, 19 Nov 1981 08:52:00 GMT
  cache-control: no-store, no-cache, must-revalidate
  pragma: no-cache
  content-length: 1624
  keep-alive: timeout=5, max=97
  connection: Keep-Alive
  content-type: text/html; charset=UTF-8
  Body:
<!DOCTYPE html>
<html lang="es">
<head>
<meta charset="UTF-8">
<meta name="viewport" content="width=device-width,initial-scale=1.0">
<title>Iniciar Sesión — PharmaCRM</title>
<link rel="stylesheet" href="/hospital/public/css/styles.css">
<link rel="stylesheet" href="https://cdnjs.cloudflare.com/ajax/libs/font-awesome/6.5.1/css/all.min.css">
</head>
<body>
<div class="login-wrapper">
<div class="login-card">
<div class="logo">
<div style="font-size:48px;margin-bottom:12px"><i class="fas fa-prescription-bottl
  User variables:
    target: http://localhost/hospital
    $environment: undefined
    $testId: tyrwb_hf3cergm9paphrkje9z4gkrz7e9jf_7x9j
    $dirname: tests
    $scenarioFile: C:\wamp64\www\hospital\mi-qa\tests\escenarios.yaml
    username: supervisor1
    password: supervisor123
    nombre_medicamento: salbutamol
    cliente_id: 9
    $uuid: bc39fffa-6d46-485f-818b-77bb243d9449
* GET /hospital/?route=home 

  ok statusCode 200 
* GET /hospital/?route=login 

  ok statusCode 200 
* POST /hospital/?route=auth&action=login 

  not ok statusCode 200 
  expected: 302
       got: 200
  Request params:
    http://localhost/hospital/?route=auth&action=login
    ""
  Headers:
  date: Wed, 06 May 2026 16:12:58 GMT
  server: Apache/2.4.65 (Win64) PHP/8.3.28 mod_fcgid/2.3.10-dev
  x-powered-by: PHP/8.3.28
  expires: Thu, 19 Nov 1981 08:52:00 GMT
  cache-control: no-store, no-cache, must-revalidate
  pragma: no-cache
  content-length: 1624
  keep-alive: timeout=5, max=97
  connection: Keep-Alive
  content-type: text/html; charset=UTF-8
  Body:
<!DOCTYPE html>
<html lang="es">
<head>
<meta charset="UTF-8">
<meta name="viewport" content="width=device-width,initial-scale=1.0">
<title>Iniciar Sesión — PharmaCRM</title>
<link rel="stylesheet" href="/hospital/public/css/styles.css">
<link rel="stylesheet" href="https://cdnjs.cloudflare.com/ajax/libs/font-awesome/6.5.1/css/all.min.css">
</head>
<body>
<div class="login-wrapper">
<div class="login-card">
<div class="logo">
<div style="font-size:48px;margin-bottom:12px"><i class="fas fa-prescription-bottl
  User variables:
    target: http://localhost/hospital
    $environment: undefined
    $testId: tyrwb_hf3cergm9paphrkje9z4gkrz7e9jf_7x9j
    $dirname: tests
    $scenarioFile: C:\wamp64\www\hospital\mi-qa\tests\escenarios.yaml
    username: admin
    password: admin
    nombre_medicamento: salbutamol
    cliente_id: 3
    $uuid: 3e9fdeea-d54b-404d-aa77-89e6a45de995
* GET /hospital/?route=login 

  ok statusCode 200 
* GET /hospital/?route=home 

  ok statusCode 200 
* POST /hospital/?route=auth&action=login 

  not ok statusCode 200 
  expected: 302
       got: 200
  Request params:
    http://localhost/hospital/?route=auth&action=login
    ""
  Headers:
  date: Wed, 06 May 2026 16:12:58 GMT
  server: Apache/2.4.65 (Win64) PHP/8.3.28 mod_fcgid/2.3.10-dev
  x-powered-by: PHP/8.3.28
  expires: Thu, 19 Nov 1981 08:52:00 GMT
  cache-control: no-store, no-cache, must-revalidate
  pragma: no-cache
  content-length: 1624
  keep-alive: timeout=5, max=97
  connection: Keep-Alive
  content-type: text/html; charset=UTF-8
  Body:
<!DOCTYPE html>
<html lang="es">
<head>
<meta charset="UTF-8">
<meta name="viewport" content="width=device-width,initial-scale=1.0">
<title>Iniciar Sesión — PharmaCRM</title>
<link rel="stylesheet" href="/hospital/public/css/styles.css">
<link rel="stylesheet" href="https://cdnjs.cloudflare.com/ajax/libs/font-awesome/6.5.1/css/all.min.css">
</head>
<body>
<div class="login-wrapper">
<div class="login-card">
<div class="logo">
<div style="font-size:48px;margin-bottom:12px"><i class="fas fa-prescription-bottl
  User variables:
    target: http://localhost/hospital
    $environment: undefined
    $testId: tyrwb_hf3cergm9paphrkje9z4gkrz7e9jf_7x9j
    $dirname: tests
    $scenarioFile: C:\wamp64\www\hospital\mi-qa\tests\escenarios.yaml
    username: username
    password: password
    nombre_medicamento: metformina
    cliente_id: 6
    $uuid: 19eff7bd-5df8-47bd-8e4e-970ebdb87357
* GET /hospital/?route=home 

  ok statusCode 200 
* GET /hospital/?route=login 

  ok statusCode 200 
* POST /hospital/?route=auth&action=login 

  not ok statusCode 200 
  expected: 302
       got: 200
  Request params:
    http://localhost/hospital/?route=auth&action=login
    ""
  Headers:
  date: Wed, 06 May 2026 16:12:58 GMT
  server: Apache/2.4.65 (Win64) PHP/8.3.28 mod_fcgid/2.3.10-dev
  x-powered-by: PHP/8.3.28
  expires: Thu, 19 Nov 1981 08:52:00 GMT
  cache-control: no-store, no-cache, must-revalidate
  pragma: no-cache
  content-length: 1624
  keep-alive: timeout=5, max=97
  connection: Keep-Alive
  content-type: text/html; charset=UTF-8
  Body:
<!DOCTYPE html>
<html lang="es">
<head>
<meta charset="UTF-8">
<meta name="viewport" content="width=device-width,initial-scale=1.0">
<title>Iniciar Sesión — PharmaCRM</title>
<link rel="stylesheet" href="/hospital/public/css/styles.css">
<link rel="stylesheet" href="https://cdnjs.cloudflare.com/ajax/libs/font-awesome/6.5.1/css/all.min.css">
</head>
<body>
<div class="login-wrapper">
<div class="login-card">
<div class="logo">
<div style="font-size:48px;margin-bottom:12px"><i class="fas fa-prescription-bottl
  User variables:
    target: http://localhost/hospital
    $environment: undefined
    $testId: tyrwb_hf3cergm9paphrkje9z4gkrz7e9jf_7x9j
    $dirname: tests
    $scenarioFile: C:\wamp64\www\hospital\mi-qa\tests\escenarios.yaml
    username: admin
    password: admin
    nombre_medicamento: salbutamol
    cliente_id: cliente_id
    $uuid: c26f9001-0c97-467c-b551-1591f203351f
* GET /hospital/?route=login 

  ok statusCode 200 
* GET /hospital/?route=home 

  ok statusCode 200 
* GET /hospital/?route=login 

  ok statusCode 200 
* POST /hospital/?route=auth&action=login 

  not ok statusCode 200 
  expected: 302
       got: 200
  Request params:
    http://localhost/hospital/?route=auth&action=login
    ""
  Headers:
  date: Wed, 06 May 2026 16:12:58 GMT
  server: Apache/2.4.65 (Win64) PHP/8.3.28 mod_fcgid/2.3.10-dev
  x-powered-by: PHP/8.3.28
  expires: Thu, 19 Nov 1981 08:52:00 GMT
  cache-control: no-store, no-cache, must-revalidate
  pragma: no-cache
  content-length: 1624
  keep-alive: timeout=5, max=97
  connection: Keep-Alive
  content-type: text/html; charset=UTF-8
  Body:
<!DOCTYPE html>
<html lang="es">
<head>
<meta charset="UTF-8">
<meta name="viewport" content="width=device-width,initial-scale=1.0">
<title>Iniciar Sesión — PharmaCRM</title>
<link rel="stylesheet" href="/hospital/public/css/styles.css">
<link rel="stylesheet" href="https://cdnjs.cloudflare.com/ajax/libs/font-awesome/6.5.1/css/all.min.css">
</head>
<body>
<div class="login-wrapper">
<div class="login-card">
<div class="logo">
<div style="font-size:48px;margin-bottom:12px"><i class="fas fa-prescription-bottl
  User variables:
    target: http://localhost/hospital
    $environment: undefined
    $testId: tyrwb_hf3cergm9paphrkje9z4gkrz7e9jf_7x9j
    $dirname: tests
    $scenarioFile: C:\wamp64\www\hospital\mi-qa\tests\escenarios.yaml
    username: supervisor1
    password: supervisor123
    nombre_medicamento: nombre_medicamento
    cliente_id: 9
    $uuid: 9d2dd3f2-74b0-4c26-89e3-5dae0b4f406c
* GET /hospital/?route=home 

  ok statusCode 200 
* POST /hospital/?route=auth&action=login 

  not ok statusCode 200 
  expected: 302
       got: 200
  Request params:
    http://localhost/hospital/?route=auth&action=login
    ""
  Headers:
  date: Wed, 06 May 2026 16:12:58 GMT
  server: Apache/2.4.65 (Win64) PHP/8.3.28 mod_fcgid/2.3.10-dev
  x-powered-by: PHP/8.3.28
  expires: Thu, 19 Nov 1981 08:52:00 GMT
  cache-control: no-store, no-cache, must-revalidate
  pragma: no-cache
  content-length: 1624
  keep-alive: timeout=5, max=97
  connection: Keep-Alive
  content-type: text/html; charset=UTF-8
  Body:
<!DOCTYPE html>
<html lang="es">
<head>
<meta charset="UTF-8">
<meta name="viewport" content="width=device-width,initial-scale=1.0">
<title>Iniciar Sesión — PharmaCRM</title>
<link rel="stylesheet" href="/hospital/public/css/styles.css">
<link rel="stylesheet" href="https://cdnjs.cloudflare.com/ajax/libs/font-awesome/6.5.1/css/all.min.css">
</head>
<body>
<div class="login-wrapper">
<div class="login-card">
<div class="logo">
<div style="font-size:48px;margin-bottom:12px"><i class="fas fa-prescription-bottl
  User variables:
    target: http://localhost/hospital
    $environment: undefined
    $testId: tyrwb_hf3cergm9paphrkje9z4gkrz7e9jf_7x9j
    $dirname: tests
    $scenarioFile: C:\wamp64\www\hospital\mi-qa\tests\escenarios.yaml
    username: vendedor1
    password: vendedor123
    nombre_medicamento: salbutamol
    cliente_id: 1
    $uuid: af4fb3e7-5029-4047-9c7e-a66ce8472b9a
* GET /hospital/?route=login 

  ok statusCode 200 
* GET /hospital/?route=home 

  ok statusCode 200 
* POST /hospital/?route=auth&action=login 

  not ok statusCode 200 
  expected: 302
       got: 200
  Request params:
    http://localhost/hospital/?route=auth&action=login
    ""
  Headers:
  date: Wed, 06 May 2026 16:12:58 GMT
  server: Apache/2.4.65 (Win64) PHP/8.3.28 mod_fcgid/2.3.10-dev
  x-powered-by: PHP/8.3.28
  expires: Thu, 19 Nov 1981 08:52:00 GMT
  cache-control: no-store, no-cache, must-revalidate
  pragma: no-cache
  content-length: 1624
  keep-alive: timeout=5, max=97
  connection: Keep-Alive
  content-type: text/html; charset=UTF-8
  Body:
<!DOCTYPE html>
<html lang="es">
<head>
<meta charset="UTF-8">
<meta name="viewport" content="width=device-width,initial-scale=1.0">
<title>Iniciar Sesión — PharmaCRM</title>
<link rel="stylesheet" href="/hospital/public/css/styles.css">
<link rel="stylesheet" href="https://cdnjs.cloudflare.com/ajax/libs/font-awesome/6.5.1/css/all.min.css">
</head>
<body>
<div class="login-wrapper">
<div class="login-card">
<div class="logo">
<div style="font-size:48px;margin-bottom:12px"><i class="fas fa-prescription-bottl
  User variables:
    target: http://localhost/hospital
    $environment: undefined
    $testId: tyrwb_hf3cergm9paphrkje9z4gkrz7e9jf_7x9j
    $dirname: tests
    $scenarioFile: C:\wamp64\www\hospital\mi-qa\tests\escenarios.yaml
    username: vendedor1
    password: vendedor123
    nombre_medicamento: dexametasona
    cliente_id: 3
    $uuid: 9441a35d-4a6d-45ac-bf91-413e12916c39
* GET /hospital/?route=login 

  ok statusCode 200 
* GET /hospital/?route=home 

  ok statusCode 200 
* POST /hospital/?route=auth&action=login 

  not ok statusCode 200 
  expected: 302
       got: 200
  Request params:
    http://localhost/hospital/?route=auth&action=login
    ""
  Headers:
  date: Wed, 06 May 2026 16:12:58 GMT
  server: Apache/2.4.65 (Win64) PHP/8.3.28 mod_fcgid/2.3.10-dev
  x-powered-by: PHP/8.3.28
  expires: Thu, 19 Nov 1981 08:52:00 GMT
  cache-control: no-store, no-cache, must-revalidate
  pragma: no-cache
  content-length: 1624
  keep-alive: timeout=5, max=97
  connection: Keep-Alive
  content-type: text/html; charset=UTF-8
  Body:
<!DOCTYPE html>
<html lang="es">
<head>
<meta charset="UTF-8">
<meta name="viewport" content="width=device-width,initial-scale=1.0">
<title>Iniciar Sesión — PharmaCRM</title>
<link rel="stylesheet" href="/hospital/public/css/styles.css">
<link rel="stylesheet" href="https://cdnjs.cloudflare.com/ajax/libs/font-awesome/6.5.1/css/all.min.css">
</head>
<body>
<div class="login-wrapper">
<div class="login-card">
<div class="logo">
<div style="font-size:48px;margin-bottom:12px"><i class="fas fa-prescription-bottl
  User variables:
    target: http://localhost/hospital
    $environment: undefined
    $testId: tyrwb_hf3cergm9paphrkje9z4gkrz7e9jf_7x9j
    $dirname: tests
    $scenarioFile: C:\wamp64\www\hospital\mi-qa\tests\escenarios.yaml
    username: tester
    password: tester123
    nombre_medicamento: ibuprofeno
    cliente_id: 3
    $uuid: 11abf99b-9ec4-4181-b3f5-b6408aa0414f
* GET /hospital/?route=home 

  ok statusCode 200 
* GET /hospital/?route=login 

  ok statusCode 200 
* POST /hospital/?route=auth&action=login 

  not ok statusCode 200 
  expected: 302
       got: 200
  Request params:
    http://localhost/hospital/?route=auth&action=login
    ""
  Headers:
  date: Wed, 06 May 2026 16:12:58 GMT
  server: Apache/2.4.65 (Win64) PHP/8.3.28 mod_fcgid/2.3.10-dev
  x-powered-by: PHP/8.3.28
  expires: Thu, 19 Nov 1981 08:52:00 GMT
  cache-control: no-store, no-cache, must-revalidate
  pragma: no-cache
  content-length: 1624
  keep-alive: timeout=5, max=97
  connection: Keep-Alive
  content-type: text/html; charset=UTF-8
  Body:
<!DOCTYPE html>
<html lang="es">
<head>
<meta charset="UTF-8">
<meta name="viewport" content="width=device-width,initial-scale=1.0">
<title>Iniciar Sesión — PharmaCRM</title>
<link rel="stylesheet" href="/hospital/public/css/styles.css">
<link rel="stylesheet" href="https://cdnjs.cloudflare.com/ajax/libs/font-awesome/6.5.1/css/all.min.css">
</head>
<body>
<div class="login-wrapper">
<div class="login-card">
<div class="logo">
<div style="font-size:48px;margin-bottom:12px"><i class="fas fa-prescription-bottl
  User variables:
    target: http://localhost/hospital
    $environment: undefined
    $testId: tyrwb_hf3cergm9paphrkje9z4gkrz7e9jf_7x9j
    $dirname: tests
    $scenarioFile: C:\wamp64\www\hospital\mi-qa\tests\escenarios.yaml
    username: vendedor1
    password: vendedor123
    nombre_medicamento: metformina
    cliente_id: 9
    $uuid: 153992e2-a65f-4448-b8fe-ea25625c1eff
* GET /hospital/?route=home 

  ok statusCode 200 
* GET /hospital/?route=login 

  ok statusCode 200 
* POST /hospital/?route=auth&action=login 

  not ok statusCode 200 
  expected: 302
       got: 200
  Request params:
    http://localhost/hospital/?route=auth&action=login
    ""
  Headers:
  date: Wed, 06 May 2026 16:12:59 GMT
  server: Apache/2.4.65 (Win64) PHP/8.3.28 mod_fcgid/2.3.10-dev
  x-powered-by: PHP/8.3.28
  expires: Thu, 19 Nov 1981 08:52:00 GMT
  cache-control: no-store, no-cache, must-revalidate
  pragma: no-cache
  content-length: 1624
  keep-alive: timeout=5, max=97
  connection: Keep-Alive
  content-type: text/html; charset=UTF-8
  Body:
<!DOCTYPE html>
<html lang="es">
<head>
<meta charset="UTF-8">
<meta name="viewport" content="width=device-width,initial-scale=1.0">
<title>Iniciar Sesión — PharmaCRM</title>
<link rel="stylesheet" href="/hospital/public/css/styles.css">
<link rel="stylesheet" href="https://cdnjs.cloudflare.com/ajax/libs/font-awesome/6.5.1/css/all.min.css">
</head>
<body>
<div class="login-wrapper">
<div class="login-card">
<div class="logo">
<div style="font-size:48px;margin-bottom:12px"><i class="fas fa-prescription-bottl
  User variables:
    target: http://localhost/hospital
    $environment: undefined
    $testId: tyrwb_hf3cergm9paphrkje9z4gkrz7e9jf_7x9j
    $dirname: tests
    $scenarioFile: C:\wamp64\www\hospital\mi-qa\tests\escenarios.yaml
    username: supervisor1
    password: supervisor123
    nombre_medicamento: dexametasona
    cliente_id: 9
    $uuid: f1ad324e-bf53-4cc2-82ab-2d4b80a33942
* GET /hospital/?route=login 

  ok statusCode 200 
* GET /hospital/?route=home 

  ok statusCode 200 
* GET /hospital/?route=login 

  ok statusCode 200 
* GET /hospital/?route=home 

  ok statusCode 200 
* POST /hospital/?route=auth&action=login 

  not ok statusCode 200 
  expected: 302
       got: 200
  Request params:
    http://localhost/hospital/?route=auth&action=login
    ""
  Headers:
  date: Wed, 06 May 2026 16:12:59 GMT
  server: Apache/2.4.65 (Win64) PHP/8.3.28 mod_fcgid/2.3.10-dev
  x-powered-by: PHP/8.3.28
  expires: Thu, 19 Nov 1981 08:52:00 GMT
  cache-control: no-store, no-cache, must-revalidate
  pragma: no-cache
  content-length: 1624
  keep-alive: timeout=5, max=97
  connection: Keep-Alive
  content-type: text/html; charset=UTF-8
  Body:
<!DOCTYPE html>
<html lang="es">
<head>
<meta charset="UTF-8">
<meta name="viewport" content="width=device-width,initial-scale=1.0">
<title>Iniciar Sesión — PharmaCRM</title>
<link rel="stylesheet" href="/hospital/public/css/styles.css">
<link rel="stylesheet" href="https://cdnjs.cloudflare.com/ajax/libs/font-awesome/6.5.1/css/all.min.css">
</head>
<body>
<div class="login-wrapper">
<div class="login-card">
<div class="logo">
<div style="font-size:48px;margin-bottom:12px"><i class="fas fa-prescription-bottl
  User variables:
    target: http://localhost/hospital
    $environment: undefined
    $testId: tyrwb_hf3cergm9paphrkje9z4gkrz7e9jf_7x9j
    $dirname: tests
    $scenarioFile: C:\wamp64\www\hospital\mi-qa\tests\escenarios.yaml
    username: supervisor1
    password: supervisor123
    nombre_medicamento: omeprazol
    cliente_id: 2
    $uuid: d95a69bd-7271-41d6-ac18-0979215647d2
* POST /hospital/?route=auth&action=login 

  not ok statusCode 200 
  expected: 302
       got: 200
  Request params:
    http://localhost/hospital/?route=auth&action=login
    ""
  Headers:
  date: Wed, 06 May 2026 16:12:59 GMT
  server: Apache/2.4.65 (Win64) PHP/8.3.28 mod_fcgid/2.3.10-dev
  x-powered-by: PHP/8.3.28
  expires: Thu, 19 Nov 1981 08:52:00 GMT
  cache-control: no-store, no-cache, must-revalidate
  pragma: no-cache
  content-length: 1624
  keep-alive: timeout=5, max=97
  connection: Keep-Alive
  content-type: text/html; charset=UTF-8
  Body:
<!DOCTYPE html>
<html lang="es">
<head>
<meta charset="UTF-8">
<meta name="viewport" content="width=device-width,initial-scale=1.0">
<title>Iniciar Sesión — PharmaCRM</title>
<link rel="stylesheet" href="/hospital/public/css/styles.css">
<link rel="stylesheet" href="https://cdnjs.cloudflare.com/ajax/libs/font-awesome/6.5.1/css/all.min.css">
</head>
<body>
<div class="login-wrapper">
<div class="login-card">
<div class="logo">
<div style="font-size:48px;margin-bottom:12px"><i class="fas fa-prescription-bottl
  User variables:
    target: http://localhost/hospital
    $environment: undefined
    $testId: tyrwb_hf3cergm9paphrkje9z4gkrz7e9jf_7x9j
    $dirname: tests
    $scenarioFile: C:\wamp64\www\hospital\mi-qa\tests\escenarios.yaml
    username: admin
    password: admin
    nombre_medicamento: metformina
    cliente_id: 7
    $uuid: f7f09495-b878-4f34-96ec-23996b71a74a
* GET /hospital/?route=home 

  ok statusCode 200 
* POST /hospital/?route=auth&action=login 

  not ok statusCode 200 
  expected: 302
       got: 200
  Request params:
    http://localhost/hospital/?route=auth&action=login
    ""
  Headers:
  date: Wed, 06 May 2026 16:12:59 GMT
  server: Apache/2.4.65 (Win64) PHP/8.3.28 mod_fcgid/2.3.10-dev
  x-powered-by: PHP/8.3.28
  expires: Thu, 19 Nov 1981 08:52:00 GMT
  cache-control: no-store, no-cache, must-revalidate
  pragma: no-cache
  content-length: 1624
  keep-alive: timeout=5, max=97
  connection: Keep-Alive
  content-type: text/html; charset=UTF-8
  Body:
<!DOCTYPE html>
<html lang="es">
<head>
<meta charset="UTF-8">
<meta name="viewport" content="width=device-width,initial-scale=1.0">
<title>Iniciar Sesión — PharmaCRM</title>
<link rel="stylesheet" href="/hospital/public/css/styles.css">
<link rel="stylesheet" href="https://cdnjs.cloudflare.com/ajax/libs/font-awesome/6.5.1/css/all.min.css">
</head>
<body>
<div class="login-wrapper">
<div class="login-card">
<div class="logo">
<div style="font-size:48px;margin-bottom:12px"><i class="fas fa-prescription-bottl
  User variables:
    target: http://localhost/hospital
    $environment: undefined
    $testId: tyrwb_hf3cergm9paphrkje9z4gkrz7e9jf_7x9j
    $dirname: tests
    $scenarioFile: C:\wamp64\www\hospital\mi-qa\tests\escenarios.yaml
    username: vendedor1
    password: vendedor123
    nombre_medicamento: enalapril
    cliente_id: 6
    $uuid: 38fbbbe1-433d-4ed7-9cb7-8b0e2ec10133
* GET /hospital/?route=login 

  ok statusCode 200 
* GET /hospital/?route=home 

  ok statusCode 200 
* GET /hospital/?route=login 

  ok statusCode 200 
* POST /hospital/?route=auth&action=login 

  not ok statusCode 200 
  expected: 302
       got: 200
  Request params:
    http://localhost/hospital/?route=auth&action=login
    ""
  Headers:
  date: Wed, 06 May 2026 16:12:59 GMT
  server: Apache/2.4.65 (Win64) PHP/8.3.28 mod_fcgid/2.3.10-dev
  x-powered-by: PHP/8.3.28
  expires: Thu, 19 Nov 1981 08:52:00 GMT
  cache-control: no-store, no-cache, must-revalidate
  pragma: no-cache
  content-length: 1624
  keep-alive: timeout=5, max=97
  connection: Keep-Alive
  content-type: text/html; charset=UTF-8
  Body:
<!DOCTYPE html>
<html lang="es">
<head>
<meta charset="UTF-8">
<meta name="viewport" content="width=device-width,initial-scale=1.0">
<title>Iniciar Sesión — PharmaCRM</title>
<link rel="stylesheet" href="/hospital/public/css/styles.css">
<link rel="stylesheet" href="https://cdnjs.cloudflare.com/ajax/libs/font-awesome/6.5.1/css/all.min.css">
</head>
<body>
<div class="login-wrapper">
<div class="login-card">
<div class="logo">
<div style="font-size:48px;margin-bottom:12px"><i class="fas fa-prescription-bottl
  User variables:
    target: http://localhost/hospital
    $environment: undefined
    $testId: tyrwb_hf3cergm9paphrkje9z4gkrz7e9jf_7x9j
    $dirname: tests
    $scenarioFile: C:\wamp64\www\hospital\mi-qa\tests\escenarios.yaml
    username: username
    password: password
    nombre_medicamento: metformina
    cliente_id: 9
    $uuid: bed6adbe-3743-43bc-96a8-d1bbde1fdaf1
* GET /hospital/?route=home 

  ok statusCode 200 
* GET /hospital/?route=login 

  ok statusCode 200 
* POST /hospital/?route=auth&action=login 

  not ok statusCode 200 
  expected: 302
       got: 200
  Request params:
    http://localhost/hospital/?route=auth&action=login
    ""
  Headers:
  date: Wed, 06 May 2026 16:12:59 GMT
  server: Apache/2.4.65 (Win64) PHP/8.3.28 mod_fcgid/2.3.10-dev
  x-powered-by: PHP/8.3.28
  expires: Thu, 19 Nov 1981 08:52:00 GMT
  cache-control: no-store, no-cache, must-revalidate
  pragma: no-cache
  content-length: 1624
  keep-alive: timeout=5, max=97
  connection: Keep-Alive
  content-type: text/html; charset=UTF-8
  Body:
<!DOCTYPE html>
<html lang="es">
<head>
<meta charset="UTF-8">
<meta name="viewport" content="width=device-width,initial-scale=1.0">
<title>Iniciar Sesión — PharmaCRM</title>
<link rel="stylesheet" href="/hospital/public/css/styles.css">
<link rel="stylesheet" href="https://cdnjs.cloudflare.com/ajax/libs/font-awesome/6.5.1/css/all.min.css">
</head>
<body>
<div class="login-wrapper">
<div class="login-card">
<div class="logo">
<div style="font-size:48px;margin-bottom:12px"><i class="fas fa-prescription-bottl
  User variables:
    target: http://localhost/hospital
    $environment: undefined
    $testId: tyrwb_hf3cergm9paphrkje9z4gkrz7e9jf_7x9j
    $dirname: tests
    $scenarioFile: C:\wamp64\www\hospital\mi-qa\tests\escenarios.yaml
    username: username
    password: password
    nombre_medicamento: dexametasona
    cliente_id: 4
    $uuid: 90947690-f927-4338-9c08-24db3e48f61d
* GET /hospital/?route=login 

  ok statusCode 200 
* GET /hospital/?route=home 

  ok statusCode 200 
* POST /hospital/?route=auth&action=login 

  not ok statusCode 200 
  expected: 302
       got: 200
  Request params:
    http://localhost/hospital/?route=auth&action=login
    ""
  Headers:
  date: Wed, 06 May 2026 16:12:59 GMT
  server: Apache/2.4.65 (Win64) PHP/8.3.28 mod_fcgid/2.3.10-dev
  x-powered-by: PHP/8.3.28
  expires: Thu, 19 Nov 1981 08:52:00 GMT
  cache-control: no-store, no-cache, must-revalidate
  pragma: no-cache
  content-length: 1624
  keep-alive: timeout=5, max=97
  connection: Keep-Alive
  content-type: text/html; charset=UTF-8
  Body:
<!DOCTYPE html>
<html lang="es">
<head>
<meta charset="UTF-8">
<meta name="viewport" content="width=device-width,initial-scale=1.0">
<title>Iniciar Sesión — PharmaCRM</title>
<link rel="stylesheet" href="/hospital/public/css/styles.css">
<link rel="stylesheet" href="https://cdnjs.cloudflare.com/ajax/libs/font-awesome/6.5.1/css/all.min.css">
</head>
<body>
<div class="login-wrapper">
<div class="login-card">
<div class="logo">
<div style="font-size:48px;margin-bottom:12px"><i class="fas fa-prescription-bottl
  User variables:
    target: http://localhost/hospital
    $environment: undefined
    $testId: tyrwb_hf3cergm9paphrkje9z4gkrz7e9jf_7x9j
    $dirname: tests
    $scenarioFile: C:\wamp64\www\hospital\mi-qa\tests\escenarios.yaml
    username: username
    password: password
    nombre_medicamento: salbutamol
    cliente_id: 5
    $uuid: 7c5f0853-6610-4ad0-9afb-a6e98909979e
* GET /hospital/?route=login 

  ok statusCode 200 
* POST /hospital/?route=auth&action=login 

  not ok statusCode 200 
  expected: 302
       got: 200
  Request params:
    http://localhost/hospital/?route=auth&action=login
    ""
  Headers:
  date: Wed, 06 May 2026 16:12:59 GMT
  server: Apache/2.4.65 (Win64) PHP/8.3.28 mod_fcgid/2.3.10-dev
  x-powered-by: PHP/8.3.28
  expires: Thu, 19 Nov 1981 08:52:00 GMT
  cache-control: no-store, no-cache, must-revalidate
  pragma: no-cache
  content-length: 1624
  keep-alive: timeout=5, max=97
  connection: Keep-Alive
  content-type: text/html; charset=UTF-8
  Body:
<!DOCTYPE html>
<html lang="es">
<head>
<meta charset="UTF-8">
<meta name="viewport" content="width=device-width,initial-scale=1.0">
<title>Iniciar Sesión — PharmaCRM</title>
<link rel="stylesheet" href="/hospital/public/css/styles.css">
<link rel="stylesheet" href="https://cdnjs.cloudflare.com/ajax/libs/font-awesome/6.5.1/css/all.min.css">
</head>
<body>
<div class="login-wrapper">
<div class="login-card">
<div class="logo">
<div style="font-size:48px;margin-bottom:12px"><i class="fas fa-prescription-bottl
  User variables:
    target: http://localhost/hospital
    $environment: undefined
    $testId: tyrwb_hf3cergm9paphrkje9z4gkrz7e9jf_7x9j
    $dirname: tests
    $scenarioFile: C:\wamp64\www\hospital\mi-qa\tests\escenarios.yaml
    username: tester
    password: tester123
    nombre_medicamento: ibuprofeno
    cliente_id: 6
    $uuid: 2722dac5-9a93-453f-9e6c-8620d58260a9
* GET /hospital/?route=home 

  ok statusCode 200 
* GET /hospital/?route=home 

  ok statusCode 200 
* GET /hospital/?route=login 

  ok statusCode 200 
* POST /hospital/?route=auth&action=login 

  not ok statusCode 200 
  expected: 302
       got: 200
  Request params:
    http://localhost/hospital/?route=auth&action=login
    ""
  Headers:
  date: Wed, 06 May 2026 16:12:59 GMT
  server: Apache/2.4.65 (Win64) PHP/8.3.28 mod_fcgid/2.3.10-dev
  x-powered-by: PHP/8.3.28
  expires: Thu, 19 Nov 1981 08:52:00 GMT
  cache-control: no-store, no-cache, must-revalidate
  pragma: no-cache
  content-length: 1624
  keep-alive: timeout=5, max=97
  connection: Keep-Alive
  content-type: text/html; charset=UTF-8
  Body:
<!DOCTYPE html>
<html lang="es">
<head>
<meta charset="UTF-8">
<meta name="viewport" content="width=device-width,initial-scale=1.0">
<title>Iniciar Sesión — PharmaCRM</title>
<link rel="stylesheet" href="/hospital/public/css/styles.css">
<link rel="stylesheet" href="https://cdnjs.cloudflare.com/ajax/libs/font-awesome/6.5.1/css/all.min.css">
</head>
<body>
<div class="login-wrapper">
<div class="login-card">
<div class="logo">
<div style="font-size:48px;margin-bottom:12px"><i class="fas fa-prescription-bottl
  User variables:
    target: http://localhost/hospital
    $environment: undefined
    $testId: tyrwb_hf3cergm9paphrkje9z4gkrz7e9jf_7x9j
    $dirname: tests
    $scenarioFile: C:\wamp64\www\hospital\mi-qa\tests\escenarios.yaml
    username: admin
    password: admin
    nombre_medicamento: acetaminofen
    cliente_id: 10
    $uuid: 736b3568-95f8-4ba8-92b9-0a1068ffc95d
* GET /hospital/?route=home 

  ok statusCode 200 
* GET /hospital/?route=login 

  ok statusCode 200 
* POST /hospital/?route=auth&action=login 

  not ok statusCode 200 
  expected: 302
       got: 200
  Request params:
    http://localhost/hospital/?route=auth&action=login
    ""
  Headers:
  date: Wed, 06 May 2026 16:12:59 GMT
  server: Apache/2.4.65 (Win64) PHP/8.3.28 mod_fcgid/2.3.10-dev
  x-powered-by: PHP/8.3.28
  expires: Thu, 19 Nov 1981 08:52:00 GMT
  cache-control: no-store, no-cache, must-revalidate
  pragma: no-cache
  content-length: 1624
  keep-alive: timeout=5, max=97
  connection: Keep-Alive
  content-type: text/html; charset=UTF-8
  Body:
<!DOCTYPE html>
<html lang="es">
<head>
<meta charset="UTF-8">
<meta name="viewport" content="width=device-width,initial-scale=1.0">
<title>Iniciar Sesión — PharmaCRM</title>
<link rel="stylesheet" href="/hospital/public/css/styles.css">
<link rel="stylesheet" href="https://cdnjs.cloudflare.com/ajax/libs/font-awesome/6.5.1/css/all.min.css">
</head>
<body>
<div class="login-wrapper">
<div class="login-card">
<div class="logo">
<div style="font-size:48px;margin-bottom:12px"><i class="fas fa-prescription-bottl
  User variables:
    target: http://localhost/hospital
    $environment: undefined
    $testId: tyrwb_hf3cergm9paphrkje9z4gkrz7e9jf_7x9j
    $dirname: tests
    $scenarioFile: C:\wamp64\www\hospital\mi-qa\tests\escenarios.yaml
    username: username
    password: password
    nombre_medicamento: amoxicilina
    cliente_id: 2
    $uuid: b0bba64b-eceb-44f1-a257-b5c165ffe5cd
* GET /hospital/?route=home 

  ok statusCode 200 
* GET /hospital/?route=login 

  ok statusCode 200 
* POST /hospital/?route=auth&action=login 

  not ok statusCode 200 
  expected: 302
       got: 200
  Request params:
    http://localhost/hospital/?route=auth&action=login
    ""
  Headers:
  date: Wed, 06 May 2026 16:12:59 GMT
  server: Apache/2.4.65 (Win64) PHP/8.3.28 mod_fcgid/2.3.10-dev
  x-powered-by: PHP/8.3.28
  expires: Thu, 19 Nov 1981 08:52:00 GMT
  cache-control: no-store, no-cache, must-revalidate
  pragma: no-cache
  content-length: 1624
  keep-alive: timeout=5, max=97
  connection: Keep-Alive
  content-type: text/html; charset=UTF-8
  Body:
<!DOCTYPE html>
<html lang="es">
<head>
<meta charset="UTF-8">
<meta name="viewport" content="width=device-width,initial-scale=1.0">
<title>Iniciar Sesión — PharmaCRM</title>
<link rel="stylesheet" href="/hospital/public/css/styles.css">
<link rel="stylesheet" href="https://cdnjs.cloudflare.com/ajax/libs/font-awesome/6.5.1/css/all.min.css">
</head>
<body>
<div class="login-wrapper">
<div class="login-card">
<div class="logo">
<div style="font-size:48px;margin-bottom:12px"><i class="fas fa-prescription-bottl
  User variables:
    target: http://localhost/hospital
    $environment: undefined
    $testId: tyrwb_hf3cergm9paphrkje9z4gkrz7e9jf_7x9j
    $dirname: tests
    $scenarioFile: C:\wamp64\www\hospital\mi-qa\tests\escenarios.yaml
    username: tester
    password: tester123
    nombre_medicamento: salbutamol
    cliente_id: 3
    $uuid: 5fd57204-3237-48a0-9972-5aa6decb88bb
* GET /hospital/?route=home 

  ok statusCode 200 
* GET /hospital/?route=login 

  ok statusCode 200 
* POST /hospital/?route=auth&action=login 

  not ok statusCode 200 
  expected: 302
       got: 200
  Request params:
    http://localhost/hospital/?route=auth&action=login
    ""
  Headers:
  date: Wed, 06 May 2026 16:13:00 GMT
  server: Apache/2.4.65 (Win64) PHP/8.3.28 mod_fcgid/2.3.10-dev
  x-powered-by: PHP/8.3.28
  expires: Thu, 19 Nov 1981 08:52:00 GMT
  cache-control: no-store, no-cache, must-revalidate
  pragma: no-cache
  content-length: 1624
  keep-alive: timeout=5, max=97
  connection: Keep-Alive
  content-type: text/html; charset=UTF-8
  Body:
<!DOCTYPE html>
<html lang="es">
<head>
<meta charset="UTF-8">
<meta name="viewport" content="width=device-width,initial-scale=1.0">
<title>Iniciar Sesión — PharmaCRM</title>
<link rel="stylesheet" href="/hospital/public/css/styles.css">
<link rel="stylesheet" href="https://cdnjs.cloudflare.com/ajax/libs/font-awesome/6.5.1/css/all.min.css">
</head>
<body>
<div class="login-wrapper">
<div class="login-card">
<div class="logo">
<div style="font-size:48px;margin-bottom:12px"><i class="fas fa-prescription-bottl
  User variables:
    target: http://localhost/hospital
    $environment: undefined
    $testId: tyrwb_hf3cergm9paphrkje9z4gkrz7e9jf_7x9j
    $dirname: tests
    $scenarioFile: C:\wamp64\www\hospital\mi-qa\tests\escenarios.yaml
    username: admin
    password: admin
    nombre_medicamento: dexametasona
    cliente_id: 9
    $uuid: 0e2f990f-827d-48c8-a154-5ba55525de53
* GET /hospital/?route=home 

  ok statusCode 200 
* GET /hospital/?route=login 

  ok statusCode 200 
* POST /hospital/?route=auth&action=login 

  not ok statusCode 200 
  expected: 302
       got: 200
  Request params:
    http://localhost/hospital/?route=auth&action=login
    ""
  Headers:
  date: Wed, 06 May 2026 16:13:00 GMT
  server: Apache/2.4.65 (Win64) PHP/8.3.28 mod_fcgid/2.3.10-dev
  x-powered-by: PHP/8.3.28
  expires: Thu, 19 Nov 1981 08:52:00 GMT
  cache-control: no-store, no-cache, must-revalidate
  pragma: no-cache
  content-length: 1624
  keep-alive: timeout=5, max=97
  connection: Keep-Alive
  content-type: text/html; charset=UTF-8
  Body:
<!DOCTYPE html>
<html lang="es">
<head>
<meta charset="UTF-8">
<meta name="viewport" content="width=device-width,initial-scale=1.0">
<title>Iniciar Sesión — PharmaCRM</title>
<link rel="stylesheet" href="/hospital/public/css/styles.css">
<link rel="stylesheet" href="https://cdnjs.cloudflare.com/ajax/libs/font-awesome/6.5.1/css/all.min.css">
</head>
<body>
<div class="login-wrapper">
<div class="login-card">
<div class="logo">
<div style="font-size:48px;margin-bottom:12px"><i class="fas fa-prescription-bottl
  User variables:
    target: http://localhost/hospital
    $environment: undefined
    $testId: tyrwb_hf3cergm9paphrkje9z4gkrz7e9jf_7x9j
    $dirname: tests
    $scenarioFile: C:\wamp64\www\hospital\mi-qa\tests\escenarios.yaml
    username: supervisor1
    password: supervisor123
    nombre_medicamento: ibuprofeno
    cliente_id: 7
    $uuid: 534d5bd5-5112-4a0a-9943-688642cd905f
* GET /hospital/?route=home 

  ok statusCode 200 
* GET /hospital/?route=login 

  ok statusCode 200 
* POST /hospital/?route=auth&action=login 

  not ok statusCode 200 
  expected: 302
       got: 200
  Request params:
    http://localhost/hospital/?route=auth&action=login
    ""
  Headers:
  date: Wed, 06 May 2026 16:13:00 GMT
  server: Apache/2.4.65 (Win64) PHP/8.3.28 mod_fcgid/2.3.10-dev
  x-powered-by: PHP/8.3.28
  expires: Thu, 19 Nov 1981 08:52:00 GMT
  cache-control: no-store, no-cache, must-revalidate
  pragma: no-cache
  content-length: 1624
  keep-alive: timeout=5, max=97
  connection: Keep-Alive
  content-type: text/html; charset=UTF-8
  Body:
<!DOCTYPE html>
<html lang="es">
<head>
<meta charset="UTF-8">
<meta name="viewport" content="width=device-width,initial-scale=1.0">
<title>Iniciar Sesión — PharmaCRM</title>
<link rel="stylesheet" href="/hospital/public/css/styles.css">
<link rel="stylesheet" href="https://cdnjs.cloudflare.com/ajax/libs/font-awesome/6.5.1/css/all.min.css">
</head>
<body>
<div class="login-wrapper">
<div class="login-card">
<div class="logo">
<div style="font-size:48px;margin-bottom:12px"><i class="fas fa-prescription-bottl
  User variables:
    target: http://localhost/hospital
    $environment: undefined
    $testId: tyrwb_hf3cergm9paphrkje9z4gkrz7e9jf_7x9j
    $dirname: tests
    $scenarioFile: C:\wamp64\www\hospital\mi-qa\tests\escenarios.yaml
    username: supervisor1
    password: supervisor123
    nombre_medicamento: omeprazol
    cliente_id: 7
    $uuid: e57655a5-f9a4-49c3-a3f3-703fa87d66ba
* GET /hospital/?route=login 

  ok statusCode 200 
* POST /hospital/?route=auth&action=login 

  not ok statusCode 200 
  expected: 302
       got: 200
  Request params:
    http://localhost/hospital/?route=auth&action=login
    ""
  Headers:
  date: Wed, 06 May 2026 16:13:00 GMT
  server: Apache/2.4.65 (Win64) PHP/8.3.28 mod_fcgid/2.3.10-dev
  x-powered-by: PHP/8.3.28
  expires: Thu, 19 Nov 1981 08:52:00 GMT
  cache-control: no-store, no-cache, must-revalidate
  pragma: no-cache
  content-length: 1624
  keep-alive: timeout=5, max=97
  connection: Keep-Alive
  content-type: text/html; charset=UTF-8
  Body:
<!DOCTYPE html>
<html lang="es">
<head>
<meta charset="UTF-8">
<meta name="viewport" content="width=device-width,initial-scale=1.0">
<title>Iniciar Sesión — PharmaCRM</title>
<link rel="stylesheet" href="/hospital/public/css/styles.css">
<link rel="stylesheet" href="https://cdnjs.cloudflare.com/ajax/libs/font-awesome/6.5.1/css/all.min.css">
</head>
<body>
<div class="login-wrapper">
<div class="login-card">
<div class="logo">
<div style="font-size:48px;margin-bottom:12px"><i class="fas fa-prescription-bottl
  User variables:
    target: http://localhost/hospital
    $environment: undefined
    $testId: tyrwb_hf3cergm9paphrkje9z4gkrz7e9jf_7x9j
    $dirname: tests
    $scenarioFile: C:\wamp64\www\hospital\mi-qa\tests\escenarios.yaml
    username: username
    password: password
    nombre_medicamento: losartan
    cliente_id: 2
    $uuid: f3e8b855-143c-4bb0-a712-f9521768331c
* GET /hospital/?route=home 

* GET /hospital/?route=login 

  ok statusCode 200 
  ok statusCode 200 
* GET /hospital/?route=home 

  ok statusCode 200 
* POST /hospital/?route=auth&action=login 

  not ok statusCode 200 
  expected: 302
       got: 200
  Request params:
    http://localhost/hospital/?route=auth&action=login
    ""
  Headers:
  date: Wed, 06 May 2026 16:13:00 GMT
  server: Apache/2.4.65 (Win64) PHP/8.3.28 mod_fcgid/2.3.10-dev
  x-powered-by: PHP/8.3.28
  expires: Thu, 19 Nov 1981 08:52:00 GMT
  cache-control: no-store, no-cache, must-revalidate
  pragma: no-cache
  content-length: 1624
  keep-alive: timeout=5, max=97
  connection: Keep-Alive
  content-type: text/html; charset=UTF-8
  Body:
<!DOCTYPE html>
<html lang="es">
<head>
<meta charset="UTF-8">
<meta name="viewport" content="width=device-width,initial-scale=1.0">
<title>Iniciar Sesión — PharmaCRM</title>
<link rel="stylesheet" href="/hospital/public/css/styles.css">
<link rel="stylesheet" href="https://cdnjs.cloudflare.com/ajax/libs/font-awesome/6.5.1/css/all.min.css">
</head>
<body>
<div class="login-wrapper">
<div class="login-card">
<div class="logo">
<div style="font-size:48px;margin-bottom:12px"><i class="fas fa-prescription-bottl
  User variables:
    target: http://localhost/hospital
    $environment: undefined
    $testId: tyrwb_hf3cergm9paphrkje9z4gkrz7e9jf_7x9j
    $dirname: tests
    $scenarioFile: C:\wamp64\www\hospital\mi-qa\tests\escenarios.yaml
    username: tester
    password: tester123
    nombre_medicamento: loratadina
    cliente_id: 4
    $uuid: 06d81538-2e78-4e50-8506-04ac791f1096
* GET /hospital/?route=login 

  ok statusCode 200 
* POST /hospital/?route=auth&action=login 

  not ok statusCode 200 
  expected: 302
       got: 200
  Request params:
    http://localhost/hospital/?route=auth&action=login
    ""
  Headers:
  date: Wed, 06 May 2026 16:13:00 GMT
  server: Apache/2.4.65 (Win64) PHP/8.3.28 mod_fcgid/2.3.10-dev
  x-powered-by: PHP/8.3.28
  expires: Thu, 19 Nov 1981 08:52:00 GMT
  cache-control: no-store, no-cache, must-revalidate
  pragma: no-cache
  content-length: 1624
  keep-alive: timeout=5, max=97
  connection: Keep-Alive
  content-type: text/html; charset=UTF-8
  Body:
<!DOCTYPE html>
<html lang="es">
<head>
<meta charset="UTF-8">
<meta name="viewport" content="width=device-width,initial-scale=1.0">
<title>Iniciar Sesión — PharmaCRM</title>
<link rel="stylesheet" href="/hospital/public/css/styles.css">
<link rel="stylesheet" href="https://cdnjs.cloudflare.com/ajax/libs/font-awesome/6.5.1/css/all.min.css">
</head>
<body>
<div class="login-wrapper">
<div class="login-card">
<div class="logo">
<div style="font-size:48px;margin-bottom:12px"><i class="fas fa-prescription-bottl
  User variables:
    target: http://localhost/hospital
    $environment: undefined
    $testId: tyrwb_hf3cergm9paphrkje9z4gkrz7e9jf_7x9j
    $dirname: tests
    $scenarioFile: C:\wamp64\www\hospital\mi-qa\tests\escenarios.yaml
    username: supervisor1
    password: supervisor123
    nombre_medicamento: dexametasona
    cliente_id: 7
    $uuid: ab2c47a0-c040-440f-8966-a512a1461a2c
* GET /hospital/?route=home 

  ok statusCode 200 
* GET /hospital/?route=home 

  ok statusCode 200 
* GET /hospital/?route=login 

  ok statusCode 200 
* POST /hospital/?route=auth&action=login 

  not ok statusCode 200 
  expected: 302
       got: 200
  Request params:
    http://localhost/hospital/?route=auth&action=login
    ""
  Headers:
  date: Wed, 06 May 2026 16:13:00 GMT
  server: Apache/2.4.65 (Win64) PHP/8.3.28 mod_fcgid/2.3.10-dev
  x-powered-by: PHP/8.3.28
  expires: Thu, 19 Nov 1981 08:52:00 GMT
  cache-control: no-store, no-cache, must-revalidate
  pragma: no-cache
  content-length: 1624
  keep-alive: timeout=5, max=97
  connection: Keep-Alive
  content-type: text/html; charset=UTF-8
  Body:
<!DOCTYPE html>
<html lang="es">
<head>
<meta charset="UTF-8">
<meta name="viewport" content="width=device-width,initial-scale=1.0">
<title>Iniciar Sesión — PharmaCRM</title>
<link rel="stylesheet" href="/hospital/public/css/styles.css">
<link rel="stylesheet" href="https://cdnjs.cloudflare.com/ajax/libs/font-awesome/6.5.1/css/all.min.css">
</head>
<body>
<div class="login-wrapper">
<div class="login-card">
<div class="logo">
<div style="font-size:48px;margin-bottom:12px"><i class="fas fa-prescription-bottl
  User variables:
    target: http://localhost/hospital
    $environment: undefined
    $testId: tyrwb_hf3cergm9paphrkje9z4gkrz7e9jf_7x9j
    $dirname: tests
    $scenarioFile: C:\wamp64\www\hospital\mi-qa\tests\escenarios.yaml
    username: tester
    password: tester123
    nombre_medicamento: ibuprofeno
    cliente_id: 4
    $uuid: 675bafae-ba28-431d-a5b4-107b4971a4fd
* GET /hospital/?route=home 

  ok statusCode 200 
* GET /hospital/?route=login 

  ok statusCode 200 
* POST /hospital/?route=auth&action=login 

  not ok statusCode 200 
  expected: 302
       got: 200
  Request params:
    http://localhost/hospital/?route=auth&action=login
    ""
  Headers:
  date: Wed, 06 May 2026 16:13:00 GMT
  server: Apache/2.4.65 (Win64) PHP/8.3.28 mod_fcgid/2.3.10-dev
  x-powered-by: PHP/8.3.28
  expires: Thu, 19 Nov 1981 08:52:00 GMT
  cache-control: no-store, no-cache, must-revalidate
  pragma: no-cache
  content-length: 1624
  keep-alive: timeout=5, max=97
  connection: Keep-Alive
  content-type: text/html; charset=UTF-8
  Body:
<!DOCTYPE html>
<html lang="es">
<head>
<meta charset="UTF-8">
<meta name="viewport" content="width=device-width,initial-scale=1.0">
<title>Iniciar Sesión — PharmaCRM</title>
<link rel="stylesheet" href="/hospital/public/css/styles.css">
<link rel="stylesheet" href="https://cdnjs.cloudflare.com/ajax/libs/font-awesome/6.5.1/css/all.min.css">
</head>
<body>
<div class="login-wrapper">
<div class="login-card">
<div class="logo">
<div style="font-size:48px;margin-bottom:12px"><i class="fas fa-prescription-bottl
  User variables:
    target: http://localhost/hospital
    $environment: undefined
    $testId: tyrwb_hf3cergm9paphrkje9z4gkrz7e9jf_7x9j
    $dirname: tests
    $scenarioFile: C:\wamp64\www\hospital\mi-qa\tests\escenarios.yaml
    username: tester
    password: tester123
    nombre_medicamento: metformina
    cliente_id: 6
    $uuid: a8ef50c3-7b7b-4c7a-aaad-da9d520dbc01
* GET /hospital/?route=home 

  ok statusCode 200 
* GET /hospital/?route=login 

  ok statusCode 200 
* GET /hospital/?route=login 

  ok statusCode 200 
* POST /hospital/?route=auth&action=login 

  not ok statusCode 200 
  expected: 302
       got: 200
  Request params:
    http://localhost/hospital/?route=auth&action=login
    ""
  Headers:
  date: Wed, 06 May 2026 16:13:00 GMT
  server: Apache/2.4.65 (Win64) PHP/8.3.28 mod_fcgid/2.3.10-dev
  x-powered-by: PHP/8.3.28
  expires: Thu, 19 Nov 1981 08:52:00 GMT
  cache-control: no-store, no-cache, must-revalidate
  pragma: no-cache
  content-length: 1624
  keep-alive: timeout=5, max=97
  connection: Keep-Alive
  content-type: text/html; charset=UTF-8
  Body:
<!DOCTYPE html>
<html lang="es">
<head>
<meta charset="UTF-8">
<meta name="viewport" content="width=device-width,initial-scale=1.0">
<title>Iniciar Sesión — PharmaCRM</title>
<link rel="stylesheet" href="/hospital/public/css/styles.css">
<link rel="stylesheet" href="https://cdnjs.cloudflare.com/ajax/libs/font-awesome/6.5.1/css/all.min.css">
</head>
<body>
<div class="login-wrapper">
<div class="login-card">
<div class="logo">
<div style="font-size:48px;margin-bottom:12px"><i class="fas fa-prescription-bottl
  User variables:
    target: http://localhost/hospital
    $environment: undefined
    $testId: tyrwb_hf3cergm9paphrkje9z4gkrz7e9jf_7x9j
    $dirname: tests
    $scenarioFile: C:\wamp64\www\hospital\mi-qa\tests\escenarios.yaml
    username: vendedor1
    password: vendedor123
    nombre_medicamento: ibuprofeno
    cliente_id: 3
    $uuid: ba3657c8-9d07-4f23-a1e1-e2c639fee8a7
* POST /hospital/?route=auth&action=login 

  not ok statusCode 200 
  expected: 302
       got: 200
  Request params:
    http://localhost/hospital/?route=auth&action=login
    ""
  Headers:
  date: Wed, 06 May 2026 16:13:00 GMT
  server: Apache/2.4.65 (Win64) PHP/8.3.28 mod_fcgid/2.3.10-dev
  x-powered-by: PHP/8.3.28
  expires: Thu, 19 Nov 1981 08:52:00 GMT
  cache-control: no-store, no-cache, must-revalidate
  pragma: no-cache
  content-length: 1624
  keep-alive: timeout=5, max=97
  connection: Keep-Alive
  content-type: text/html; charset=UTF-8
  Body:
<!DOCTYPE html>
<html lang="es">
<head>
<meta charset="UTF-8">
<meta name="viewport" content="width=device-width,initial-scale=1.0">
<title>Iniciar Sesión — PharmaCRM</title>
<link rel="stylesheet" href="/hospital/public/css/styles.css">
<link rel="stylesheet" href="https://cdnjs.cloudflare.com/ajax/libs/font-awesome/6.5.1/css/all.min.css">
</head>
<body>
<div class="login-wrapper">
<div class="login-card">
<div class="logo">
<div style="font-size:48px;margin-bottom:12px"><i class="fas fa-prescription-bottl
  User variables:
    target: http://localhost/hospital
    $environment: undefined
    $testId: tyrwb_hf3cergm9paphrkje9z4gkrz7e9jf_7x9j
    $dirname: tests
    $scenarioFile: C:\wamp64\www\hospital\mi-qa\tests\escenarios.yaml
    username: supervisor1
    password: supervisor123
    nombre_medicamento: ibuprofeno
    cliente_id: 2
    $uuid: c86e4af7-ee2e-4533-9eee-869a61d9607d
* GET /hospital/?route=home 

  ok statusCode 200 
* GET /hospital/?route=login 

  ok statusCode 200 
* GET /hospital/?route=home 

* GET /hospital/?route=home 

  ok statusCode 200 
  ok statusCode 200 
* POST /hospital/?route=auth&action=login 

  not ok statusCode 200 
  expected: 302
       got: 200
  Request params:
    http://localhost/hospital/?route=auth&action=login
    ""
  Headers:
  date: Wed, 06 May 2026 16:13:00 GMT
  server: Apache/2.4.65 (Win64) PHP/8.3.28 mod_fcgid/2.3.10-dev
  x-powered-by: PHP/8.3.28
  expires: Thu, 19 Nov 1981 08:52:00 GMT
  cache-control: no-store, no-cache, must-revalidate
  pragma: no-cache
  content-length: 1624
  keep-alive: timeout=5, max=97
  connection: Keep-Alive
  content-type: text/html; charset=UTF-8
  Body:
<!DOCTYPE html>
<html lang="es">
<head>
<meta charset="UTF-8">
<meta name="viewport" content="width=device-width,initial-scale=1.0">
<title>Iniciar Sesión — PharmaCRM</title>
<link rel="stylesheet" href="/hospital/public/css/styles.css">
<link rel="stylesheet" href="https://cdnjs.cloudflare.com/ajax/libs/font-awesome/6.5.1/css/all.min.css">
</head>
<body>
<div class="login-wrapper">
<div class="login-card">
<div class="logo">
<div style="font-size:48px;margin-bottom:12px"><i class="fas fa-prescription-bottl
  User variables:
    target: http://localhost/hospital
    $environment: undefined
    $testId: tyrwb_hf3cergm9paphrkje9z4gkrz7e9jf_7x9j
    $dirname: tests
    $scenarioFile: C:\wamp64\www\hospital\mi-qa\tests\escenarios.yaml
    username: supervisor1
    password: supervisor123
    nombre_medicamento: enalapril
    cliente_id: 6
    $uuid: 1b1b4cb8-e5be-4357-8422-8dbd88fccda1
* GET /hospital/?route=login 

  ok statusCode 200 
* GET /hospital/?route=home 

  ok statusCode 200 
* POST /hospital/?route=auth&action=login 

  not ok statusCode 200 
  expected: 302
       got: 200
  Request params:
    http://localhost/hospital/?route=auth&action=login
    ""
  Headers:
  date: Wed, 06 May 2026 16:13:00 GMT
  server: Apache/2.4.65 (Win64) PHP/8.3.28 mod_fcgid/2.3.10-dev
  x-powered-by: PHP/8.3.28
  expires: Thu, 19 Nov 1981 08:52:00 GMT
  cache-control: no-store, no-cache, must-revalidate
  pragma: no-cache
  content-length: 1624
  keep-alive: timeout=5, max=97
  connection: Keep-Alive
  content-type: text/html; charset=UTF-8
  Body:
<!DOCTYPE html>
<html lang="es">
<head>
<meta charset="UTF-8">
<meta name="viewport" content="width=device-width,initial-scale=1.0">
<title>Iniciar Sesión — PharmaCRM</title>
<link rel="stylesheet" href="/hospital/public/css/styles.css">
<link rel="stylesheet" href="https://cdnjs.cloudflare.com/ajax/libs/font-awesome/6.5.1/css/all.min.css">
</head>
<body>
<div class="login-wrapper">
<div class="login-card">
<div class="logo">
<div style="font-size:48px;margin-bottom:12px"><i class="fas fa-prescription-bottl
  User variables:
    target: http://localhost/hospital
    $environment: undefined
    $testId: tyrwb_hf3cergm9paphrkje9z4gkrz7e9jf_7x9j
    $dirname: tests
    $scenarioFile: C:\wamp64\www\hospital\mi-qa\tests\escenarios.yaml
    username: username
    password: password
    nombre_medicamento: amoxicilina
    cliente_id: 4
    $uuid: bf1510af-d603-4527-a287-4391123bd4ed
* GET /hospital/?route=login 

  ok statusCode 200 
* GET /hospital/?route=home 

  ok statusCode 200 
* POST /hospital/?route=auth&action=login 

  not ok statusCode 200 
  expected: 302
       got: 200
  Request params:
    http://localhost/hospital/?route=auth&action=login
    ""
  Headers:
  date: Wed, 06 May 2026 16:13:01 GMT
  server: Apache/2.4.65 (Win64) PHP/8.3.28 mod_fcgid/2.3.10-dev
  x-powered-by: PHP/8.3.28
  expires: Thu, 19 Nov 1981 08:52:00 GMT
  cache-control: no-store, no-cache, must-revalidate
  pragma: no-cache
  content-length: 1624
  keep-alive: timeout=5, max=97
  connection: Keep-Alive
  content-type: text/html; charset=UTF-8
  Body:
<!DOCTYPE html>
<html lang="es">
<head>
<meta charset="UTF-8">
<meta name="viewport" content="width=device-width,initial-scale=1.0">
<title>Iniciar Sesión — PharmaCRM</title>
<link rel="stylesheet" href="/hospital/public/css/styles.css">
<link rel="stylesheet" href="https://cdnjs.cloudflare.com/ajax/libs/font-awesome/6.5.1/css/all.min.css">
</head>
<body>
<div class="login-wrapper">
<div class="login-card">
<div class="logo">
<div style="font-size:48px;margin-bottom:12px"><i class="fas fa-prescription-bottl
  User variables:
    target: http://localhost/hospital
    $environment: undefined
    $testId: tyrwb_hf3cergm9paphrkje9z4gkrz7e9jf_7x9j
    $dirname: tests
    $scenarioFile: C:\wamp64\www\hospital\mi-qa\tests\escenarios.yaml
    username: supervisor1
    password: supervisor123
    nombre_medicamento: loratadina
    cliente_id: cliente_id
    $uuid: 0214eb41-d1f6-465d-8300-b3b6cab86203
* GET /hospital/?route=home 

  ok statusCode 200 
* GET /hospital/?route=login 

  ok statusCode 200 
* POST /hospital/?route=auth&action=login 

  not ok statusCode 200 
  expected: 302
       got: 200
  Request params:
    http://localhost/hospital/?route=auth&action=login
    ""
  Headers:
  date: Wed, 06 May 2026 16:13:01 GMT
  server: Apache/2.4.65 (Win64) PHP/8.3.28 mod_fcgid/2.3.10-dev
  x-powered-by: PHP/8.3.28
  expires: Thu, 19 Nov 1981 08:52:00 GMT
  cache-control: no-store, no-cache, must-revalidate
  pragma: no-cache
  content-length: 1624
  keep-alive: timeout=5, max=97
  connection: Keep-Alive
  content-type: text/html; charset=UTF-8
  Body:
<!DOCTYPE html>
<html lang="es">
<head>
<meta charset="UTF-8">
<meta name="viewport" content="width=device-width,initial-scale=1.0">
<title>Iniciar Sesión — PharmaCRM</title>
<link rel="stylesheet" href="/hospital/public/css/styles.css">
<link rel="stylesheet" href="https://cdnjs.cloudflare.com/ajax/libs/font-awesome/6.5.1/css/all.min.css">
</head>
<body>
<div class="login-wrapper">
<div class="login-card">
<div class="logo">
<div style="font-size:48px;margin-bottom:12px"><i class="fas fa-prescription-bottl
  User variables:
    target: http://localhost/hospital
    $environment: undefined
    $testId: tyrwb_hf3cergm9paphrkje9z4gkrz7e9jf_7x9j
    $dirname: tests
    $scenarioFile: C:\wamp64\www\hospital\mi-qa\tests\escenarios.yaml
    username: tester
    password: tester123
    nombre_medicamento: acetaminofen
    cliente_id: 1
    $uuid: a2f3dbd1-85c4-401d-a4ea-0ef7c7453552
* GET /hospital/?route=home 

  ok statusCode 200 
* GET /hospital/?route=login 

  ok statusCode 200 
* POST /hospital/?route=auth&action=login 

  not ok statusCode 200 
  expected: 302
       got: 200
  Request params:
    http://localhost/hospital/?route=auth&action=login
    ""
  Headers:
  date: Wed, 06 May 2026 16:13:01 GMT
  server: Apache/2.4.65 (Win64) PHP/8.3.28 mod_fcgid/2.3.10-dev
  x-powered-by: PHP/8.3.28
  expires: Thu, 19 Nov 1981 08:52:00 GMT
  cache-control: no-store, no-cache, must-revalidate
  pragma: no-cache
  content-length: 1624
  keep-alive: timeout=5, max=97
  connection: Keep-Alive
  content-type: text/html; charset=UTF-8
  Body:
<!DOCTYPE html>
<html lang="es">
<head>
<meta charset="UTF-8">
<meta name="viewport" content="width=device-width,initial-scale=1.0">
<title>Iniciar Sesión — PharmaCRM</title>
<link rel="stylesheet" href="/hospital/public/css/styles.css">
<link rel="stylesheet" href="https://cdnjs.cloudflare.com/ajax/libs/font-awesome/6.5.1/css/all.min.css">
</head>
<body>
<div class="login-wrapper">
<div class="login-card">
<div class="logo">
<div style="font-size:48px;margin-bottom:12px"><i class="fas fa-prescription-bottl
  User variables:
    target: http://localhost/hospital
    $environment: undefined
    $testId: tyrwb_hf3cergm9paphrkje9z4gkrz7e9jf_7x9j
    $dirname: tests
    $scenarioFile: C:\wamp64\www\hospital\mi-qa\tests\escenarios.yaml
    username: tester
    password: tester123
    nombre_medicamento: losartan
    cliente_id: 6
    $uuid: 48de0840-8a98-417a-87d1-d52a0975a147
* GET /hospital/?route=home 

  ok statusCode 200 
* POST /hospital/?route=auth&action=login 

  not ok statusCode 200 
  expected: 302
       got: 200
  Request params:
    http://localhost/hospital/?route=auth&action=login
    ""
  Headers:
  date: Wed, 06 May 2026 16:13:01 GMT
  server: Apache/2.4.65 (Win64) PHP/8.3.28 mod_fcgid/2.3.10-dev
  x-powered-by: PHP/8.3.28
  expires: Thu, 19 Nov 1981 08:52:00 GMT
  cache-control: no-store, no-cache, must-revalidate
  pragma: no-cache
  content-length: 1624
  keep-alive: timeout=5, max=97
  connection: Keep-Alive
  content-type: text/html; charset=UTF-8
  Body:
<!DOCTYPE html>
<html lang="es">
<head>
<meta charset="UTF-8">
<meta name="viewport" content="width=device-width,initial-scale=1.0">
<title>Iniciar Sesión — PharmaCRM</title>
<link rel="stylesheet" href="/hospital/public/css/styles.css">
<link rel="stylesheet" href="https://cdnjs.cloudflare.com/ajax/libs/font-awesome/6.5.1/css/all.min.css">
</head>
<body>
<div class="login-wrapper">
<div class="login-card">
<div class="logo">
<div style="font-size:48px;margin-bottom:12px"><i class="fas fa-prescription-bottl
  User variables:
    target: http://localhost/hospital
    $environment: undefined
    $testId: tyrwb_hf3cergm9paphrkje9z4gkrz7e9jf_7x9j
    $dirname: tests
    $scenarioFile: C:\wamp64\www\hospital\mi-qa\tests\escenarios.yaml
    username: vendedor1
    password: vendedor123
    nombre_medicamento: salbutamol
    cliente_id: 8
    $uuid: f700f7d9-4481-497e-ad57-a52f7a61bf2f
* GET /hospital/?route=login 

  ok statusCode 200 
* GET /hospital/?route=login 

  ok statusCode 200 
* GET /hospital/?route=home 

  ok statusCode 200 
* POST /hospital/?route=auth&action=login 

  not ok statusCode 200 
  expected: 302
       got: 200
  Request params:
    http://localhost/hospital/?route=auth&action=login
    ""
  Headers:
  date: Wed, 06 May 2026 16:13:01 GMT
  server: Apache/2.4.65 (Win64) PHP/8.3.28 mod_fcgid/2.3.10-dev
  x-powered-by: PHP/8.3.28
  expires: Thu, 19 Nov 1981 08:52:00 GMT
  cache-control: no-store, no-cache, must-revalidate
  pragma: no-cache
  content-length: 1624
  keep-alive: timeout=5, max=97
  connection: Keep-Alive
  content-type: text/html; charset=UTF-8
  Body:
<!DOCTYPE html>
<html lang="es">
<head>
<meta charset="UTF-8">
<meta name="viewport" content="width=device-width,initial-scale=1.0">
<title>Iniciar Sesión — PharmaCRM</title>
<link rel="stylesheet" href="/hospital/public/css/styles.css">
<link rel="stylesheet" href="https://cdnjs.cloudflare.com/ajax/libs/font-awesome/6.5.1/css/all.min.css">
</head>
<body>
<div class="login-wrapper">
<div class="login-card">
<div class="logo">
<div style="font-size:48px;margin-bottom:12px"><i class="fas fa-prescription-bottl
  User variables:
    target: http://localhost/hospital
    $environment: undefined
    $testId: tyrwb_hf3cergm9paphrkje9z4gkrz7e9jf_7x9j
    $dirname: tests
    $scenarioFile: C:\wamp64\www\hospital\mi-qa\tests\escenarios.yaml
    username: username
    password: password
    nombre_medicamento: enalapril
    cliente_id: 10
    $uuid: 25a66165-ff70-4a1e-a947-5bebc2cb2803
* GET /hospital/?route=home 

  ok statusCode 200 
* POST /hospital/?route=auth&action=login 

  not ok statusCode 200 
  expected: 302
       got: 200
  Request params:
    http://localhost/hospital/?route=auth&action=login
    ""
  Headers:
  date: Wed, 06 May 2026 16:13:01 GMT
  server: Apache/2.4.65 (Win64) PHP/8.3.28 mod_fcgid/2.3.10-dev
  x-powered-by: PHP/8.3.28
  expires: Thu, 19 Nov 1981 08:52:00 GMT
  cache-control: no-store, no-cache, must-revalidate
  pragma: no-cache
  content-length: 1624
  keep-alive: timeout=5, max=97
  connection: Keep-Alive
  content-type: text/html; charset=UTF-8
  Body:
<!DOCTYPE html>
<html lang="es">
<head>
<meta charset="UTF-8">
<meta name="viewport" content="width=device-width,initial-scale=1.0">
<title>Iniciar Sesión — PharmaCRM</title>
<link rel="stylesheet" href="/hospital/public/css/styles.css">
<link rel="stylesheet" href="https://cdnjs.cloudflare.com/ajax/libs/font-awesome/6.5.1/css/all.min.css">
</head>
<body>
<div class="login-wrapper">
<div class="login-card">
<div class="logo">
<div style="font-size:48px;margin-bottom:12px"><i class="fas fa-prescription-bottl
  User variables:
    target: http://localhost/hospital
    $environment: undefined
    $testId: tyrwb_hf3cergm9paphrkje9z4gkrz7e9jf_7x9j
    $dirname: tests
    $scenarioFile: C:\wamp64\www\hospital\mi-qa\tests\escenarios.yaml
    username: vendedor1
    password: vendedor123
    nombre_medicamento: omeprazol
    cliente_id: 6
    $uuid: 836b9150-e77a-4825-b494-3ed883d4f627
* GET /hospital/?route=login 

  ok statusCode 200 
* GET /hospital/?route=login 

  ok statusCode 200 
* GET /hospital/?route=home 

  ok statusCode 200 
* POST /hospital/?route=auth&action=login 

  not ok statusCode 200 
  expected: 302
       got: 200
  Request params:
    http://localhost/hospital/?route=auth&action=login
    ""
  Headers:
  date: Wed, 06 May 2026 16:13:01 GMT
  server: Apache/2.4.65 (Win64) PHP/8.3.28 mod_fcgid/2.3.10-dev
  x-powered-by: PHP/8.3.28
  expires: Thu, 19 Nov 1981 08:52:00 GMT
  cache-control: no-store, no-cache, must-revalidate
  pragma: no-cache
  content-length: 1624
  keep-alive: timeout=5, max=97
  connection: Keep-Alive
  content-type: text/html; charset=UTF-8
  Body:
<!DOCTYPE html>
<html lang="es">
<head>
<meta charset="UTF-8">
<meta name="viewport" content="width=device-width,initial-scale=1.0">
<title>Iniciar Sesión — PharmaCRM</title>
<link rel="stylesheet" href="/hospital/public/css/styles.css">
<link rel="stylesheet" href="https://cdnjs.cloudflare.com/ajax/libs/font-awesome/6.5.1/css/all.min.css">
</head>
<body>
<div class="login-wrapper">
<div class="login-card">
<div class="logo">
<div style="font-size:48px;margin-bottom:12px"><i class="fas fa-prescription-bottl
  User variables:
    target: http://localhost/hospital
    $environment: undefined
    $testId: tyrwb_hf3cergm9paphrkje9z4gkrz7e9jf_7x9j
    $dirname: tests
    $scenarioFile: C:\wamp64\www\hospital\mi-qa\tests\escenarios.yaml
    username: vendedor1
    password: vendedor123
    nombre_medicamento: loratadina
    cliente_id: 6
    $uuid: 32a8466d-8996-41db-8ec2-fe4498c5d3ff
* GET /hospital/?route=home 

  ok statusCode 200 
* GET /hospital/?route=login 

  ok statusCode 200 
* POST /hospital/?route=auth&action=login 

  not ok statusCode 200 
  expected: 302
       got: 200
  Request params:
    http://localhost/hospital/?route=auth&action=login
    ""
  Headers:
  date: Wed, 06 May 2026 16:13:01 GMT
  server: Apache/2.4.65 (Win64) PHP/8.3.28 mod_fcgid/2.3.10-dev
  x-powered-by: PHP/8.3.28
  expires: Thu, 19 Nov 1981 08:52:00 GMT
  cache-control: no-store, no-cache, must-revalidate
  pragma: no-cache
  content-length: 1624
  keep-alive: timeout=5, max=97
  connection: Keep-Alive
  content-type: text/html; charset=UTF-8
  Body:
<!DOCTYPE html>
<html lang="es">
<head>
<meta charset="UTF-8">
<meta name="viewport" content="width=device-width,initial-scale=1.0">
<title>Iniciar Sesión — PharmaCRM</title>
<link rel="stylesheet" href="/hospital/public/css/styles.css">
<link rel="stylesheet" href="https://cdnjs.cloudflare.com/ajax/libs/font-awesome/6.5.1/css/all.min.css">
</head>
<body>
<div class="login-wrapper">
<div class="login-card">
<div class="logo">
<div style="font-size:48px;margin-bottom:12px"><i class="fas fa-prescription-bottl
  User variables:
    target: http://localhost/hospital
    $environment: undefined
    $testId: tyrwb_hf3cergm9paphrkje9z4gkrz7e9jf_7x9j
    $dirname: tests
    $scenarioFile: C:\wamp64\www\hospital\mi-qa\tests\escenarios.yaml
    username: vendedor1
    password: vendedor123
    nombre_medicamento: metformina
    cliente_id: 3
    $uuid: 76a25cb3-cb8b-450f-9939-9e48535a7cc4
* GET /hospital/?route=home 

  ok statusCode 200 
* GET /hospital/?route=login 

  ok statusCode 200 
* GET /hospital/?route=home 

  ok statusCode 200 
* POST /hospital/?route=auth&action=login 

  not ok statusCode 200 
  expected: 302
       got: 200
  Request params:
    http://localhost/hospital/?route=auth&action=login
    ""
  Headers:
  date: Wed, 06 May 2026 16:13:01 GMT
  server: Apache/2.4.65 (Win64) PHP/8.3.28 mod_fcgid/2.3.10-dev
  x-powered-by: PHP/8.3.28
  expires: Thu, 19 Nov 1981 08:52:00 GMT
  cache-control: no-store, no-cache, must-revalidate
  pragma: no-cache
  content-length: 1624
  keep-alive: timeout=5, max=97
  connection: Keep-Alive
  content-type: text/html; charset=UTF-8
  Body:
<!DOCTYPE html>
<html lang="es">
<head>
<meta charset="UTF-8">
<meta name="viewport" content="width=device-width,initial-scale=1.0">
<title>Iniciar Sesión — PharmaCRM</title>
<link rel="stylesheet" href="/hospital/public/css/styles.css">
<link rel="stylesheet" href="https://cdnjs.cloudflare.com/ajax/libs/font-awesome/6.5.1/css/all.min.css">
</head>
<body>
<div class="login-wrapper">
<div class="login-card">
<div class="logo">
<div style="font-size:48px;margin-bottom:12px"><i class="fas fa-prescription-bottl
  User variables:
    target: http://localhost/hospital
    $environment: undefined
    $testId: tyrwb_hf3cergm9paphrkje9z4gkrz7e9jf_7x9j
    $dirname: tests
    $scenarioFile: C:\wamp64\www\hospital\mi-qa\tests\escenarios.yaml
    username: supervisor1
    password: supervisor123
    nombre_medicamento: acetaminofen
    cliente_id: 9
    $uuid: 86b4c458-8790-4023-9ae7-bff09d86d13c
* GET /hospital/?route=home 

* GET /hospital/?route=home 

* POST /hospital/?route=auth&action=login 

  ok statusCode 200 
  ok statusCode 200 
  not ok statusCode 200 
  expected: 302
       got: 200
  Request params:
    http://localhost/hospital/?route=auth&action=login
    ""
  Headers:
  date: Wed, 06 May 2026 16:13:01 GMT
  server: Apache/2.4.65 (Win64) PHP/8.3.28 mod_fcgid/2.3.10-dev
  x-powered-by: PHP/8.3.28
  expires: Thu, 19 Nov 1981 08:52:00 GMT
  cache-control: no-store, no-cache, must-revalidate
  pragma: no-cache
  content-length: 1624
  keep-alive: timeout=5, max=97
  connection: Keep-Alive
  content-type: text/html; charset=UTF-8
  Body:
<!DOCTYPE html>
<html lang="es">
<head>
<meta charset="UTF-8">
<meta name="viewport" content="width=device-width,initial-scale=1.0">
<title>Iniciar Sesión — PharmaCRM</title>
<link rel="stylesheet" href="/hospital/public/css/styles.css">
<link rel="stylesheet" href="https://cdnjs.cloudflare.com/ajax/libs/font-awesome/6.5.1/css/all.min.css">
</head>
<body>
<div class="login-wrapper">
<div class="login-card">
<div class="logo">
<div style="font-size:48px;margin-bottom:12px"><i class="fas fa-prescription-bottl
  User variables:
    target: http://localhost/hospital
    $environment: undefined
    $testId: tyrwb_hf3cergm9paphrkje9z4gkrz7e9jf_7x9j
    $dirname: tests
    $scenarioFile: C:\wamp64\www\hospital\mi-qa\tests\escenarios.yaml
    username: username
    password: password
    nombre_medicamento: ibuprofeno
    cliente_id: 2
    $uuid: cd19492d-9a8c-47c1-8baa-6cee33a1a64c
* GET /hospital/?route=login 

  ok statusCode 200 
* POST /hospital/?route=auth&action=login 

  not ok statusCode 200 
  expected: 302
       got: 200
  Request params:
    http://localhost/hospital/?route=auth&action=login
    ""
  Headers:
  date: Wed, 06 May 2026 16:13:01 GMT
  server: Apache/2.4.65 (Win64) PHP/8.3.28 mod_fcgid/2.3.10-dev
  x-powered-by: PHP/8.3.28
  expires: Thu, 19 Nov 1981 08:52:00 GMT
  cache-control: no-store, no-cache, must-revalidate
  pragma: no-cache
  content-length: 1624
  keep-alive: timeout=5, max=97
  connection: Keep-Alive
  content-type: text/html; charset=UTF-8
  Body:
<!DOCTYPE html>
<html lang="es">
<head>
<meta charset="UTF-8">
<meta name="viewport" content="width=device-width,initial-scale=1.0">
<title>Iniciar Sesión — PharmaCRM</title>
<link rel="stylesheet" href="/hospital/public/css/styles.css">
<link rel="stylesheet" href="https://cdnjs.cloudflare.com/ajax/libs/font-awesome/6.5.1/css/all.min.css">
</head>
<body>
<div class="login-wrapper">
<div class="login-card">
<div class="logo">
<div style="font-size:48px;margin-bottom:12px"><i class="fas fa-prescription-bottl
  User variables:
    target: http://localhost/hospital
    $environment: undefined
    $testId: tyrwb_hf3cergm9paphrkje9z4gkrz7e9jf_7x9j
    $dirname: tests
    $scenarioFile: C:\wamp64\www\hospital\mi-qa\tests\escenarios.yaml
    username: vendedor1
    password: vendedor123
    nombre_medicamento: dexametasona
    cliente_id: 5
    $uuid: c8b99f60-eaec-4f45-b10c-001708155a24
* GET /hospital/?route=login 

  ok statusCode 200 
* GET /hospital/?route=login 

  ok statusCode 200 
* GET /hospital/?route=home 

  ok statusCode 200 
* GET /hospital/?route=login 

  ok statusCode 200 
* POST /hospital/?route=auth&action=login 

  not ok statusCode 200 
  expected: 302
       got: 200
  Request params:
    http://localhost/hospital/?route=auth&action=login
    ""
  Headers:
  date: Wed, 06 May 2026 16:13:01 GMT
  server: Apache/2.4.65 (Win64) PHP/8.3.28 mod_fcgid/2.3.10-dev
  x-powered-by: PHP/8.3.28
  expires: Thu, 19 Nov 1981 08:52:00 GMT
  cache-control: no-store, no-cache, must-revalidate
  pragma: no-cache
  content-length: 1624
  keep-alive: timeout=5, max=97
  connection: Keep-Alive
  content-type: text/html; charset=UTF-8
  Body:
<!DOCTYPE html>
<html lang="es">
<head>
<meta charset="UTF-8">
<meta name="viewport" content="width=device-width,initial-scale=1.0">
<title>Iniciar Sesión — PharmaCRM</title>
<link rel="stylesheet" href="/hospital/public/css/styles.css">
<link rel="stylesheet" href="https://cdnjs.cloudflare.com/ajax/libs/font-awesome/6.5.1/css/all.min.css">
</head>
<body>
<div class="login-wrapper">
<div class="login-card">
<div class="logo">
<div style="font-size:48px;margin-bottom:12px"><i class="fas fa-prescription-bottl
  User variables:
    target: http://localhost/hospital
    $environment: undefined
    $testId: tyrwb_hf3cergm9paphrkje9z4gkrz7e9jf_7x9j
    $dirname: tests
    $scenarioFile: C:\wamp64\www\hospital\mi-qa\tests\escenarios.yaml
    username: username
    password: password
    nombre_medicamento: loratadina
    cliente_id: 3
    $uuid: 8e85ff4a-5251-459a-a5c0-d02d5d24b774
* GET /hospital/?route=login 

  ok statusCode 200 
* GET /hospital/?route=home 

  ok statusCode 200 
* POST /hospital/?route=auth&action=login 

  not ok statusCode 200 
  expected: 302
       got: 200
  Request params:
    http://localhost/hospital/?route=auth&action=login
    ""
  Headers:
  date: Wed, 06 May 2026 16:13:02 GMT
  server: Apache/2.4.65 (Win64) PHP/8.3.28 mod_fcgid/2.3.10-dev
  x-powered-by: PHP/8.3.28
  expires: Thu, 19 Nov 1981 08:52:00 GMT
  cache-control: no-store, no-cache, must-revalidate
  pragma: no-cache
  content-length: 1624
  keep-alive: timeout=5, max=97
  connection: Keep-Alive
  content-type: text/html; charset=UTF-8
  Body:
<!DOCTYPE html>
<html lang="es">
<head>
<meta charset="UTF-8">
<meta name="viewport" content="width=device-width,initial-scale=1.0">
<title>Iniciar Sesión — PharmaCRM</title>
<link rel="stylesheet" href="/hospital/public/css/styles.css">
<link rel="stylesheet" href="https://cdnjs.cloudflare.com/ajax/libs/font-awesome/6.5.1/css/all.min.css">
</head>
<body>
<div class="login-wrapper">
<div class="login-card">
<div class="logo">
<div style="font-size:48px;margin-bottom:12px"><i class="fas fa-prescription-bottl
  User variables:
    target: http://localhost/hospital
    $environment: undefined
    $testId: tyrwb_hf3cergm9paphrkje9z4gkrz7e9jf_7x9j
    $dirname: tests
    $scenarioFile: C:\wamp64\www\hospital\mi-qa\tests\escenarios.yaml
    username: supervisor1
    password: supervisor123
    nombre_medicamento: dexametasona
    cliente_id: 2
    $uuid: 5705276e-907b-44fd-8efc-b2ded6350cdc
* GET /hospital/?route=login 

  ok statusCode 200 
* POST /hospital/?route=auth&action=login 

  not ok statusCode 200 
  expected: 302
       got: 200
  Request params:
    http://localhost/hospital/?route=auth&action=login
    ""
  Headers:
  date: Wed, 06 May 2026 16:13:02 GMT
  server: Apache/2.4.65 (Win64) PHP/8.3.28 mod_fcgid/2.3.10-dev
  x-powered-by: PHP/8.3.28
  expires: Thu, 19 Nov 1981 08:52:00 GMT
  cache-control: no-store, no-cache, must-revalidate
  pragma: no-cache
  content-length: 1624
  keep-alive: timeout=5, max=97
  connection: Keep-Alive
  content-type: text/html; charset=UTF-8
  Body:
<!DOCTYPE html>
<html lang="es">
<head>
<meta charset="UTF-8">
<meta name="viewport" content="width=device-width,initial-scale=1.0">
<title>Iniciar Sesión — PharmaCRM</title>
<link rel="stylesheet" href="/hospital/public/css/styles.css">
<link rel="stylesheet" href="https://cdnjs.cloudflare.com/ajax/libs/font-awesome/6.5.1/css/all.min.css">
</head>
<body>
<div class="login-wrapper">
<div class="login-card">
<div class="logo">
<div style="font-size:48px;margin-bottom:12px"><i class="fas fa-prescription-bottl
  User variables:
    target: http://localhost/hospital
    $environment: undefined
    $testId: tyrwb_hf3cergm9paphrkje9z4gkrz7e9jf_7x9j
    $dirname: tests
    $scenarioFile: C:\wamp64\www\hospital\mi-qa\tests\escenarios.yaml
    username: username
    password: password
    nombre_medicamento: ibuprofeno
    cliente_id: 8
    $uuid: a21771c7-8aae-4802-ba4c-486b62772846
* GET /hospital/?route=home 

  ok statusCode 200 
* GET /hospital/?route=home 

  ok statusCode 200 
* GET /hospital/?route=login 

  ok statusCode 200 
* POST /hospital/?route=auth&action=login 

  not ok statusCode 200 
  expected: 302
       got: 200
  Request params:
    http://localhost/hospital/?route=auth&action=login
    ""
  Headers:
  date: Wed, 06 May 2026 16:13:02 GMT
  server: Apache/2.4.65 (Win64) PHP/8.3.28 mod_fcgid/2.3.10-dev
  x-powered-by: PHP/8.3.28
  expires: Thu, 19 Nov 1981 08:52:00 GMT
  cache-control: no-store, no-cache, must-revalidate
  pragma: no-cache
  content-length: 1624
  keep-alive: timeout=5, max=97
  connection: Keep-Alive
  content-type: text/html; charset=UTF-8
  Body:
<!DOCTYPE html>
<html lang="es">
<head>
<meta charset="UTF-8">
<meta name="viewport" content="width=device-width,initial-scale=1.0">
<title>Iniciar Sesión — PharmaCRM</title>
<link rel="stylesheet" href="/hospital/public/css/styles.css">
<link rel="stylesheet" href="https://cdnjs.cloudflare.com/ajax/libs/font-awesome/6.5.1/css/all.min.css">
</head>
<body>
<div class="login-wrapper">
<div class="login-card">
<div class="logo">
<div style="font-size:48px;margin-bottom:12px"><i class="fas fa-prescription-bottl
  User variables:
    target: http://localhost/hospital
    $environment: undefined
    $testId: tyrwb_hf3cergm9paphrkje9z4gkrz7e9jf_7x9j
    $dirname: tests
    $scenarioFile: C:\wamp64\www\hospital\mi-qa\tests\escenarios.yaml
    username: tester
    password: tester123
    nombre_medicamento: metformina
    cliente_id: 2
    $uuid: ff9379a9-bc2c-466b-8281-4f3354788979
* GET /hospital/?route=login 

  ok statusCode 200 
* GET /hospital/?route=home 

  ok statusCode 200 
* GET /hospital/?route=login 

  ok statusCode 200 
* POST /hospital/?route=auth&action=login 

  not ok statusCode 200 
  expected: 302
       got: 200
  Request params:
    http://localhost/hospital/?route=auth&action=login
    ""
  Headers:
  date: Wed, 06 May 2026 16:13:02 GMT
  server: Apache/2.4.65 (Win64) PHP/8.3.28 mod_fcgid/2.3.10-dev
  x-powered-by: PHP/8.3.28
  expires: Thu, 19 Nov 1981 08:52:00 GMT
  cache-control: no-store, no-cache, must-revalidate
  pragma: no-cache
  content-length: 1624
  keep-alive: timeout=5, max=97
  connection: Keep-Alive
  content-type: text/html; charset=UTF-8
  Body:
<!DOCTYPE html>
<html lang="es">
<head>
<meta charset="UTF-8">
<meta name="viewport" content="width=device-width,initial-scale=1.0">
<title>Iniciar Sesión — PharmaCRM</title>
<link rel="stylesheet" href="/hospital/public/css/styles.css">
<link rel="stylesheet" href="https://cdnjs.cloudflare.com/ajax/libs/font-awesome/6.5.1/css/all.min.css">
</head>
<body>
<div class="login-wrapper">
<div class="login-card">
<div class="logo">
<div style="font-size:48px;margin-bottom:12px"><i class="fas fa-prescription-bottl
  User variables:
    target: http://localhost/hospital
    $environment: undefined
    $testId: tyrwb_hf3cergm9paphrkje9z4gkrz7e9jf_7x9j
    $dirname: tests
    $scenarioFile: C:\wamp64\www\hospital\mi-qa\tests\escenarios.yaml
    username: admin
    password: admin
    nombre_medicamento: metformina
    cliente_id: 9
    $uuid: 52139317-cdd1-4f4e-8711-354fb8e3e21a
* GET /hospital/?route=home 

  ok statusCode 200 
* POST /hospital/?route=auth&action=login 

  not ok statusCode 200 
  expected: 302
       got: 200
  Request params:
    http://localhost/hospital/?route=auth&action=login
    ""
  Headers:
  date: Wed, 06 May 2026 16:13:02 GMT
  server: Apache/2.4.65 (Win64) PHP/8.3.28 mod_fcgid/2.3.10-dev
  x-powered-by: PHP/8.3.28
  expires: Thu, 19 Nov 1981 08:52:00 GMT
  cache-control: no-store, no-cache, must-revalidate
  pragma: no-cache
  content-length: 1624
  keep-alive: timeout=5, max=97
  connection: Keep-Alive
  content-type: text/html; charset=UTF-8
  Body:
<!DOCTYPE html>
<html lang="es">
<head>
<meta charset="UTF-8">
<meta name="viewport" content="width=device-width,initial-scale=1.0">
<title>Iniciar Sesión — PharmaCRM</title>
<link rel="stylesheet" href="/hospital/public/css/styles.css">
<link rel="stylesheet" href="https://cdnjs.cloudflare.com/ajax/libs/font-awesome/6.5.1/css/all.min.css">
</head>
<body>
<div class="login-wrapper">
<div class="login-card">
<div class="logo">
<div style="font-size:48px;margin-bottom:12px"><i class="fas fa-prescription-bottl
  User variables:
    target: http://localhost/hospital
    $environment: undefined
    $testId: tyrwb_hf3cergm9paphrkje9z4gkrz7e9jf_7x9j
    $dirname: tests
    $scenarioFile: C:\wamp64\www\hospital\mi-qa\tests\escenarios.yaml
    username: tester
    password: tester123
    nombre_medicamento: loratadina
    cliente_id: 1
    $uuid: 4fdc9e0f-edf7-4e19-bd24-458e289fb11a
* GET /hospital/?route=home 

  ok statusCode 200 
* GET /hospital/?route=login 

  ok statusCode 200 
* GET /hospital/?route=login 

  ok statusCode 200 
* POST /hospital/?route=auth&action=login 

* POST /hospital/?route=auth&action=login 

  not ok statusCode 200 
  expected: 302
       got: 200
  Request params:
    http://localhost/hospital/?route=auth&action=login
    ""
  Headers:
  date: Wed, 06 May 2026 16:13:02 GMT
  server: Apache/2.4.65 (Win64) PHP/8.3.28 mod_fcgid/2.3.10-dev
  x-powered-by: PHP/8.3.28
  expires: Thu, 19 Nov 1981 08:52:00 GMT
  cache-control: no-store, no-cache, must-revalidate
  pragma: no-cache
  content-length: 1624
  keep-alive: timeout=5, max=97
  connection: Keep-Alive
  content-type: text/html; charset=UTF-8
  Body:
<!DOCTYPE html>
<html lang="es">
<head>
<meta charset="UTF-8">
<meta name="viewport" content="width=device-width,initial-scale=1.0">
<title>Iniciar Sesión — PharmaCRM</title>
<link rel="stylesheet" href="/hospital/public/css/styles.css">
<link rel="stylesheet" href="https://cdnjs.cloudflare.com/ajax/libs/font-awesome/6.5.1/css/all.min.css">
</head>
<body>
<div class="login-wrapper">
<div class="login-card">
<div class="logo">
<div style="font-size:48px;margin-bottom:12px"><i class="fas fa-prescription-bottl
  User variables:
    target: http://localhost/hospital
    $environment: undefined
    $testId: tyrwb_hf3cergm9paphrkje9z4gkrz7e9jf_7x9j
    $dirname: tests
    $scenarioFile: C:\wamp64\www\hospital\mi-qa\tests\escenarios.yaml
    username: username
    password: password
    nombre_medicamento: acetaminofen
    cliente_id: 6
    $uuid: ba8ea001-2de7-4cb4-a3be-d50ac9e7ea28
  not ok statusCode 200 
  expected: 302
       got: 200
  Request params:
    http://localhost/hospital/?route=auth&action=login
    ""
  Headers:
  date: Wed, 06 May 2026 16:13:02 GMT
  server: Apache/2.4.65 (Win64) PHP/8.3.28 mod_fcgid/2.3.10-dev
  x-powered-by: PHP/8.3.28
  expires: Thu, 19 Nov 1981 08:52:00 GMT
  cache-control: no-store, no-cache, must-revalidate
  pragma: no-cache
  content-length: 1624
  keep-alive: timeout=5, max=97
  connection: Keep-Alive
  content-type: text/html; charset=UTF-8
  Body:
<!DOCTYPE html>
<html lang="es">
<head>
<meta charset="UTF-8">
<meta name="viewport" content="width=device-width,initial-scale=1.0">
<title>Iniciar Sesión — PharmaCRM</title>
<link rel="stylesheet" href="/hospital/public/css/styles.css">
<link rel="stylesheet" href="https://cdnjs.cloudflare.com/ajax/libs/font-awesome/6.5.1/css/all.min.css">
</head>
<body>
<div class="login-wrapper">
<div class="login-card">
<div class="logo">
<div style="font-size:48px;margin-bottom:12px"><i class="fas fa-prescription-bottl
  User variables:
    target: http://localhost/hospital
    $environment: undefined
    $testId: tyrwb_hf3cergm9paphrkje9z4gkrz7e9jf_7x9j
    $dirname: tests
    $scenarioFile: C:\wamp64\www\hospital\mi-qa\tests\escenarios.yaml
    username: tester
    password: tester123
    nombre_medicamento: omeprazol
    cliente_id: 9
    $uuid: 8e96ea8b-77fa-4c71-9778-1fc3375d0f6d
* GET /hospital/?route=home 

  ok statusCode 200 
* GET /hospital/?route=login 

  ok statusCode 200 
* GET /hospital/?route=home 

  ok statusCode 200 
* GET /hospital/?route=home 

  ok statusCode 200 
* POST /hospital/?route=auth&action=login 

  not ok statusCode 200 
  expected: 302
       got: 200
  Request params:
    http://localhost/hospital/?route=auth&action=login
    ""
  Headers:
  date: Wed, 06 May 2026 16:13:02 GMT
  server: Apache/2.4.65 (Win64) PHP/8.3.28 mod_fcgid/2.3.10-dev
  x-powered-by: PHP/8.3.28
  expires: Thu, 19 Nov 1981 08:52:00 GMT
  cache-control: no-store, no-cache, must-revalidate
  pragma: no-cache
  content-length: 1624
  keep-alive: timeout=5, max=97
  connection: Keep-Alive
  content-type: text/html; charset=UTF-8
  Body:
<!DOCTYPE html>
<html lang="es">
<head>
<meta charset="UTF-8">
<meta name="viewport" content="width=device-width,initial-scale=1.0">
<title>Iniciar Sesión — PharmaCRM</title>
<link rel="stylesheet" href="/hospital/public/css/styles.css">
<link rel="stylesheet" href="https://cdnjs.cloudflare.com/ajax/libs/font-awesome/6.5.1/css/all.min.css">
</head>
<body>
<div class="login-wrapper">
<div class="login-card">
<div class="logo">
<div style="font-size:48px;margin-bottom:12px"><i class="fas fa-prescription-bottl
  User variables:
    target: http://localhost/hospital
    $environment: undefined
    $testId: tyrwb_hf3cergm9paphrkje9z4gkrz7e9jf_7x9j
    $dirname: tests
    $scenarioFile: C:\wamp64\www\hospital\mi-qa\tests\escenarios.yaml
    username: vendedor1
    password: vendedor123
    nombre_medicamento: salbutamol
    cliente_id: 6
    $uuid: 8941bb81-0e59-4ca7-a4a1-a159c30054bb
* GET /hospital/?route=login 

  ok statusCode 200 
* GET /hospital/?route=login 

  ok statusCode 200 
* POST /hospital/?route=auth&action=login 

  not ok statusCode 200 
  expected: 302
       got: 200
  Request params:
    http://localhost/hospital/?route=auth&action=login
    ""
  Headers:
  date: Wed, 06 May 2026 16:13:02 GMT
  server: Apache/2.4.65 (Win64) PHP/8.3.28 mod_fcgid/2.3.10-dev
  x-powered-by: PHP/8.3.28
  expires: Thu, 19 Nov 1981 08:52:00 GMT
  cache-control: no-store, no-cache, must-revalidate
  pragma: no-cache
  content-length: 1624
  keep-alive: timeout=5, max=97
  connection: Keep-Alive
  content-type: text/html; charset=UTF-8
  Body:
<!DOCTYPE html>
<html lang="es">
<head>
<meta charset="UTF-8">
<meta name="viewport" content="width=device-width,initial-scale=1.0">
<title>Iniciar Sesión — PharmaCRM</title>
<link rel="stylesheet" href="/hospital/public/css/styles.css">
<link rel="stylesheet" href="https://cdnjs.cloudflare.com/ajax/libs/font-awesome/6.5.1/css/all.min.css">
</head>
<body>
<div class="login-wrapper">
<div class="login-card">
<div class="logo">
<div style="font-size:48px;margin-bottom:12px"><i class="fas fa-prescription-bottl
  User variables:
    target: http://localhost/hospital
    $environment: undefined
    $testId: tyrwb_hf3cergm9paphrkje9z4gkrz7e9jf_7x9j
    $dirname: tests
    $scenarioFile: C:\wamp64\www\hospital\mi-qa\tests\escenarios.yaml
    username: supervisor1
    password: supervisor123
    nombre_medicamento: amoxicilina
    cliente_id: 5
    $uuid: 91b013b4-bdf0-42cb-a73c-7166a09392db
* GET /hospital/?route=home 

  ok statusCode 200 
* GET /hospital/?route=home 

  ok statusCode 200 
* GET /hospital/?route=home 

  ok statusCode 200 
* GET /hospital/?route=login 

  ok statusCode 200 
* GET /hospital/?route=login 

  ok statusCode 200 
* POST /hospital/?route=auth&action=login 

  not ok statusCode 200 
  expected: 302
       got: 200
  Request params:
    http://localhost/hospital/?route=auth&action=login
    ""
  Headers:
  date: Wed, 06 May 2026 16:13:02 GMT
  server: Apache/2.4.65 (Win64) PHP/8.3.28 mod_fcgid/2.3.10-dev
  x-powered-by: PHP/8.3.28
  expires: Thu, 19 Nov 1981 08:52:00 GMT
  cache-control: no-store, no-cache, must-revalidate
  pragma: no-cache
  content-length: 1624
  keep-alive: timeout=5, max=97
  connection: Keep-Alive
  content-type: text/html; charset=UTF-8
  Body:
<!DOCTYPE html>
<html lang="es">
<head>
<meta charset="UTF-8">
<meta name="viewport" content="width=device-width,initial-scale=1.0">
<title>Iniciar Sesión — PharmaCRM</title>
<link rel="stylesheet" href="/hospital/public/css/styles.css">
<link rel="stylesheet" href="https://cdnjs.cloudflare.com/ajax/libs/font-awesome/6.5.1/css/all.min.css">
</head>
<body>
<div class="login-wrapper">
<div class="login-card">
<div class="logo">
<div style="font-size:48px;margin-bottom:12px"><i class="fas fa-prescription-bottl
  User variables:
    target: http://localhost/hospital
    $environment: undefined
    $testId: tyrwb_hf3cergm9paphrkje9z4gkrz7e9jf_7x9j
    $dirname: tests
    $scenarioFile: C:\wamp64\www\hospital\mi-qa\tests\escenarios.yaml
    username: supervisor1
    password: supervisor123
    nombre_medicamento: salbutamol
    cliente_id: 9
    $uuid: ac56fb36-a193-4c0f-ab45-35fe35fd7cfe
* POST /hospital/?route=auth&action=login 

  not ok statusCode 200 
  expected: 302
       got: 200
  Request params:
    http://localhost/hospital/?route=auth&action=login
    ""
  Headers:
  date: Wed, 06 May 2026 16:13:02 GMT
  server: Apache/2.4.65 (Win64) PHP/8.3.28 mod_fcgid/2.3.10-dev
  x-powered-by: PHP/8.3.28
  expires: Thu, 19 Nov 1981 08:52:00 GMT
  cache-control: no-store, no-cache, must-revalidate
  pragma: no-cache
  content-length: 1624
  keep-alive: timeout=5, max=97
  connection: Keep-Alive
  content-type: text/html; charset=UTF-8
  Body:
<!DOCTYPE html>
<html lang="es">
<head>
<meta charset="UTF-8">
<meta name="viewport" content="width=device-width,initial-scale=1.0">
<title>Iniciar Sesión — PharmaCRM</title>
<link rel="stylesheet" href="/hospital/public/css/styles.css">
<link rel="stylesheet" href="https://cdnjs.cloudflare.com/ajax/libs/font-awesome/6.5.1/css/all.min.css">
</head>
<body>
<div class="login-wrapper">
<div class="login-card">
<div class="logo">
<div style="font-size:48px;margin-bottom:12px"><i class="fas fa-prescription-bottl
  User variables:
    target: http://localhost/hospital
    $environment: undefined
    $testId: tyrwb_hf3cergm9paphrkje9z4gkrz7e9jf_7x9j
    $dirname: tests
    $scenarioFile: C:\wamp64\www\hospital\mi-qa\tests\escenarios.yaml
    username: tester
    password: tester123
    nombre_medicamento: metformina
    cliente_id: 4
    $uuid: dd83b1f3-c5d6-44ea-8859-787857e60747
* POST /hospital/?route=auth&action=login 

  not ok statusCode 200 
  expected: 302
       got: 200
  Request params:
    http://localhost/hospital/?route=auth&action=login
    ""
  Headers:
  date: Wed, 06 May 2026 16:13:02 GMT
  server: Apache/2.4.65 (Win64) PHP/8.3.28 mod_fcgid/2.3.10-dev
  x-powered-by: PHP/8.3.28
  expires: Thu, 19 Nov 1981 08:52:00 GMT
  cache-control: no-store, no-cache, must-revalidate
  pragma: no-cache
  content-length: 1624
  keep-alive: timeout=5, max=97
  connection: Keep-Alive
  content-type: text/html; charset=UTF-8
  Body:
<!DOCTYPE html>
<html lang="es">
<head>
<meta charset="UTF-8">
<meta name="viewport" content="width=device-width,initial-scale=1.0">
<title>Iniciar Sesión — PharmaCRM</title>
<link rel="stylesheet" href="/hospital/public/css/styles.css">
<link rel="stylesheet" href="https://cdnjs.cloudflare.com/ajax/libs/font-awesome/6.5.1/css/all.min.css">
</head>
<body>
<div class="login-wrapper">
<div class="login-card">
<div class="logo">
<div style="font-size:48px;margin-bottom:12px"><i class="fas fa-prescription-bottl
  User variables:
    target: http://localhost/hospital
    $environment: undefined
    $testId: tyrwb_hf3cergm9paphrkje9z4gkrz7e9jf_7x9j
    $dirname: tests
    $scenarioFile: C:\wamp64\www\hospital\mi-qa\tests\escenarios.yaml
    username: supervisor1
    password: supervisor123
    nombre_medicamento: omeprazol
    cliente_id: 9
    $uuid: 1b41f08b-dd1c-4dd2-b0d1-9fd7d7a3cd1c
* GET /hospital/?route=home 

  ok statusCode 200 
* GET /hospital/?route=login 

  ok statusCode 200 
* POST /hospital/?route=auth&action=login 

  not ok statusCode 200 
  expected: 302
       got: 200
  Request params:
    http://localhost/hospital/?route=auth&action=login
    ""
  Headers:
  date: Wed, 06 May 2026 16:13:02 GMT
  server: Apache/2.4.65 (Win64) PHP/8.3.28 mod_fcgid/2.3.10-dev
  x-powered-by: PHP/8.3.28
  expires: Thu, 19 Nov 1981 08:52:00 GMT
  cache-control: no-store, no-cache, must-revalidate
  pragma: no-cache
  content-length: 1624
  keep-alive: timeout=5, max=97
  connection: Keep-Alive
  content-type: text/html; charset=UTF-8
  Body:
<!DOCTYPE html>
<html lang="es">
<head>
<meta charset="UTF-8">
<meta name="viewport" content="width=device-width,initial-scale=1.0">
<title>Iniciar Sesión — PharmaCRM</title>
<link rel="stylesheet" href="/hospital/public/css/styles.css">
<link rel="stylesheet" href="https://cdnjs.cloudflare.com/ajax/libs/font-awesome/6.5.1/css/all.min.css">
</head>
<body>
<div class="login-wrapper">
<div class="login-card">
<div class="logo">
<div style="font-size:48px;margin-bottom:12px"><i class="fas fa-prescription-bottl
  User variables:
    target: http://localhost/hospital
    $environment: undefined
    $testId: tyrwb_hf3cergm9paphrkje9z4gkrz7e9jf_7x9j
    $dirname: tests
    $scenarioFile: C:\wamp64\www\hospital\mi-qa\tests\escenarios.yaml
    username: vendedor1
    password: vendedor123
    nombre_medicamento: enalapril
    cliente_id: 9
    $uuid: 92b2fdf8-38e7-45bf-98e1-aa6c87a3a62e
* GET /hospital/?route=home 

  ok statusCode 200 
* GET /hospital/?route=login 

  ok statusCode 200 
* POST /hospital/?route=auth&action=login 

  not ok statusCode 200 
  expected: 302
       got: 200
  Request params:
    http://localhost/hospital/?route=auth&action=login
    ""
  Headers:
  date: Wed, 06 May 2026 16:13:03 GMT
  server: Apache/2.4.65 (Win64) PHP/8.3.28 mod_fcgid/2.3.10-dev
  x-powered-by: PHP/8.3.28
  expires: Thu, 19 Nov 1981 08:52:00 GMT
  cache-control: no-store, no-cache, must-revalidate
  pragma: no-cache
  content-length: 1624
  keep-alive: timeout=5, max=97
  connection: Keep-Alive
  content-type: text/html; charset=UTF-8
  Body:
<!DOCTYPE html>
<html lang="es">
<head>
<meta charset="UTF-8">
<meta name="viewport" content="width=device-width,initial-scale=1.0">
<title>Iniciar Sesión — PharmaCRM</title>
<link rel="stylesheet" href="/hospital/public/css/styles.css">
<link rel="stylesheet" href="https://cdnjs.cloudflare.com/ajax/libs/font-awesome/6.5.1/css/all.min.css">
</head>
<body>
<div class="login-wrapper">
<div class="login-card">
<div class="logo">
<div style="font-size:48px;margin-bottom:12px"><i class="fas fa-prescription-bottl
  User variables:
    target: http://localhost/hospital
    $environment: undefined
    $testId: tyrwb_hf3cergm9paphrkje9z4gkrz7e9jf_7x9j
    $dirname: tests
    $scenarioFile: C:\wamp64\www\hospital\mi-qa\tests\escenarios.yaml
    username: admin
    password: admin
    nombre_medicamento: metformina
    cliente_id: 2
    $uuid: 97619f29-42b5-4e7d-beb6-813369ca8bd3
* GET /hospital/?route=home 

  ok statusCode 200 
* GET /hospital/?route=home 

* GET /hospital/?route=login 

  ok statusCode 200 
  ok statusCode 200 
* POST /hospital/?route=auth&action=login 

  not ok statusCode 200 
  expected: 302
       got: 200
  Request params:
    http://localhost/hospital/?route=auth&action=login
    ""
  Headers:
  date: Wed, 06 May 2026 16:13:03 GMT
  server: Apache/2.4.65 (Win64) PHP/8.3.28 mod_fcgid/2.3.10-dev
  x-powered-by: PHP/8.3.28
  expires: Thu, 19 Nov 1981 08:52:00 GMT
  cache-control: no-store, no-cache, must-revalidate
  pragma: no-cache
  content-length: 1624
  keep-alive: timeout=5, max=97
  connection: Keep-Alive
  content-type: text/html; charset=UTF-8
  Body:
<!DOCTYPE html>
<html lang="es">
<head>
<meta charset="UTF-8">
<meta name="viewport" content="width=device-width,initial-scale=1.0">
<title>Iniciar Sesión — PharmaCRM</title>
<link rel="stylesheet" href="/hospital/public/css/styles.css">
<link rel="stylesheet" href="https://cdnjs.cloudflare.com/ajax/libs/font-awesome/6.5.1/css/all.min.css">
</head>
<body>
<div class="login-wrapper">
<div class="login-card">
<div class="logo">
<div style="font-size:48px;margin-bottom:12px"><i class="fas fa-prescription-bottl
  User variables:
    target: http://localhost/hospital
    $environment: undefined
    $testId: tyrwb_hf3cergm9paphrkje9z4gkrz7e9jf_7x9j
    $dirname: tests
    $scenarioFile: C:\wamp64\www\hospital\mi-qa\tests\escenarios.yaml
    username: admin
    password: admin
    nombre_medicamento: enalapril
    cliente_id: 5
    $uuid: bf25dfbd-6357-4ef6-a8cf-9e1129ad1805
* GET /hospital/?route=login 

  ok statusCode 200 
* POST /hospital/?route=auth&action=login 

  not ok statusCode 200 
  expected: 302
       got: 200
  Request params:
    http://localhost/hospital/?route=auth&action=login
    ""
  Headers:
  date: Wed, 06 May 2026 16:13:03 GMT
  server: Apache/2.4.65 (Win64) PHP/8.3.28 mod_fcgid/2.3.10-dev
  x-powered-by: PHP/8.3.28
  expires: Thu, 19 Nov 1981 08:52:00 GMT
  cache-control: no-store, no-cache, must-revalidate
  pragma: no-cache
  content-length: 1624
  keep-alive: timeout=5, max=97
  connection: Keep-Alive
  content-type: text/html; charset=UTF-8
  Body:
<!DOCTYPE html>
<html lang="es">
<head>
<meta charset="UTF-8">
<meta name="viewport" content="width=device-width,initial-scale=1.0">
<title>Iniciar Sesión — PharmaCRM</title>
<link rel="stylesheet" href="/hospital/public/css/styles.css">
<link rel="stylesheet" href="https://cdnjs.cloudflare.com/ajax/libs/font-awesome/6.5.1/css/all.min.css">
</head>
<body>
<div class="login-wrapper">
<div class="login-card">
<div class="logo">
<div style="font-size:48px;margin-bottom:12px"><i class="fas fa-prescription-bottl
  User variables:
    target: http://localhost/hospital
    $environment: undefined
    $testId: tyrwb_hf3cergm9paphrkje9z4gkrz7e9jf_7x9j
    $dirname: tests
    $scenarioFile: C:\wamp64\www\hospital\mi-qa\tests\escenarios.yaml
    username: username
    password: password
    nombre_medicamento: nombre_medicamento
    cliente_id: 8
    $uuid: 959e9eb4-eace-4c10-bfef-81010b9cdc16
* GET /hospital/?route=home 

  ok statusCode 200 
* POST /hospital/?route=auth&action=login 

  not ok statusCode 200 
  expected: 302
       got: 200
  Request params:
    http://localhost/hospital/?route=auth&action=login
    ""
  Headers:
  date: Wed, 06 May 2026 16:13:03 GMT
  server: Apache/2.4.65 (Win64) PHP/8.3.28 mod_fcgid/2.3.10-dev
  x-powered-by: PHP/8.3.28
  expires: Thu, 19 Nov 1981 08:52:00 GMT
  cache-control: no-store, no-cache, must-revalidate
  pragma: no-cache
  content-length: 1624
  keep-alive: timeout=5, max=97
  connection: Keep-Alive
  content-type: text/html; charset=UTF-8
  Body:
<!DOCTYPE html>
<html lang="es">
<head>
<meta charset="UTF-8">
<meta name="viewport" content="width=device-width,initial-scale=1.0">
<title>Iniciar Sesión — PharmaCRM</title>
<link rel="stylesheet" href="/hospital/public/css/styles.css">
<link rel="stylesheet" href="https://cdnjs.cloudflare.com/ajax/libs/font-awesome/6.5.1/css/all.min.css">
</head>
<body>
<div class="login-wrapper">
<div class="login-card">
<div class="logo">
<div style="font-size:48px;margin-bottom:12px"><i class="fas fa-prescription-bottl
  User variables:
    target: http://localhost/hospital
    $environment: undefined
    $testId: tyrwb_hf3cergm9paphrkje9z4gkrz7e9jf_7x9j
    $dirname: tests
    $scenarioFile: C:\wamp64\www\hospital\mi-qa\tests\escenarios.yaml
    username: supervisor1
    password: supervisor123
    nombre_medicamento: nombre_medicamento
    cliente_id: 2
    $uuid: 2aa98f6b-3e18-4cc5-8556-a41454fb8c22
* GET /hospital/?route=login 

  ok statusCode 200 
* GET /hospital/?route=login 

  ok statusCode 200 
* GET /hospital/?route=home 

  ok statusCode 200 
* POST /hospital/?route=auth&action=login 

  not ok statusCode 200 
  expected: 302
       got: 200
  Request params:
    http://localhost/hospital/?route=auth&action=login
    ""
  Headers:
  date: Wed, 06 May 2026 16:13:03 GMT
  server: Apache/2.4.65 (Win64) PHP/8.3.28 mod_fcgid/2.3.10-dev
  x-powered-by: PHP/8.3.28
  expires: Thu, 19 Nov 1981 08:52:00 GMT
  cache-control: no-store, no-cache, must-revalidate
  pragma: no-cache
  content-length: 1624
  keep-alive: timeout=5, max=97
  connection: Keep-Alive
  content-type: text/html; charset=UTF-8
  Body:
<!DOCTYPE html>
<html lang="es">
<head>
<meta charset="UTF-8">
<meta name="viewport" content="width=device-width,initial-scale=1.0">
<title>Iniciar Sesión — PharmaCRM</title>
<link rel="stylesheet" href="/hospital/public/css/styles.css">
<link rel="stylesheet" href="https://cdnjs.cloudflare.com/ajax/libs/font-awesome/6.5.1/css/all.min.css">
</head>
<body>
<div class="login-wrapper">
<div class="login-card">
<div class="logo">
<div style="font-size:48px;margin-bottom:12px"><i class="fas fa-prescription-bottl
  User variables:
    target: http://localhost/hospital
    $environment: undefined
    $testId: tyrwb_hf3cergm9paphrkje9z4gkrz7e9jf_7x9j
    $dirname: tests
    $scenarioFile: C:\wamp64\www\hospital\mi-qa\tests\escenarios.yaml
    username: admin
    password: admin
    nombre_medicamento: metformina
    cliente_id: 5
    $uuid: 96e9e334-45a5-4f3a-8528-21a5f9135b4b
* GET /hospital/?route=home 

  ok statusCode 200 
* GET /hospital/?route=login 

  ok statusCode 200 
* POST /hospital/?route=auth&action=login 

  not ok statusCode 200 
  expected: 302
       got: 200
  Request params:
    http://localhost/hospital/?route=auth&action=login
    ""
  Headers:
  date: Wed, 06 May 2026 16:13:03 GMT
  server: Apache/2.4.65 (Win64) PHP/8.3.28 mod_fcgid/2.3.10-dev
  x-powered-by: PHP/8.3.28
  expires: Thu, 19 Nov 1981 08:52:00 GMT
  cache-control: no-store, no-cache, must-revalidate
  pragma: no-cache
  content-length: 1624
  keep-alive: timeout=5, max=97
  connection: Keep-Alive
  content-type: text/html; charset=UTF-8
  Body:
<!DOCTYPE html>
<html lang="es">
<head>
<meta charset="UTF-8">
<meta name="viewport" content="width=device-width,initial-scale=1.0">
<title>Iniciar Sesión — PharmaCRM</title>
<link rel="stylesheet" href="/hospital/public/css/styles.css">
<link rel="stylesheet" href="https://cdnjs.cloudflare.com/ajax/libs/font-awesome/6.5.1/css/all.min.css">
</head>
<body>
<div class="login-wrapper">
<div class="login-card">
<div class="logo">
<div style="font-size:48px;margin-bottom:12px"><i class="fas fa-prescription-bottl
  User variables:
    target: http://localhost/hospital
    $environment: undefined
    $testId: tyrwb_hf3cergm9paphrkje9z4gkrz7e9jf_7x9j
    $dirname: tests
    $scenarioFile: C:\wamp64\www\hospital\mi-qa\tests\escenarios.yaml
    username: supervisor1
    password: supervisor123
    nombre_medicamento: loratadina
    cliente_id: 1
    $uuid: 6111e76e-248e-4b5f-a42b-3f3a9842ba47
* GET /hospital/?route=home 

  ok statusCode 200 
* GET /hospital/?route=login 

  ok statusCode 200 
* POST /hospital/?route=auth&action=login 

  not ok statusCode 200 
  expected: 302
       got: 200
  Request params:
    http://localhost/hospital/?route=auth&action=login
    ""
  Headers:
  date: Wed, 06 May 2026 16:13:03 GMT
  server: Apache/2.4.65 (Win64) PHP/8.3.28 mod_fcgid/2.3.10-dev
  x-powered-by: PHP/8.3.28
  expires: Thu, 19 Nov 1981 08:52:00 GMT
  cache-control: no-store, no-cache, must-revalidate
  pragma: no-cache
  content-length: 1624
  keep-alive: timeout=5, max=97
  connection: Keep-Alive
  content-type: text/html; charset=UTF-8
  Body:
<!DOCTYPE html>
<html lang="es">
<head>
<meta charset="UTF-8">
<meta name="viewport" content="width=device-width,initial-scale=1.0">
<title>Iniciar Sesión — PharmaCRM</title>
<link rel="stylesheet" href="/hospital/public/css/styles.css">
<link rel="stylesheet" href="https://cdnjs.cloudflare.com/ajax/libs/font-awesome/6.5.1/css/all.min.css">
</head>
<body>
<div class="login-wrapper">
<div class="login-card">
<div class="logo">
<div style="font-size:48px;margin-bottom:12px"><i class="fas fa-prescription-bottl
  User variables:
    target: http://localhost/hospital
    $environment: undefined
    $testId: tyrwb_hf3cergm9paphrkje9z4gkrz7e9jf_7x9j
    $dirname: tests
    $scenarioFile: C:\wamp64\www\hospital\mi-qa\tests\escenarios.yaml
    username: admin
    password: admin
    nombre_medicamento: losartan
    cliente_id: 10
    $uuid: c1d48123-5f4b-4a67-9acc-00c282dea092
* GET /hospital/?route=login 

  ok statusCode 200 
* GET /hospital/?route=login 

  ok statusCode 200 
* GET /hospital/?route=home 

  ok statusCode 200 
* GET /hospital/?route=home 

  ok statusCode 200 
* POST /hospital/?route=auth&action=login 

  not ok statusCode 200 
  expected: 302
       got: 200
  Request params:
    http://localhost/hospital/?route=auth&action=login
    ""
  Headers:
  date: Wed, 06 May 2026 16:13:03 GMT
  server: Apache/2.4.65 (Win64) PHP/8.3.28 mod_fcgid/2.3.10-dev
  x-powered-by: PHP/8.3.28
  expires: Thu, 19 Nov 1981 08:52:00 GMT
  cache-control: no-store, no-cache, must-revalidate
  pragma: no-cache
  content-length: 1624
  keep-alive: timeout=5, max=97
  connection: Keep-Alive
  content-type: text/html; charset=UTF-8
  Body:
<!DOCTYPE html>
<html lang="es">
<head>
<meta charset="UTF-8">
<meta name="viewport" content="width=device-width,initial-scale=1.0">
<title>Iniciar Sesión — PharmaCRM</title>
<link rel="stylesheet" href="/hospital/public/css/styles.css">
<link rel="stylesheet" href="https://cdnjs.cloudflare.com/ajax/libs/font-awesome/6.5.1/css/all.min.css">
</head>
<body>
<div class="login-wrapper">
<div class="login-card">
<div class="logo">
<div style="font-size:48px;margin-bottom:12px"><i class="fas fa-prescription-bottl
  User variables:
    target: http://localhost/hospital
    $environment: undefined
    $testId: tyrwb_hf3cergm9paphrkje9z4gkrz7e9jf_7x9j
    $dirname: tests
    $scenarioFile: C:\wamp64\www\hospital\mi-qa\tests\escenarios.yaml
    username: username
    password: password
    nombre_medicamento: dexametasona
    cliente_id: cliente_id
    $uuid: 97931e8b-2a3e-41ab-a268-1108df9e9d99
* POST /hospital/?route=auth&action=login 

  not ok statusCode 200 
  expected: 302
       got: 200
  Request params:
    http://localhost/hospital/?route=auth&action=login
    ""
  Headers:
  date: Wed, 06 May 2026 16:13:03 GMT
  server: Apache/2.4.65 (Win64) PHP/8.3.28 mod_fcgid/2.3.10-dev
  x-powered-by: PHP/8.3.28
  expires: Thu, 19 Nov 1981 08:52:00 GMT
  cache-control: no-store, no-cache, must-revalidate
  pragma: no-cache
  content-length: 1624
  keep-alive: timeout=5, max=97
  connection: Keep-Alive
  content-type: text/html; charset=UTF-8
  Body:
<!DOCTYPE html>
<html lang="es">
<head>
<meta charset="UTF-8">
<meta name="viewport" content="width=device-width,initial-scale=1.0">
<title>Iniciar Sesión — PharmaCRM</title>
<link rel="stylesheet" href="/hospital/public/css/styles.css">
<link rel="stylesheet" href="https://cdnjs.cloudflare.com/ajax/libs/font-awesome/6.5.1/css/all.min.css">
</head>
<body>
<div class="login-wrapper">
<div class="login-card">
<div class="logo">
<div style="font-size:48px;margin-bottom:12px"><i class="fas fa-prescription-bottl
  User variables:
    target: http://localhost/hospital
    $environment: undefined
    $testId: tyrwb_hf3cergm9paphrkje9z4gkrz7e9jf_7x9j
    $dirname: tests
    $scenarioFile: C:\wamp64\www\hospital\mi-qa\tests\escenarios.yaml
    username: vendedor1
    password: vendedor123
    nombre_medicamento: salbutamol
    cliente_id: 7
    $uuid: 1f79a348-db4a-4144-bd73-8157e6e3208a
* GET /hospital/?route=home 

  ok statusCode 200 
* POST /hospital/?route=auth&action=login 

  not ok statusCode 200 
  expected: 302
       got: 200
  Request params:
    http://localhost/hospital/?route=auth&action=login
    ""
  Headers:
  date: Wed, 06 May 2026 16:13:03 GMT
  server: Apache/2.4.65 (Win64) PHP/8.3.28 mod_fcgid/2.3.10-dev
  x-powered-by: PHP/8.3.28
  expires: Thu, 19 Nov 1981 08:52:00 GMT
  cache-control: no-store, no-cache, must-revalidate
  pragma: no-cache
  content-length: 1624
  keep-alive: timeout=5, max=97
  connection: Keep-Alive
  content-type: text/html; charset=UTF-8
  Body:
<!DOCTYPE html>
<html lang="es">
<head>
<meta charset="UTF-8">
<meta name="viewport" content="width=device-width,initial-scale=1.0">
<title>Iniciar Sesión — PharmaCRM</title>
<link rel="stylesheet" href="/hospital/public/css/styles.css">
<link rel="stylesheet" href="https://cdnjs.cloudflare.com/ajax/libs/font-awesome/6.5.1/css/all.min.css">
</head>
<body>
<div class="login-wrapper">
<div class="login-card">
<div class="logo">
<div style="font-size:48px;margin-bottom:12px"><i class="fas fa-prescription-bottl
  User variables:
    target: http://localhost/hospital
    $environment: undefined
    $testId: tyrwb_hf3cergm9paphrkje9z4gkrz7e9jf_7x9j
    $dirname: tests
    $scenarioFile: C:\wamp64\www\hospital\mi-qa\tests\escenarios.yaml
    username: supervisor1
    password: supervisor123
    nombre_medicamento: omeprazol
    cliente_id: 6
    $uuid: c83cdece-9e18-4a3f-ae3e-fa6a8d8a4526
* GET /hospital/?route=login 

  ok statusCode 200 
* GET /hospital/?route=home 

  ok statusCode 200 
* GET /hospital/?route=login 

  ok statusCode 200 
* GET /hospital/?route=login 

* GET /hospital/?route=home 

  ok statusCode 200 
  ok statusCode 200 
* POST /hospital/?route=auth&action=login 

  not ok statusCode 200 
  expected: 302
       got: 200
  Request params:
    http://localhost/hospital/?route=auth&action=login
    ""
  Headers:
  date: Wed, 06 May 2026 16:13:03 GMT
  server: Apache/2.4.65 (Win64) PHP/8.3.28 mod_fcgid/2.3.10-dev
  x-powered-by: PHP/8.3.28
  expires: Thu, 19 Nov 1981 08:52:00 GMT
  cache-control: no-store, no-cache, must-revalidate
  pragma: no-cache
  content-length: 1624
  keep-alive: timeout=5, max=97
  connection: Keep-Alive
  content-type: text/html; charset=UTF-8
  Body:
<!DOCTYPE html>
<html lang="es">
<head>
<meta charset="UTF-8">
<meta name="viewport" content="width=device-width,initial-scale=1.0">
<title>Iniciar Sesión — PharmaCRM</title>
<link rel="stylesheet" href="/hospital/public/css/styles.css">
<link rel="stylesheet" href="https://cdnjs.cloudflare.com/ajax/libs/font-awesome/6.5.1/css/all.min.css">
</head>
<body>
<div class="login-wrapper">
<div class="login-card">
<div class="logo">
<div style="font-size:48px;margin-bottom:12px"><i class="fas fa-prescription-bottl
  User variables:
    target: http://localhost/hospital
    $environment: undefined
    $testId: tyrwb_hf3cergm9paphrkje9z4gkrz7e9jf_7x9j
    $dirname: tests
    $scenarioFile: C:\wamp64\www\hospital\mi-qa\tests\escenarios.yaml
    username: admin
    password: admin
    nombre_medicamento: amoxicilina
    cliente_id: 10
    $uuid: 9cf51685-2692-4b58-9238-8f5871643fac
* POST /hospital/?route=auth&action=login 

  not ok statusCode 200 
  expected: 302
       got: 200
  Request params:
    http://localhost/hospital/?route=auth&action=login
    ""
  Headers:
  date: Wed, 06 May 2026 16:13:03 GMT
  server: Apache/2.4.65 (Win64) PHP/8.3.28 mod_fcgid/2.3.10-dev
  x-powered-by: PHP/8.3.28
  expires: Thu, 19 Nov 1981 08:52:00 GMT
  cache-control: no-store, no-cache, must-revalidate
  pragma: no-cache
  content-length: 1624
  keep-alive: timeout=5, max=97
  connection: Keep-Alive
  content-type: text/html; charset=UTF-8
  Body:
<!DOCTYPE html>
<html lang="es">
<head>
<meta charset="UTF-8">
<meta name="viewport" content="width=device-width,initial-scale=1.0">
<title>Iniciar Sesión — PharmaCRM</title>
<link rel="stylesheet" href="/hospital/public/css/styles.css">
<link rel="stylesheet" href="https://cdnjs.cloudflare.com/ajax/libs/font-awesome/6.5.1/css/all.min.css">
</head>
<body>
<div class="login-wrapper">
<div class="login-card">
<div class="logo">
<div style="font-size:48px;margin-bottom:12px"><i class="fas fa-prescription-bottl
  User variables:
    target: http://localhost/hospital
    $environment: undefined
    $testId: tyrwb_hf3cergm9paphrkje9z4gkrz7e9jf_7x9j
    $dirname: tests
    $scenarioFile: C:\wamp64\www\hospital\mi-qa\tests\escenarios.yaml
    username: username
    password: password
    nombre_medicamento: amoxicilina
    cliente_id: 1
    $uuid: 41f9d621-c570-4e0f-a4eb-b3d99a5a7a50
* GET /hospital/?route=login 

  ok statusCode 200 
* GET /hospital/?route=home 

  ok statusCode 200 
* POST /hospital/?route=auth&action=login 

  not ok statusCode 200 
  expected: 302
       got: 200
  Request params:
    http://localhost/hospital/?route=auth&action=login
    ""
  Headers:
  date: Wed, 06 May 2026 16:13:03 GMT
  server: Apache/2.4.65 (Win64) PHP/8.3.28 mod_fcgid/2.3.10-dev
  x-powered-by: PHP/8.3.28
  expires: Thu, 19 Nov 1981 08:52:00 GMT
  cache-control: no-store, no-cache, must-revalidate
  pragma: no-cache
  content-length: 1624
  keep-alive: timeout=5, max=97
  connection: Keep-Alive
  content-type: text/html; charset=UTF-8
  Body:
<!DOCTYPE html>
<html lang="es">
<head>
<meta charset="UTF-8">
<meta name="viewport" content="width=device-width,initial-scale=1.0">
<title>Iniciar Sesión — PharmaCRM</title>
<link rel="stylesheet" href="/hospital/public/css/styles.css">
<link rel="stylesheet" href="https://cdnjs.cloudflare.com/ajax/libs/font-awesome/6.5.1/css/all.min.css">
</head>
<body>
<div class="login-wrapper">
<div class="login-card">
<div class="logo">
<div style="font-size:48px;margin-bottom:12px"><i class="fas fa-prescription-bottl
  User variables:
    target: http://localhost/hospital
    $environment: undefined
    $testId: tyrwb_hf3cergm9paphrkje9z4gkrz7e9jf_7x9j
    $dirname: tests
    $scenarioFile: C:\wamp64\www\hospital\mi-qa\tests\escenarios.yaml
    username: admin
    password: admin
    nombre_medicamento: ibuprofeno
    cliente_id: 5
    $uuid: 43eb059b-370a-43a3-bfef-9d04be3b2fa3
* GET /hospital/?route=home 

  ok statusCode 200 
* GET /hospital/?route=login 

  ok statusCode 200 
* POST /hospital/?route=auth&action=login 

  not ok statusCode 200 
  expected: 302
       got: 200
  Request params:
    http://localhost/hospital/?route=auth&action=login
    ""
  Headers:
  date: Wed, 06 May 2026 16:13:04 GMT
  server: Apache/2.4.65 (Win64) PHP/8.3.28 mod_fcgid/2.3.10-dev
  x-powered-by: PHP/8.3.28
  expires: Thu, 19 Nov 1981 08:52:00 GMT
  cache-control: no-store, no-cache, must-revalidate
  pragma: no-cache
  content-length: 1624
  keep-alive: timeout=5, max=97
  connection: Keep-Alive
  content-type: text/html; charset=UTF-8
  Body:
<!DOCTYPE html>
<html lang="es">
<head>
<meta charset="UTF-8">
<meta name="viewport" content="width=device-width,initial-scale=1.0">
<title>Iniciar Sesión — PharmaCRM</title>
<link rel="stylesheet" href="/hospital/public/css/styles.css">
<link rel="stylesheet" href="https://cdnjs.cloudflare.com/ajax/libs/font-awesome/6.5.1/css/all.min.css">
</head>
<body>
<div class="login-wrapper">
<div class="login-card">
<div class="logo">
<div style="font-size:48px;margin-bottom:12px"><i class="fas fa-prescription-bottl
  User variables:
    target: http://localhost/hospital
    $environment: undefined
    $testId: tyrwb_hf3cergm9paphrkje9z4gkrz7e9jf_7x9j
    $dirname: tests
    $scenarioFile: C:\wamp64\www\hospital\mi-qa\tests\escenarios.yaml
    username: admin
    password: admin
    nombre_medicamento: salbutamol
    cliente_id: 7
    $uuid: d32ee9f5-3820-4e24-a340-ec3c9bba600f
* GET /hospital/?route=login 

  ok statusCode 200 
* GET /hospital/?route=home 

  ok statusCode 200 
* GET /hospital/?route=login 

  ok statusCode 200 
* POST /hospital/?route=auth&action=login 

* GET /hospital/?route=home 

  ok statusCode 200 
  not ok statusCode 200 
  expected: 302
       got: 200
  Request params:
    http://localhost/hospital/?route=auth&action=login
    ""
  Headers:
  date: Wed, 06 May 2026 16:13:04 GMT
  server: Apache/2.4.65 (Win64) PHP/8.3.28 mod_fcgid/2.3.10-dev
  x-powered-by: PHP/8.3.28
  expires: Thu, 19 Nov 1981 08:52:00 GMT
  cache-control: no-store, no-cache, must-revalidate
  pragma: no-cache
  content-length: 1624
  keep-alive: timeout=5, max=97
  connection: Keep-Alive
  content-type: text/html; charset=UTF-8
  Body:
<!DOCTYPE html>
<html lang="es">
<head>
<meta charset="UTF-8">
<meta name="viewport" content="width=device-width,initial-scale=1.0">
<title>Iniciar Sesión — PharmaCRM</title>
<link rel="stylesheet" href="/hospital/public/css/styles.css">
<link rel="stylesheet" href="https://cdnjs.cloudflare.com/ajax/libs/font-awesome/6.5.1/css/all.min.css">
</head>
<body>
<div class="login-wrapper">
<div class="login-card">
<div class="logo">
<div style="font-size:48px;margin-bottom:12px"><i class="fas fa-prescription-bottl
  User variables:
    target: http://localhost/hospital
    $environment: undefined
    $testId: tyrwb_hf3cergm9paphrkje9z4gkrz7e9jf_7x9j
    $dirname: tests
    $scenarioFile: C:\wamp64\www\hospital\mi-qa\tests\escenarios.yaml
    username: tester
    password: tester123
    nombre_medicamento: salbutamol
    cliente_id: 10
    $uuid: 4d061642-77d0-4b74-82f9-12b5e8b213cd
* POST /hospital/?route=auth&action=login 

  not ok statusCode 200 
  expected: 302
       got: 200
  Request params:
    http://localhost/hospital/?route=auth&action=login
    ""
  Headers:
  date: Wed, 06 May 2026 16:13:04 GMT
  server: Apache/2.4.65 (Win64) PHP/8.3.28 mod_fcgid/2.3.10-dev
  x-powered-by: PHP/8.3.28
  expires: Thu, 19 Nov 1981 08:52:00 GMT
  cache-control: no-store, no-cache, must-revalidate
  pragma: no-cache
  content-length: 1624
  keep-alive: timeout=5, max=97
  connection: Keep-Alive
  content-type: text/html; charset=UTF-8
  Body:
<!DOCTYPE html>
<html lang="es">
<head>
<meta charset="UTF-8">
<meta name="viewport" content="width=device-width,initial-scale=1.0">
<title>Iniciar Sesión — PharmaCRM</title>
<link rel="stylesheet" href="/hospital/public/css/styles.css">
<link rel="stylesheet" href="https://cdnjs.cloudflare.com/ajax/libs/font-awesome/6.5.1/css/all.min.css">
</head>
<body>
<div class="login-wrapper">
<div class="login-card">
<div class="logo">
<div style="font-size:48px;margin-bottom:12px"><i class="fas fa-prescription-bottl
  User variables:
    target: http://localhost/hospital
    $environment: undefined
    $testId: tyrwb_hf3cergm9paphrkje9z4gkrz7e9jf_7x9j
    $dirname: tests
    $scenarioFile: C:\wamp64\www\hospital\mi-qa\tests\escenarios.yaml
    username: admin
    password: admin
    nombre_medicamento: ibuprofeno
    cliente_id: 10
    $uuid: caa0d043-f1b7-4dce-95b8-30395ffa7598
* GET /hospital/?route=login 

  ok statusCode 200 
* GET /hospital/?route=home 

  ok statusCode 200 
* GET /hospital/?route=login 

  ok statusCode 200 
* POST /hospital/?route=auth&action=login 

  not ok statusCode 200 
  expected: 302
       got: 200
  Request params:
    http://localhost/hospital/?route=auth&action=login
    ""
  Headers:
  date: Wed, 06 May 2026 16:13:04 GMT
  server: Apache/2.4.65 (Win64) PHP/8.3.28 mod_fcgid/2.3.10-dev
  x-powered-by: PHP/8.3.28
  expires: Thu, 19 Nov 1981 08:52:00 GMT
  cache-control: no-store, no-cache, must-revalidate
  pragma: no-cache
  content-length: 1624
  keep-alive: timeout=5, max=97
  connection: Keep-Alive
  content-type: text/html; charset=UTF-8
  Body:
<!DOCTYPE html>
<html lang="es">
<head>
<meta charset="UTF-8">
<meta name="viewport" content="width=device-width,initial-scale=1.0">
<title>Iniciar Sesión — PharmaCRM</title>
<link rel="stylesheet" href="/hospital/public/css/styles.css">
<link rel="stylesheet" href="https://cdnjs.cloudflare.com/ajax/libs/font-awesome/6.5.1/css/all.min.css">
</head>
<body>
<div class="login-wrapper">
<div class="login-card">
<div class="logo">
<div style="font-size:48px;margin-bottom:12px"><i class="fas fa-prescription-bottl
  User variables:
    target: http://localhost/hospital
    $environment: undefined
    $testId: tyrwb_hf3cergm9paphrkje9z4gkrz7e9jf_7x9j
    $dirname: tests
    $scenarioFile: C:\wamp64\www\hospital\mi-qa\tests\escenarios.yaml
    username: vendedor1
    password: vendedor123
    nombre_medicamento: metformina
    cliente_id: 2
    $uuid: a55d291f-6b7a-414f-b6f0-fefd05150918
* POST /hospital/?route=auth&action=login 

  not ok statusCode 200 
  expected: 302
       got: 200
  Request params:
    http://localhost/hospital/?route=auth&action=login
    ""
  Headers:
  date: Wed, 06 May 2026 16:13:04 GMT
  server: Apache/2.4.65 (Win64) PHP/8.3.28 mod_fcgid/2.3.10-dev
  x-powered-by: PHP/8.3.28
  expires: Thu, 19 Nov 1981 08:52:00 GMT
  cache-control: no-store, no-cache, must-revalidate
  pragma: no-cache
  content-length: 1624
  keep-alive: timeout=5, max=97
  connection: Keep-Alive
  content-type: text/html; charset=UTF-8
  Body:
<!DOCTYPE html>
<html lang="es">
<head>
<meta charset="UTF-8">
<meta name="viewport" content="width=device-width,initial-scale=1.0">
<title>Iniciar Sesión — PharmaCRM</title>
<link rel="stylesheet" href="/hospital/public/css/styles.css">
<link rel="stylesheet" href="https://cdnjs.cloudflare.com/ajax/libs/font-awesome/6.5.1/css/all.min.css">
</head>
<body>
<div class="login-wrapper">
<div class="login-card">
<div class="logo">
<div style="font-size:48px;margin-bottom:12px"><i class="fas fa-prescription-bottl
  User variables:
    target: http://localhost/hospital
    $environment: undefined
    $testId: tyrwb_hf3cergm9paphrkje9z4gkrz7e9jf_7x9j
    $dirname: tests
    $scenarioFile: C:\wamp64\www\hospital\mi-qa\tests\escenarios.yaml
    username: supervisor1
    password: supervisor123
    nombre_medicamento: losartan
    cliente_id: cliente_id
    $uuid: bee7cad2-1ddf-4cb9-adb0-f9b32b5fc561
* GET /hospital/?route=home 

  ok statusCode 200 
* GET /hospital/?route=home 

  ok statusCode 200 
* GET /hospital/?route=login 

  ok statusCode 200 
* POST /hospital/?route=auth&action=login 

  not ok statusCode 200 
  expected: 302
       got: 200
  Request params:
    http://localhost/hospital/?route=auth&action=login
    ""
  Headers:
  date: Wed, 06 May 2026 16:13:04 GMT
  server: Apache/2.4.65 (Win64) PHP/8.3.28 mod_fcgid/2.3.10-dev
  x-powered-by: PHP/8.3.28
  expires: Thu, 19 Nov 1981 08:52:00 GMT
  cache-control: no-store, no-cache, must-revalidate
  pragma: no-cache
  content-length: 1624
  keep-alive: timeout=5, max=97
  connection: Keep-Alive
  content-type: text/html; charset=UTF-8
  Body:
<!DOCTYPE html>
<html lang="es">
<head>
<meta charset="UTF-8">
<meta name="viewport" content="width=device-width,initial-scale=1.0">
<title>Iniciar Sesión — PharmaCRM</title>
<link rel="stylesheet" href="/hospital/public/css/styles.css">
<link rel="stylesheet" href="https://cdnjs.cloudflare.com/ajax/libs/font-awesome/6.5.1/css/all.min.css">
</head>
<body>
<div class="login-wrapper">
<div class="login-card">
<div class="logo">
<div style="font-size:48px;margin-bottom:12px"><i class="fas fa-prescription-bottl
  User variables:
    target: http://localhost/hospital
    $environment: undefined
    $testId: tyrwb_hf3cergm9paphrkje9z4gkrz7e9jf_7x9j
    $dirname: tests
    $scenarioFile: C:\wamp64\www\hospital\mi-qa\tests\escenarios.yaml
    username: tester
    password: tester123
    nombre_medicamento: enalapril
    cliente_id: 10
    $uuid: f5b4ec49-ab9d-464e-9687-049721cb5755
* GET /hospital/?route=home 

  ok statusCode 200 
* GET /hospital/?route=login 

  ok statusCode 200 
* POST /hospital/?route=auth&action=login 

  not ok statusCode 200 
  expected: 302
       got: 200
  Request params:
    http://localhost/hospital/?route=auth&action=login
    ""
  Headers:
  date: Wed, 06 May 2026 16:13:04 GMT
  server: Apache/2.4.65 (Win64) PHP/8.3.28 mod_fcgid/2.3.10-dev
  x-powered-by: PHP/8.3.28
  expires: Thu, 19 Nov 1981 08:52:00 GMT
  cache-control: no-store, no-cache, must-revalidate
  pragma: no-cache
  content-length: 1624
  keep-alive: timeout=5, max=97
  connection: Keep-Alive
  content-type: text/html; charset=UTF-8
  Body:
<!DOCTYPE html>
<html lang="es">
<head>
<meta charset="UTF-8">
<meta name="viewport" content="width=device-width,initial-scale=1.0">
<title>Iniciar Sesión — PharmaCRM</title>
<link rel="stylesheet" href="/hospital/public/css/styles.css">
<link rel="stylesheet" href="https://cdnjs.cloudflare.com/ajax/libs/font-awesome/6.5.1/css/all.min.css">
</head>
<body>
<div class="login-wrapper">
<div class="login-card">
<div class="logo">
<div style="font-size:48px;margin-bottom:12px"><i class="fas fa-prescription-bottl
  User variables:
    target: http://localhost/hospital
    $environment: undefined
    $testId: tyrwb_hf3cergm9paphrkje9z4gkrz7e9jf_7x9j
    $dirname: tests
    $scenarioFile: C:\wamp64\www\hospital\mi-qa\tests\escenarios.yaml
    username: vendedor1
    password: vendedor123
    nombre_medicamento: losartan
    cliente_id: 6
    $uuid: cd73f504-3fc7-4d8d-9484-28e3173534f6
* GET /hospital/?route=login 

  ok statusCode 200 
* GET /hospital/?route=home 

  ok statusCode 200 
* POST /hospital/?route=auth&action=login 

* GET /hospital/?route=login 

  not ok statusCode 200 
  expected: 302
       got: 200
  Request params:
    http://localhost/hospital/?route=auth&action=login
    ""
  Headers:
  date: Wed, 06 May 2026 16:13:04 GMT
  server: Apache/2.4.65 (Win64) PHP/8.3.28 mod_fcgid/2.3.10-dev
  x-powered-by: PHP/8.3.28
  expires: Thu, 19 Nov 1981 08:52:00 GMT
  cache-control: no-store, no-cache, must-revalidate
  pragma: no-cache
  content-length: 1624
  keep-alive: timeout=5, max=97
  connection: Keep-Alive
  content-type: text/html; charset=UTF-8
  Body:
<!DOCTYPE html>
<html lang="es">
<head>
<meta charset="UTF-8">
<meta name="viewport" content="width=device-width,initial-scale=1.0">
<title>Iniciar Sesión — PharmaCRM</title>
<link rel="stylesheet" href="/hospital/public/css/styles.css">
<link rel="stylesheet" href="https://cdnjs.cloudflare.com/ajax/libs/font-awesome/6.5.1/css/all.min.css">
</head>
<body>
<div class="login-wrapper">
<div class="login-card">
<div class="logo">
<div style="font-size:48px;margin-bottom:12px"><i class="fas fa-prescription-bottl
  User variables:
    target: http://localhost/hospital
    $environment: undefined
    $testId: tyrwb_hf3cergm9paphrkje9z4gkrz7e9jf_7x9j
    $dirname: tests
    $scenarioFile: C:\wamp64\www\hospital\mi-qa\tests\escenarios.yaml
    username: tester
    password: tester123
    nombre_medicamento: losartan
    cliente_id: 1
    $uuid: 0d7adbff-1e91-43f2-a516-c2e7a2ae9277
  ok statusCode 200 
* POST /hospital/?route=auth&action=login 

  not ok statusCode 200 
  expected: 302
       got: 200
  Request params:
    http://localhost/hospital/?route=auth&action=login
    ""
  Headers:
  date: Wed, 06 May 2026 16:13:04 GMT
  server: Apache/2.4.65 (Win64) PHP/8.3.28 mod_fcgid/2.3.10-dev
  x-powered-by: PHP/8.3.28
  expires: Thu, 19 Nov 1981 08:52:00 GMT
  cache-control: no-store, no-cache, must-revalidate
  pragma: no-cache
  content-length: 1624
  keep-alive: timeout=5, max=97
  connection: Keep-Alive
  content-type: text/html; charset=UTF-8
  Body:
<!DOCTYPE html>
<html lang="es">
<head>
<meta charset="UTF-8">
<meta name="viewport" content="width=device-width,initial-scale=1.0">
<title>Iniciar Sesión — PharmaCRM</title>
<link rel="stylesheet" href="/hospital/public/css/styles.css">
<link rel="stylesheet" href="https://cdnjs.cloudflare.com/ajax/libs/font-awesome/6.5.1/css/all.min.css">
</head>
<body>
<div class="login-wrapper">
<div class="login-card">
<div class="logo">
<div style="font-size:48px;margin-bottom:12px"><i class="fas fa-prescription-bottl
  User variables:
    target: http://localhost/hospital
    $environment: undefined
    $testId: tyrwb_hf3cergm9paphrkje9z4gkrz7e9jf_7x9j
    $dirname: tests
    $scenarioFile: C:\wamp64\www\hospital\mi-qa\tests\escenarios.yaml
    username: vendedor1
    password: vendedor123
    nombre_medicamento: ibuprofeno
    cliente_id: cliente_id
    $uuid: f2d8a1e5-1540-4e82-9247-1b5b511eed37
* GET /hospital/?route=home 

  ok statusCode 200 
* GET /hospital/?route=login 

  ok statusCode 200 
* GET /hospital/?route=home 

  ok statusCode 200 
* GET /hospital/?route=home 

* POST /hospital/?route=auth&action=login 

  not ok statusCode 200 
  expected: 302
       got: 200
  Request params:
    http://localhost/hospital/?route=auth&action=login
    ""
  Headers:
  date: Wed, 06 May 2026 16:13:04 GMT
  server: Apache/2.4.65 (Win64) PHP/8.3.28 mod_fcgid/2.3.10-dev
  x-powered-by: PHP/8.3.28
  expires: Thu, 19 Nov 1981 08:52:00 GMT
  cache-control: no-store, no-cache, must-revalidate
  pragma: no-cache
  content-length: 1624
  keep-alive: timeout=5, max=97
  connection: Keep-Alive
  content-type: text/html; charset=UTF-8
  Body:
<!DOCTYPE html>
<html lang="es">
<head>
<meta charset="UTF-8">
<meta name="viewport" content="width=device-width,initial-scale=1.0">
<title>Iniciar Sesión — PharmaCRM</title>
<link rel="stylesheet" href="/hospital/public/css/styles.css">
<link rel="stylesheet" href="https://cdnjs.cloudflare.com/ajax/libs/font-awesome/6.5.1/css/all.min.css">
</head>
<body>
<div class="login-wrapper">
<div class="login-card">
<div class="logo">
<div style="font-size:48px;margin-bottom:12px"><i class="fas fa-prescription-bottl
  User variables:
    target: http://localhost/hospital
    $environment: undefined
    $testId: tyrwb_hf3cergm9paphrkje9z4gkrz7e9jf_7x9j
    $dirname: tests
    $scenarioFile: C:\wamp64\www\hospital\mi-qa\tests\escenarios.yaml
    username: admin
    password: admin
    nombre_medicamento: amoxicilina
    cliente_id: 8
    $uuid: 1a5c9fb7-165d-4f04-b4d0-2cf4de115abd
  ok statusCode 200 
* GET /hospital/?route=home 

* GET /hospital/?route=login 

  ok statusCode 200 
  ok statusCode 200 
* POST /hospital/?route=auth&action=login 

  not ok statusCode 200 
  expected: 302
       got: 200
  Request params:
    http://localhost/hospital/?route=auth&action=login
    ""
  Headers:
  date: Wed, 06 May 2026 16:13:04 GMT
  server: Apache/2.4.65 (Win64) PHP/8.3.28 mod_fcgid/2.3.10-dev
  x-powered-by: PHP/8.3.28
  expires: Thu, 19 Nov 1981 08:52:00 GMT
  cache-control: no-store, no-cache, must-revalidate
  pragma: no-cache
  content-length: 1624
  keep-alive: timeout=5, max=97
  connection: Keep-Alive
  content-type: text/html; charset=UTF-8
  Body:
<!DOCTYPE html>
<html lang="es">
<head>
<meta charset="UTF-8">
<meta name="viewport" content="width=device-width,initial-scale=1.0">
<title>Iniciar Sesión — PharmaCRM</title>
<link rel="stylesheet" href="/hospital/public/css/styles.css">
<link rel="stylesheet" href="https://cdnjs.cloudflare.com/ajax/libs/font-awesome/6.5.1/css/all.min.css">
</head>
<body>
<div class="login-wrapper">
<div class="login-card">
<div class="logo">
<div style="font-size:48px;margin-bottom:12px"><i class="fas fa-prescription-bottl
  User variables:
    target: http://localhost/hospital
    $environment: undefined
    $testId: tyrwb_hf3cergm9paphrkje9z4gkrz7e9jf_7x9j
    $dirname: tests
    $scenarioFile: C:\wamp64\www\hospital\mi-qa\tests\escenarios.yaml
    username: supervisor1
    password: supervisor123
    nombre_medicamento: omeprazol
    cliente_id: 4
    $uuid: 0d498839-f1f1-4c38-9e85-ba2e0dab5895
* POST /hospital/?route=auth&action=login 

* GET /hospital/?route=login 

  ok statusCode 200 
  not ok statusCode 200 
  expected: 302
       got: 200
  Request params:
    http://localhost/hospital/?route=auth&action=login
    ""
  Headers:
  date: Wed, 06 May 2026 16:13:04 GMT
  server: Apache/2.4.65 (Win64) PHP/8.3.28 mod_fcgid/2.3.10-dev
  x-powered-by: PHP/8.3.28
  expires: Thu, 19 Nov 1981 08:52:00 GMT
  cache-control: no-store, no-cache, must-revalidate
  pragma: no-cache
  content-length: 1624
  keep-alive: timeout=5, max=97
  connection: Keep-Alive
  content-type: text/html; charset=UTF-8
  Body:
<!DOCTYPE html>
<html lang="es">
<head>
<meta charset="UTF-8">
<meta name="viewport" content="width=device-width,initial-scale=1.0">
<title>Iniciar Sesión — PharmaCRM</title>
<link rel="stylesheet" href="/hospital/public/css/styles.css">
<link rel="stylesheet" href="https://cdnjs.cloudflare.com/ajax/libs/font-awesome/6.5.1/css/all.min.css">
</head>
<body>
<div class="login-wrapper">
<div class="login-card">
<div class="logo">
<div style="font-size:48px;margin-bottom:12px"><i class="fas fa-prescription-bottl
  User variables:
    target: http://localhost/hospital
    $environment: undefined
    $testId: tyrwb_hf3cergm9paphrkje9z4gkrz7e9jf_7x9j
    $dirname: tests
    $scenarioFile: C:\wamp64\www\hospital\mi-qa\tests\escenarios.yaml
    username: tester
    password: tester123
    nombre_medicamento: loratadina
    cliente_id: cliente_id
    $uuid: e9affa14-d27d-496d-b771-5cf3a4d1786d
* GET /hospital/?route=home 

  ok statusCode 200 
* GET /hospital/?route=login 

  ok statusCode 200 
* POST /hospital/?route=auth&action=login 

  not ok statusCode 200 
  expected: 302
       got: 200
  Request params:
    http://localhost/hospital/?route=auth&action=login
    ""
  Headers:
  date: Wed, 06 May 2026 16:13:04 GMT
  server: Apache/2.4.65 (Win64) PHP/8.3.28 mod_fcgid/2.3.10-dev
  x-powered-by: PHP/8.3.28
  expires: Thu, 19 Nov 1981 08:52:00 GMT
  cache-control: no-store, no-cache, must-revalidate
  pragma: no-cache
  content-length: 1624
  keep-alive: timeout=5, max=97
  connection: Keep-Alive
  content-type: text/html; charset=UTF-8
  Body:
<!DOCTYPE html>
<html lang="es">
<head>
<meta charset="UTF-8">
<meta name="viewport" content="width=device-width,initial-scale=1.0">
<title>Iniciar Sesión — PharmaCRM</title>
<link rel="stylesheet" href="/hospital/public/css/styles.css">
<link rel="stylesheet" href="https://cdnjs.cloudflare.com/ajax/libs/font-awesome/6.5.1/css/all.min.css">
</head>
<body>
<div class="login-wrapper">
<div class="login-card">
<div class="logo">
<div style="font-size:48px;margin-bottom:12px"><i class="fas fa-prescription-bottl
  User variables:
    target: http://localhost/hospital
    $environment: undefined
    $testId: tyrwb_hf3cergm9paphrkje9z4gkrz7e9jf_7x9j
    $dirname: tests
    $scenarioFile: C:\wamp64\www\hospital\mi-qa\tests\escenarios.yaml
    username: username
    password: password
    nombre_medicamento: omeprazol
    cliente_id: 8
    $uuid: 638b2506-db7a-405c-8f47-ebd7abdeac69
* GET /hospital/?route=home 

  ok statusCode 200 
* GET /hospital/?route=login 

  ok statusCode 200 
* POST /hospital/?route=auth&action=login 

  not ok statusCode 200 
  expected: 302
       got: 200
  Request params:
    http://localhost/hospital/?route=auth&action=login
    ""
  Headers:
  date: Wed, 06 May 2026 16:13:05 GMT
  server: Apache/2.4.65 (Win64) PHP/8.3.28 mod_fcgid/2.3.10-dev
  x-powered-by: PHP/8.3.28
  expires: Thu, 19 Nov 1981 08:52:00 GMT
  cache-control: no-store, no-cache, must-revalidate
  pragma: no-cache
  content-length: 1624
  keep-alive: timeout=5, max=97
  connection: Keep-Alive
  content-type: text/html; charset=UTF-8
  Body:
<!DOCTYPE html>
<html lang="es">
<head>
<meta charset="UTF-8">
<meta name="viewport" content="width=device-width,initial-scale=1.0">
<title>Iniciar Sesión — PharmaCRM</title>
<link rel="stylesheet" href="/hospital/public/css/styles.css">
<link rel="stylesheet" href="https://cdnjs.cloudflare.com/ajax/libs/font-awesome/6.5.1/css/all.min.css">
</head>
<body>
<div class="login-wrapper">
<div class="login-card">
<div class="logo">
<div style="font-size:48px;margin-bottom:12px"><i class="fas fa-prescription-bottl
  User variables:
    target: http://localhost/hospital
    $environment: undefined
    $testId: tyrwb_hf3cergm9paphrkje9z4gkrz7e9jf_7x9j
    $dirname: tests
    $scenarioFile: C:\wamp64\www\hospital\mi-qa\tests\escenarios.yaml
    username: vendedor1
    password: vendedor123
    nombre_medicamento: loratadina
    cliente_id: 7
    $uuid: a6f01db8-d99f-4093-9d4d-19122589d834
* GET /hospital/?route=home 

  ok statusCode 200 
* GET /hospital/?route=login 

  ok statusCode 200 
* POST /hospital/?route=auth&action=login 

  not ok statusCode 200 
  expected: 302
       got: 200
  Request params:
    http://localhost/hospital/?route=auth&action=login
    ""
  Headers:
  date: Wed, 06 May 2026 16:13:05 GMT
  server: Apache/2.4.65 (Win64) PHP/8.3.28 mod_fcgid/2.3.10-dev
  x-powered-by: PHP/8.3.28
  expires: Thu, 19 Nov 1981 08:52:00 GMT
  cache-control: no-store, no-cache, must-revalidate
  pragma: no-cache
  content-length: 1624
  keep-alive: timeout=5, max=97
  connection: Keep-Alive
  content-type: text/html; charset=UTF-8
  Body:
<!DOCTYPE html>
<html lang="es">
<head>
<meta charset="UTF-8">
<meta name="viewport" content="width=device-width,initial-scale=1.0">
<title>Iniciar Sesión — PharmaCRM</title>
<link rel="stylesheet" href="/hospital/public/css/styles.css">
<link rel="stylesheet" href="https://cdnjs.cloudflare.com/ajax/libs/font-awesome/6.5.1/css/all.min.css">
</head>
<body>
<div class="login-wrapper">
<div class="login-card">
<div class="logo">
<div style="font-size:48px;margin-bottom:12px"><i class="fas fa-prescription-bottl
  User variables:
    target: http://localhost/hospital
    $environment: undefined
    $testId: tyrwb_hf3cergm9paphrkje9z4gkrz7e9jf_7x9j
    $dirname: tests
    $scenarioFile: C:\wamp64\www\hospital\mi-qa\tests\escenarios.yaml
    username: supervisor1
    password: supervisor123
    nombre_medicamento: metformina
    cliente_id: 2
    $uuid: cf83b19f-6125-47fd-8e45-2cb8dce5b38a
* GET /hospital/?route=login 

  ok statusCode 200 
* POST /hospital/?route=auth&action=login 

  not ok statusCode 200 
  expected: 302
       got: 200
  Request params:
    http://localhost/hospital/?route=auth&action=login
    ""
  Headers:
  date: Wed, 06 May 2026 16:13:05 GMT
  server: Apache/2.4.65 (Win64) PHP/8.3.28 mod_fcgid/2.3.10-dev
  x-powered-by: PHP/8.3.28
  expires: Thu, 19 Nov 1981 08:52:00 GMT
  cache-control: no-store, no-cache, must-revalidate
  pragma: no-cache
  content-length: 1624
  keep-alive: timeout=5, max=97
  connection: Keep-Alive
  content-type: text/html; charset=UTF-8
  Body:
<!DOCTYPE html>
<html lang="es">
<head>
<meta charset="UTF-8">
<meta name="viewport" content="width=device-width,initial-scale=1.0">
<title>Iniciar Sesión — PharmaCRM</title>
<link rel="stylesheet" href="/hospital/public/css/styles.css">
<link rel="stylesheet" href="https://cdnjs.cloudflare.com/ajax/libs/font-awesome/6.5.1/css/all.min.css">
</head>
<body>
<div class="login-wrapper">
<div class="login-card">
<div class="logo">
<div style="font-size:48px;margin-bottom:12px"><i class="fas fa-prescription-bottl
  User variables:
    target: http://localhost/hospital
    $environment: undefined
    $testId: tyrwb_hf3cergm9paphrkje9z4gkrz7e9jf_7x9j
    $dirname: tests
    $scenarioFile: C:\wamp64\www\hospital\mi-qa\tests\escenarios.yaml
    username: vendedor1
    password: vendedor123
    nombre_medicamento: salbutamol
    cliente_id: 2
    $uuid: 5187e9d6-665c-4ab9-9dc9-ca11f43484e1
* GET /hospital/?route=home 

  ok statusCode 200 
* GET /hospital/?route=home 

  ok statusCode 200 
* GET /hospital/?route=home 

  ok statusCode 200 
* GET /hospital/?route=login 

  ok statusCode 200 
* POST /hospital/?route=auth&action=login 

  not ok statusCode 200 
  expected: 302
       got: 200
  Request params:
    http://localhost/hospital/?route=auth&action=login
    ""
  Headers:
  date: Wed, 06 May 2026 16:13:05 GMT
  server: Apache/2.4.65 (Win64) PHP/8.3.28 mod_fcgid/2.3.10-dev
  x-powered-by: PHP/8.3.28
  expires: Thu, 19 Nov 1981 08:52:00 GMT
  cache-control: no-store, no-cache, must-revalidate
  pragma: no-cache
  content-length: 1624
  keep-alive: timeout=5, max=97
  connection: Keep-Alive
  content-type: text/html; charset=UTF-8
  Body:
<!DOCTYPE html>
<html lang="es">
<head>
<meta charset="UTF-8">
<meta name="viewport" content="width=device-width,initial-scale=1.0">
<title>Iniciar Sesión — PharmaCRM</title>
<link rel="stylesheet" href="/hospital/public/css/styles.css">
<link rel="stylesheet" href="https://cdnjs.cloudflare.com/ajax/libs/font-awesome/6.5.1/css/all.min.css">
</head>
<body>
<div class="login-wrapper">
<div class="login-card">
<div class="logo">
<div style="font-size:48px;margin-bottom:12px"><i class="fas fa-prescription-bottl
  User variables:
    target: http://localhost/hospital
    $environment: undefined
    $testId: tyrwb_hf3cergm9paphrkje9z4gkrz7e9jf_7x9j
    $dirname: tests
    $scenarioFile: C:\wamp64\www\hospital\mi-qa\tests\escenarios.yaml
    username: vendedor1
    password: vendedor123
    nombre_medicamento: metformina
    cliente_id: 10
    $uuid: 3ed7b6fb-afb5-41bd-9482-0734f6cb7666
* GET /hospital/?route=login 

  ok statusCode 200 
* GET /hospital/?route=home 

  ok statusCode 200 
* POST /hospital/?route=auth&action=login 

  not ok statusCode 200 
  expected: 302
       got: 200
  Request params:
    http://localhost/hospital/?route=auth&action=login
    ""
  Headers:
  date: Wed, 06 May 2026 16:13:05 GMT
  server: Apache/2.4.65 (Win64) PHP/8.3.28 mod_fcgid/2.3.10-dev
  x-powered-by: PHP/8.3.28
  expires: Thu, 19 Nov 1981 08:52:00 GMT
  cache-control: no-store, no-cache, must-revalidate
  pragma: no-cache
  content-length: 1624
  keep-alive: timeout=5, max=97
  connection: Keep-Alive
  content-type: text/html; charset=UTF-8
  Body:
<!DOCTYPE html>
<html lang="es">
<head>
<meta charset="UTF-8">
<meta name="viewport" content="width=device-width,initial-scale=1.0">
<title>Iniciar Sesión — PharmaCRM</title>
<link rel="stylesheet" href="/hospital/public/css/styles.css">
<link rel="stylesheet" href="https://cdnjs.cloudflare.com/ajax/libs/font-awesome/6.5.1/css/all.min.css">
</head>
<body>
<div class="login-wrapper">
<div class="login-card">
<div class="logo">
<div style="font-size:48px;margin-bottom:12px"><i class="fas fa-prescription-bottl
  User variables:
    target: http://localhost/hospital
    $environment: undefined
    $testId: tyrwb_hf3cergm9paphrkje9z4gkrz7e9jf_7x9j
    $dirname: tests
    $scenarioFile: C:\wamp64\www\hospital\mi-qa\tests\escenarios.yaml
    username: tester
    password: tester123
    nombre_medicamento: losartan
    cliente_id: 9
    $uuid: 3aee1682-cd07-4532-afe0-db31e21140df
* GET /hospital/?route=login 

  ok statusCode 200 
* POST /hospital/?route=auth&action=login 

  not ok statusCode 200 
  expected: 302
       got: 200
  Request params:
    http://localhost/hospital/?route=auth&action=login
    ""
  Headers:
  date: Wed, 06 May 2026 16:13:05 GMT
  server: Apache/2.4.65 (Win64) PHP/8.3.28 mod_fcgid/2.3.10-dev
  x-powered-by: PHP/8.3.28
  expires: Thu, 19 Nov 1981 08:52:00 GMT
  cache-control: no-store, no-cache, must-revalidate
  pragma: no-cache
  content-length: 1624
  keep-alive: timeout=5, max=97
  connection: Keep-Alive
  content-type: text/html; charset=UTF-8
  Body:
<!DOCTYPE html>
<html lang="es">
<head>
<meta charset="UTF-8">
<meta name="viewport" content="width=device-width,initial-scale=1.0">
<title>Iniciar Sesión — PharmaCRM</title>
<link rel="stylesheet" href="/hospital/public/css/styles.css">
<link rel="stylesheet" href="https://cdnjs.cloudflare.com/ajax/libs/font-awesome/6.5.1/css/all.min.css">
</head>
<body>
<div class="login-wrapper">
<div class="login-card">
<div class="logo">
<div style="font-size:48px;margin-bottom:12px"><i class="fas fa-prescription-bottl
  User variables:
    target: http://localhost/hospital
    $environment: undefined
    $testId: tyrwb_hf3cergm9paphrkje9z4gkrz7e9jf_7x9j
    $dirname: tests
    $scenarioFile: C:\wamp64\www\hospital\mi-qa\tests\escenarios.yaml
    username: supervisor1
    password: supervisor123
    nombre_medicamento: salbutamol
    cliente_id: cliente_id
    $uuid: 9c65c907-ba7d-4940-8e82-8f889345489c
* GET /hospital/?route=home 

  ok statusCode 200 
* GET /hospital/?route=login 

  ok statusCode 200 
* POST /hospital/?route=auth&action=login 

  not ok statusCode 200 
  expected: 302
       got: 200
  Request params:
    http://localhost/hospital/?route=auth&action=login
    ""
  Headers:
  date: Wed, 06 May 2026 16:13:05 GMT
  server: Apache/2.4.65 (Win64) PHP/8.3.28 mod_fcgid/2.3.10-dev
  x-powered-by: PHP/8.3.28
  expires: Thu, 19 Nov 1981 08:52:00 GMT
  cache-control: no-store, no-cache, must-revalidate
  pragma: no-cache
  content-length: 1624
  keep-alive: timeout=5, max=97
  connection: Keep-Alive
  content-type: text/html; charset=UTF-8
  Body:
<!DOCTYPE html>
<html lang="es">
<head>
<meta charset="UTF-8">
<meta name="viewport" content="width=device-width,initial-scale=1.0">
<title>Iniciar Sesión — PharmaCRM</title>
<link rel="stylesheet" href="/hospital/public/css/styles.css">
<link rel="stylesheet" href="https://cdnjs.cloudflare.com/ajax/libs/font-awesome/6.5.1/css/all.min.css">
</head>
<body>
<div class="login-wrapper">
<div class="login-card">
<div class="logo">
<div style="font-size:48px;margin-bottom:12px"><i class="fas fa-prescription-bottl
  User variables:
    target: http://localhost/hospital
    $environment: undefined
    $testId: tyrwb_hf3cergm9paphrkje9z4gkrz7e9jf_7x9j
    $dirname: tests
    $scenarioFile: C:\wamp64\www\hospital\mi-qa\tests\escenarios.yaml
    username: admin
    password: admin
    nombre_medicamento: acetaminofen
    cliente_id: cliente_id
    $uuid: 19897d50-c308-44bd-8ea1-80a48d49f2c5
* GET /hospital/?route=home 

  ok statusCode 200 
* GET /hospital/?route=login 

  ok statusCode 200 
* GET /hospital/?route=home 

  ok statusCode 200 
* GET /hospital/?route=login 

  ok statusCode 200 
* POST /hospital/?route=auth&action=login 

  not ok statusCode 200 
  expected: 302
       got: 200
  Request params:
    http://localhost/hospital/?route=auth&action=login
    ""
  Headers:
  date: Wed, 06 May 2026 16:13:05 GMT
  server: Apache/2.4.65 (Win64) PHP/8.3.28 mod_fcgid/2.3.10-dev
  x-powered-by: PHP/8.3.28
  expires: Thu, 19 Nov 1981 08:52:00 GMT
  cache-control: no-store, no-cache, must-revalidate
  pragma: no-cache
  content-length: 1624
  keep-alive: timeout=5, max=97
  connection: Keep-Alive
  content-type: text/html; charset=UTF-8
  Body:
<!DOCTYPE html>
<html lang="es">
<head>
<meta charset="UTF-8">
<meta name="viewport" content="width=device-width,initial-scale=1.0">
<title>Iniciar Sesión — PharmaCRM</title>
<link rel="stylesheet" href="/hospital/public/css/styles.css">
<link rel="stylesheet" href="https://cdnjs.cloudflare.com/ajax/libs/font-awesome/6.5.1/css/all.min.css">
</head>
<body>
<div class="login-wrapper">
<div class="login-card">
<div class="logo">
<div style="font-size:48px;margin-bottom:12px"><i class="fas fa-prescription-bottl
  User variables:
    target: http://localhost/hospital
    $environment: undefined
    $testId: tyrwb_hf3cergm9paphrkje9z4gkrz7e9jf_7x9j
    $dirname: tests
    $scenarioFile: C:\wamp64\www\hospital\mi-qa\tests\escenarios.yaml
    username: username
    password: password
    nombre_medicamento: losartan
    cliente_id: 2
    $uuid: 4316906f-fcb8-46fe-bbe3-646a341474b1
* GET /hospital/?route=home 

  ok statusCode 200 
* POST /hospital/?route=auth&action=login 

  not ok statusCode 200 
  expected: 302
       got: 200
  Request params:
    http://localhost/hospital/?route=auth&action=login
    ""
  Headers:
  date: Wed, 06 May 2026 16:13:05 GMT
  server: Apache/2.4.65 (Win64) PHP/8.3.28 mod_fcgid/2.3.10-dev
  x-powered-by: PHP/8.3.28
  expires: Thu, 19 Nov 1981 08:52:00 GMT
  cache-control: no-store, no-cache, must-revalidate
  pragma: no-cache
  content-length: 1624
  keep-alive: timeout=5, max=97
  connection: Keep-Alive
  content-type: text/html; charset=UTF-8
  Body:
<!DOCTYPE html>
<html lang="es">
<head>
<meta charset="UTF-8">
<meta name="viewport" content="width=device-width,initial-scale=1.0">
<title>Iniciar Sesión — PharmaCRM</title>
<link rel="stylesheet" href="/hospital/public/css/styles.css">
<link rel="stylesheet" href="https://cdnjs.cloudflare.com/ajax/libs/font-awesome/6.5.1/css/all.min.css">
</head>
<body>
<div class="login-wrapper">
<div class="login-card">
<div class="logo">
<div style="font-size:48px;margin-bottom:12px"><i class="fas fa-prescription-bottl
  User variables:
    target: http://localhost/hospital
    $environment: undefined
    $testId: tyrwb_hf3cergm9paphrkje9z4gkrz7e9jf_7x9j
    $dirname: tests
    $scenarioFile: C:\wamp64\www\hospital\mi-qa\tests\escenarios.yaml
    username: supervisor1
    password: supervisor123
    nombre_medicamento: ibuprofeno
    cliente_id: 1
    $uuid: e92b698d-b0d6-4e06-afc4-17ed14e668e6
* GET /hospital/?route=home 

  ok statusCode 200 
* GET /hospital/?route=login 

  ok statusCode 200 
* POST /hospital/?route=auth&action=login 

  not ok statusCode 200 
  expected: 302
       got: 200
  Request params:
    http://localhost/hospital/?route=auth&action=login
    ""
  Headers:
  date: Wed, 06 May 2026 16:13:05 GMT
  server: Apache/2.4.65 (Win64) PHP/8.3.28 mod_fcgid/2.3.10-dev
  x-powered-by: PHP/8.3.28
  expires: Thu, 19 Nov 1981 08:52:00 GMT
  cache-control: no-store, no-cache, must-revalidate
  pragma: no-cache
  content-length: 1624
  keep-alive: timeout=5, max=97
  connection: Keep-Alive
  content-type: text/html; charset=UTF-8
  Body:
<!DOCTYPE html>
<html lang="es">
<head>
<meta charset="UTF-8">
<meta name="viewport" content="width=device-width,initial-scale=1.0">
<title>Iniciar Sesión — PharmaCRM</title>
<link rel="stylesheet" href="/hospital/public/css/styles.css">
<link rel="stylesheet" href="https://cdnjs.cloudflare.com/ajax/libs/font-awesome/6.5.1/css/all.min.css">
</head>
<body>
<div class="login-wrapper">
<div class="login-card">
<div class="logo">
<div style="font-size:48px;margin-bottom:12px"><i class="fas fa-prescription-bottl
  User variables:
    target: http://localhost/hospital
    $environment: undefined
    $testId: tyrwb_hf3cergm9paphrkje9z4gkrz7e9jf_7x9j
    $dirname: tests
    $scenarioFile: C:\wamp64\www\hospital\mi-qa\tests\escenarios.yaml
    username: admin
    password: admin
    nombre_medicamento: enalapril
    cliente_id: 1
    $uuid: 44cb6205-b332-4931-a7d1-c95cf342d2f9
* GET /hospital/?route=login 

  ok statusCode 200 
* GET /hospital/?route=home 

  ok statusCode 200 
* GET /hospital/?route=login 

  ok statusCode 200 
* POST /hospital/?route=auth&action=login 

  not ok statusCode 200 
  expected: 302
       got: 200
  Request params:
    http://localhost/hospital/?route=auth&action=login
    ""
  Headers:
  date: Wed, 06 May 2026 16:13:05 GMT
  server: Apache/2.4.65 (Win64) PHP/8.3.28 mod_fcgid/2.3.10-dev
  x-powered-by: PHP/8.3.28
  expires: Thu, 19 Nov 1981 08:52:00 GMT
  cache-control: no-store, no-cache, must-revalidate
  pragma: no-cache
  content-length: 1624
  keep-alive: timeout=5, max=97
  connection: Keep-Alive
  content-type: text/html; charset=UTF-8
  Body:
<!DOCTYPE html>
<html lang="es">
<head>
<meta charset="UTF-8">
<meta name="viewport" content="width=device-width,initial-scale=1.0">
<title>Iniciar Sesión — PharmaCRM</title>
<link rel="stylesheet" href="/hospital/public/css/styles.css">
<link rel="stylesheet" href="https://cdnjs.cloudflare.com/ajax/libs/font-awesome/6.5.1/css/all.min.css">
</head>
<body>
<div class="login-wrapper">
<div class="login-card">
<div class="logo">
<div style="font-size:48px;margin-bottom:12px"><i class="fas fa-prescription-bottl
  User variables:
    target: http://localhost/hospital
    $environment: undefined
    $testId: tyrwb_hf3cergm9paphrkje9z4gkrz7e9jf_7x9j
    $dirname: tests
    $scenarioFile: C:\wamp64\www\hospital\mi-qa\tests\escenarios.yaml
    username: username
    password: password
    nombre_medicamento: salbutamol
    cliente_id: 6
    $uuid: a36f4cbe-6e70-46bb-a5fc-b7c33818d3c5
* POST /hospital/?route=auth&action=login 

  not ok statusCode 200 
  expected: 302
       got: 200
  Request params:
    http://localhost/hospital/?route=auth&action=login
    ""
  Headers:
  date: Wed, 06 May 2026 16:13:05 GMT
  server: Apache/2.4.65 (Win64) PHP/8.3.28 mod_fcgid/2.3.10-dev
  x-powered-by: PHP/8.3.28
  expires: Thu, 19 Nov 1981 08:52:00 GMT
  cache-control: no-store, no-cache, must-revalidate
  pragma: no-cache
  content-length: 1624
  keep-alive: timeout=5, max=97
  connection: Keep-Alive
  content-type: text/html; charset=UTF-8
  Body:
<!DOCTYPE html>
<html lang="es">
<head>
<meta charset="UTF-8">
<meta name="viewport" content="width=device-width,initial-scale=1.0">
<title>Iniciar Sesión — PharmaCRM</title>
<link rel="stylesheet" href="/hospital/public/css/styles.css">
<link rel="stylesheet" href="https://cdnjs.cloudflare.com/ajax/libs/font-awesome/6.5.1/css/all.min.css">
</head>
<body>
<div class="login-wrapper">
<div class="login-card">
<div class="logo">
<div style="font-size:48px;margin-bottom:12px"><i class="fas fa-prescription-bottl
  User variables:
    target: http://localhost/hospital
    $environment: undefined
    $testId: tyrwb_hf3cergm9paphrkje9z4gkrz7e9jf_7x9j
    $dirname: tests
    $scenarioFile: C:\wamp64\www\hospital\mi-qa\tests\escenarios.yaml
    username: tester
    password: tester123
    nombre_medicamento: dexametasona
    cliente_id: 2
    $uuid: c53cc01d-08b1-412d-b495-b99902992161
* GET /hospital/?route=login 

  ok statusCode 200 
* GET /hospital/?route=home 

  ok statusCode 200 
* GET /hospital/?route=login 

  ok statusCode 200 
* POST /hospital/?route=auth&action=login 

  not ok statusCode 200 
  expected: 302
       got: 200
  Request params:
    http://localhost/hospital/?route=auth&action=login
    ""
  Headers:
  date: Wed, 06 May 2026 16:13:05 GMT
  server: Apache/2.4.65 (Win64) PHP/8.3.28 mod_fcgid/2.3.10-dev
  x-powered-by: PHP/8.3.28
  expires: Thu, 19 Nov 1981 08:52:00 GMT
  cache-control: no-store, no-cache, must-revalidate
  pragma: no-cache
  content-length: 1624
  keep-alive: timeout=5, max=97
  connection: Keep-Alive
  content-type: text/html; charset=UTF-8
  Body:
<!DOCTYPE html>
<html lang="es">
<head>
<meta charset="UTF-8">
<meta name="viewport" content="width=device-width,initial-scale=1.0">
<title>Iniciar Sesión — PharmaCRM</title>
<link rel="stylesheet" href="/hospital/public/css/styles.css">
<link rel="stylesheet" href="https://cdnjs.cloudflare.com/ajax/libs/font-awesome/6.5.1/css/all.min.css">
</head>
<body>
<div class="login-wrapper">
<div class="login-card">
<div class="logo">
<div style="font-size:48px;margin-bottom:12px"><i class="fas fa-prescription-bottl
  User variables:
    target: http://localhost/hospital
    $environment: undefined
    $testId: tyrwb_hf3cergm9paphrkje9z4gkrz7e9jf_7x9j
    $dirname: tests
    $scenarioFile: C:\wamp64\www\hospital\mi-qa\tests\escenarios.yaml
    username: supervisor1
    password: supervisor123
    nombre_medicamento: loratadina
    cliente_id: 9
    $uuid: 9dc849b0-9fc9-466c-b6b7-61c25f0b2024
* GET /hospital/?route=home 

  ok statusCode 200 
* POST /hospital/?route=auth&action=login 

  not ok statusCode 200 
  expected: 302
       got: 200
  Request params:
    http://localhost/hospital/?route=auth&action=login
    ""
  Headers:
  date: Wed, 06 May 2026 16:13:06 GMT
  server: Apache/2.4.65 (Win64) PHP/8.3.28 mod_fcgid/2.3.10-dev
  x-powered-by: PHP/8.3.28
  expires: Thu, 19 Nov 1981 08:52:00 GMT
  cache-control: no-store, no-cache, must-revalidate
  pragma: no-cache
  content-length: 1624
  keep-alive: timeout=5, max=97
  connection: Keep-Alive
  content-type: text/html; charset=UTF-8
  Body:
<!DOCTYPE html>
<html lang="es">
<head>
<meta charset="UTF-8">
<meta name="viewport" content="width=device-width,initial-scale=1.0">
<title>Iniciar Sesión — PharmaCRM</title>
<link rel="stylesheet" href="/hospital/public/css/styles.css">
<link rel="stylesheet" href="https://cdnjs.cloudflare.com/ajax/libs/font-awesome/6.5.1/css/all.min.css">
</head>
<body>
<div class="login-wrapper">
<div class="login-card">
<div class="logo">
<div style="font-size:48px;margin-bottom:12px"><i class="fas fa-prescription-bottl
  User variables:
    target: http://localhost/hospital
    $environment: undefined
    $testId: tyrwb_hf3cergm9paphrkje9z4gkrz7e9jf_7x9j
    $dirname: tests
    $scenarioFile: C:\wamp64\www\hospital\mi-qa\tests\escenarios.yaml
    username: admin
    password: admin
    nombre_medicamento: amoxicilina
    cliente_id: 1
    $uuid: 2b436064-bd42-480c-bd9e-0e2ef435e6fc
* GET /hospital/?route=login 

  ok statusCode 200 
* GET /hospital/?route=home 

  ok statusCode 200 
* POST /hospital/?route=auth&action=login 

  not ok statusCode 200 
  expected: 302
       got: 200
  Request params:
    http://localhost/hospital/?route=auth&action=login
    ""
  Headers:
  date: Wed, 06 May 2026 16:13:06 GMT
  server: Apache/2.4.65 (Win64) PHP/8.3.28 mod_fcgid/2.3.10-dev
  x-powered-by: PHP/8.3.28
  expires: Thu, 19 Nov 1981 08:52:00 GMT
  cache-control: no-store, no-cache, must-revalidate
  pragma: no-cache
  content-length: 1624
  keep-alive: timeout=5, max=97
  connection: Keep-Alive
  content-type: text/html; charset=UTF-8
  Body:
<!DOCTYPE html>
<html lang="es">
<head>
<meta charset="UTF-8">
<meta name="viewport" content="width=device-width,initial-scale=1.0">
<title>Iniciar Sesión — PharmaCRM</title>
<link rel="stylesheet" href="/hospital/public/css/styles.css">
<link rel="stylesheet" href="https://cdnjs.cloudflare.com/ajax/libs/font-awesome/6.5.1/css/all.min.css">
</head>
<body>
<div class="login-wrapper">
<div class="login-card">
<div class="logo">
<div style="font-size:48px;margin-bottom:12px"><i class="fas fa-prescription-bottl
  User variables:
    target: http://localhost/hospital
    $environment: undefined
    $testId: tyrwb_hf3cergm9paphrkje9z4gkrz7e9jf_7x9j
    $dirname: tests
    $scenarioFile: C:\wamp64\www\hospital\mi-qa\tests\escenarios.yaml
    username: username
    password: password
    nombre_medicamento: omeprazol
    cliente_id: 1
    $uuid: 405cef84-00f3-4623-a83c-37ad27b57b95
* GET /hospital/?route=login 

  ok statusCode 200 
* GET /hospital/?route=home 

  ok statusCode 200 
* POST /hospital/?route=auth&action=login 

  not ok statusCode 200 
  expected: 302
       got: 200
  Request params:
    http://localhost/hospital/?route=auth&action=login
    ""
  Headers:
  date: Wed, 06 May 2026 16:13:06 GMT
  server: Apache/2.4.65 (Win64) PHP/8.3.28 mod_fcgid/2.3.10-dev
  x-powered-by: PHP/8.3.28
  expires: Thu, 19 Nov 1981 08:52:00 GMT
  cache-control: no-store, no-cache, must-revalidate
  pragma: no-cache
  content-length: 1624
  keep-alive: timeout=5, max=97
  connection: Keep-Alive
  content-type: text/html; charset=UTF-8
  Body:
<!DOCTYPE html>
<html lang="es">
<head>
<meta charset="UTF-8">
<meta name="viewport" content="width=device-width,initial-scale=1.0">
<title>Iniciar Sesión — PharmaCRM</title>
<link rel="stylesheet" href="/hospital/public/css/styles.css">
<link rel="stylesheet" href="https://cdnjs.cloudflare.com/ajax/libs/font-awesome/6.5.1/css/all.min.css">
</head>
<body>
<div class="login-wrapper">
<div class="login-card">
<div class="logo">
<div style="font-size:48px;margin-bottom:12px"><i class="fas fa-prescription-bottl
  User variables:
    target: http://localhost/hospital
    $environment: undefined
    $testId: tyrwb_hf3cergm9paphrkje9z4gkrz7e9jf_7x9j
    $dirname: tests
    $scenarioFile: C:\wamp64\www\hospital\mi-qa\tests\escenarios.yaml
    username: admin
    password: admin
    nombre_medicamento: omeprazol
    cliente_id: 8
    $uuid: 4af37824-92d6-428c-a775-3a08d2865371
* GET /hospital/?route=home 

  ok statusCode 200 
* GET /hospital/?route=login 

  ok statusCode 200 
* GET /hospital/?route=login 

  ok statusCode 200 
* GET /hospital/?route=home 

  ok statusCode 200 
* POST /hospital/?route=auth&action=login 

  not ok statusCode 200 
  expected: 302
       got: 200
  Request params:
    http://localhost/hospital/?route=auth&action=login
    ""
  Headers:
  date: Wed, 06 May 2026 16:13:06 GMT
  server: Apache/2.4.65 (Win64) PHP/8.3.28 mod_fcgid/2.3.10-dev
  x-powered-by: PHP/8.3.28
  expires: Thu, 19 Nov 1981 08:52:00 GMT
  cache-control: no-store, no-cache, must-revalidate
  pragma: no-cache
  content-length: 1624
  keep-alive: timeout=5, max=97
  connection: Keep-Alive
  content-type: text/html; charset=UTF-8
  Body:
<!DOCTYPE html>
<html lang="es">
<head>
<meta charset="UTF-8">
<meta name="viewport" content="width=device-width,initial-scale=1.0">
<title>Iniciar Sesión — PharmaCRM</title>
<link rel="stylesheet" href="/hospital/public/css/styles.css">
<link rel="stylesheet" href="https://cdnjs.cloudflare.com/ajax/libs/font-awesome/6.5.1/css/all.min.css">
</head>
<body>
<div class="login-wrapper">
<div class="login-card">
<div class="logo">
<div style="font-size:48px;margin-bottom:12px"><i class="fas fa-prescription-bottl
  User variables:
    target: http://localhost/hospital
    $environment: undefined
    $testId: tyrwb_hf3cergm9paphrkje9z4gkrz7e9jf_7x9j
    $dirname: tests
    $scenarioFile: C:\wamp64\www\hospital\mi-qa\tests\escenarios.yaml
    username: tester
    password: tester123
    nombre_medicamento: ibuprofeno
    cliente_id: 7
    $uuid: c44c3d9e-e0a1-4389-89aa-0a5a3dddec71
* GET /hospital/?route=login 

  ok statusCode 200 
* POST /hospital/?route=auth&action=login 

  not ok statusCode 200 
  expected: 302
       got: 200
  Request params:
    http://localhost/hospital/?route=auth&action=login
    ""
  Headers:
  date: Wed, 06 May 2026 16:13:06 GMT
  server: Apache/2.4.65 (Win64) PHP/8.3.28 mod_fcgid/2.3.10-dev
  x-powered-by: PHP/8.3.28
  expires: Thu, 19 Nov 1981 08:52:00 GMT
  cache-control: no-store, no-cache, must-revalidate
  pragma: no-cache
  content-length: 1624
  keep-alive: timeout=5, max=97
  connection: Keep-Alive
  content-type: text/html; charset=UTF-8
  Body:
<!DOCTYPE html>
<html lang="es">
<head>
<meta charset="UTF-8">
<meta name="viewport" content="width=device-width,initial-scale=1.0">
<title>Iniciar Sesión — PharmaCRM</title>
<link rel="stylesheet" href="/hospital/public/css/styles.css">
<link rel="stylesheet" href="https://cdnjs.cloudflare.com/ajax/libs/font-awesome/6.5.1/css/all.min.css">
</head>
<body>
<div class="login-wrapper">
<div class="login-card">
<div class="logo">
<div style="font-size:48px;margin-bottom:12px"><i class="fas fa-prescription-bottl
  User variables:
    target: http://localhost/hospital
    $environment: undefined
    $testId: tyrwb_hf3cergm9paphrkje9z4gkrz7e9jf_7x9j
    $dirname: tests
    $scenarioFile: C:\wamp64\www\hospital\mi-qa\tests\escenarios.yaml
    username: admin
    password: admin
    nombre_medicamento: amoxicilina
    cliente_id: 2
    $uuid: 1c8fdb46-6520-40c7-be11-91ab3bcbfd64
* GET /hospital/?route=home 

  ok statusCode 200 
* POST /hospital/?route=auth&action=login 

  not ok statusCode 200 
  expected: 302
       got: 200
  Request params:
    http://localhost/hospital/?route=auth&action=login
    ""
  Headers:
  date: Wed, 06 May 2026 16:13:06 GMT
  server: Apache/2.4.65 (Win64) PHP/8.3.28 mod_fcgid/2.3.10-dev
  x-powered-by: PHP/8.3.28
  expires: Thu, 19 Nov 1981 08:52:00 GMT
  cache-control: no-store, no-cache, must-revalidate
  pragma: no-cache
  content-length: 1624
  keep-alive: timeout=5, max=97
  connection: Keep-Alive
  content-type: text/html; charset=UTF-8
  Body:
<!DOCTYPE html>
<html lang="es">
<head>
<meta charset="UTF-8">
<meta name="viewport" content="width=device-width,initial-scale=1.0">
<title>Iniciar Sesión — PharmaCRM</title>
<link rel="stylesheet" href="/hospital/public/css/styles.css">
<link rel="stylesheet" href="https://cdnjs.cloudflare.com/ajax/libs/font-awesome/6.5.1/css/all.min.css">
</head>
<body>
<div class="login-wrapper">
<div class="login-card">
<div class="logo">
<div style="font-size:48px;margin-bottom:12px"><i class="fas fa-prescription-bottl
  User variables:
    target: http://localhost/hospital
    $environment: undefined
    $testId: tyrwb_hf3cergm9paphrkje9z4gkrz7e9jf_7x9j
    $dirname: tests
    $scenarioFile: C:\wamp64\www\hospital\mi-qa\tests\escenarios.yaml
    username: admin
    password: admin
    nombre_medicamento: nombre_medicamento
    cliente_id: 6
    $uuid: 9f6bb5b4-82ee-4854-b5a2-380c490673c4
* GET /hospital/?route=home 

  ok statusCode 200 
* GET /hospital/?route=login 

  ok statusCode 200 
* POST /hospital/?route=auth&action=login 

  not ok statusCode 200 
  expected: 302
       got: 200
  Request params:
    http://localhost/hospital/?route=auth&action=login
    ""
  Headers:
  date: Wed, 06 May 2026 16:13:06 GMT
  server: Apache/2.4.65 (Win64) PHP/8.3.28 mod_fcgid/2.3.10-dev
  x-powered-by: PHP/8.3.28
  expires: Thu, 19 Nov 1981 08:52:00 GMT
  cache-control: no-store, no-cache, must-revalidate
  pragma: no-cache
  content-length: 1624
  keep-alive: timeout=5, max=97
  connection: Keep-Alive
  content-type: text/html; charset=UTF-8
  Body:
<!DOCTYPE html>
<html lang="es">
<head>
<meta charset="UTF-8">
<meta name="viewport" content="width=device-width,initial-scale=1.0">
<title>Iniciar Sesión — PharmaCRM</title>
<link rel="stylesheet" href="/hospital/public/css/styles.css">
<link rel="stylesheet" href="https://cdnjs.cloudflare.com/ajax/libs/font-awesome/6.5.1/css/all.min.css">
</head>
<body>
<div class="login-wrapper">
<div class="login-card">
<div class="logo">
<div style="font-size:48px;margin-bottom:12px"><i class="fas fa-prescription-bottl
  User variables:
    target: http://localhost/hospital
    $environment: undefined
    $testId: tyrwb_hf3cergm9paphrkje9z4gkrz7e9jf_7x9j
    $dirname: tests
    $scenarioFile: C:\wamp64\www\hospital\mi-qa\tests\escenarios.yaml
    username: username
    password: password
    nombre_medicamento: omeprazol
    cliente_id: 5
    $uuid: 74d2d0d3-3791-4d11-96ff-16d2483d136c
* GET /hospital/?route=home 

  ok statusCode 200 
* GET /hospital/?route=home 

  ok statusCode 200 
* GET /hospital/?route=login 

  ok statusCode 200 
* GET /hospital/?route=login 

  ok statusCode 200 
* POST /hospital/?route=auth&action=login 

  not ok statusCode 200 
  expected: 302
       got: 200
  Request params:
    http://localhost/hospital/?route=auth&action=login
    ""
  Headers:
  date: Wed, 06 May 2026 16:13:06 GMT
  server: Apache/2.4.65 (Win64) PHP/8.3.28 mod_fcgid/2.3.10-dev
  x-powered-by: PHP/8.3.28
  expires: Thu, 19 Nov 1981 08:52:00 GMT
  cache-control: no-store, no-cache, must-revalidate
  pragma: no-cache
  content-length: 1624
  keep-alive: timeout=5, max=97
  connection: Keep-Alive
  content-type: text/html; charset=UTF-8
  Body:
<!DOCTYPE html>
<html lang="es">
<head>
<meta charset="UTF-8">
<meta name="viewport" content="width=device-width,initial-scale=1.0">
<title>Iniciar Sesión — PharmaCRM</title>
<link rel="stylesheet" href="/hospital/public/css/styles.css">
<link rel="stylesheet" href="https://cdnjs.cloudflare.com/ajax/libs/font-awesome/6.5.1/css/all.min.css">
</head>
<body>
<div class="login-wrapper">
<div class="login-card">
<div class="logo">
<div style="font-size:48px;margin-bottom:12px"><i class="fas fa-prescription-bottl
  User variables:
    target: http://localhost/hospital
    $environment: undefined
    $testId: tyrwb_hf3cergm9paphrkje9z4gkrz7e9jf_7x9j
    $dirname: tests
    $scenarioFile: C:\wamp64\www\hospital\mi-qa\tests\escenarios.yaml
    username: tester
    password: tester123
    nombre_medicamento: ibuprofeno
    cliente_id: 9
    $uuid: 32133938-5c5c-4426-a00e-2eb1c5014f92
* GET /hospital/?route=login 

  ok statusCode 200 
* POST /hospital/?route=auth&action=login 

  not ok statusCode 200 
  expected: 302
       got: 200
  Request params:
    http://localhost/hospital/?route=auth&action=login
    ""
  Headers:
  date: Wed, 06 May 2026 16:13:06 GMT
  server: Apache/2.4.65 (Win64) PHP/8.3.28 mod_fcgid/2.3.10-dev
  x-powered-by: PHP/8.3.28
  expires: Thu, 19 Nov 1981 08:52:00 GMT
  cache-control: no-store, no-cache, must-revalidate
  pragma: no-cache
  content-length: 1624
  keep-alive: timeout=5, max=97
  connection: Keep-Alive
  content-type: text/html; charset=UTF-8
  Body:
<!DOCTYPE html>
<html lang="es">
<head>
<meta charset="UTF-8">
<meta name="viewport" content="width=device-width,initial-scale=1.0">
<title>Iniciar Sesión — PharmaCRM</title>
<link rel="stylesheet" href="/hospital/public/css/styles.css">
<link rel="stylesheet" href="https://cdnjs.cloudflare.com/ajax/libs/font-awesome/6.5.1/css/all.min.css">
</head>
<body>
<div class="login-wrapper">
<div class="login-card">
<div class="logo">
<div style="font-size:48px;margin-bottom:12px"><i class="fas fa-prescription-bottl
  User variables:
    target: http://localhost/hospital
    $environment: undefined
    $testId: tyrwb_hf3cergm9paphrkje9z4gkrz7e9jf_7x9j
    $dirname: tests
    $scenarioFile: C:\wamp64\www\hospital\mi-qa\tests\escenarios.yaml
    username: admin
    password: admin
    nombre_medicamento: ibuprofeno
    cliente_id: 5
    $uuid: 42051512-761f-4a73-8d4c-aa509c527693
* GET /hospital/?route=home 

  ok statusCode 200 
* GET /hospital/?route=login 

  ok statusCode 200 
* POST /hospital/?route=auth&action=login 

  not ok statusCode 200 
  expected: 302
       got: 200
  Request params:
    http://localhost/hospital/?route=auth&action=login
    ""
  Headers:
  date: Wed, 06 May 2026 16:13:06 GMT
  server: Apache/2.4.65 (Win64) PHP/8.3.28 mod_fcgid/2.3.10-dev
  x-powered-by: PHP/8.3.28
  expires: Thu, 19 Nov 1981 08:52:00 GMT
  cache-control: no-store, no-cache, must-revalidate
  pragma: no-cache
  content-length: 1624
  keep-alive: timeout=5, max=97
  connection: Keep-Alive
  content-type: text/html; charset=UTF-8
  Body:
<!DOCTYPE html>
<html lang="es">
<head>
<meta charset="UTF-8">
<meta name="viewport" content="width=device-width,initial-scale=1.0">
<title>Iniciar Sesión — PharmaCRM</title>
<link rel="stylesheet" href="/hospital/public/css/styles.css">
<link rel="stylesheet" href="https://cdnjs.cloudflare.com/ajax/libs/font-awesome/6.5.1/css/all.min.css">
</head>
<body>
<div class="login-wrapper">
<div class="login-card">
<div class="logo">
<div style="font-size:48px;margin-bottom:12px"><i class="fas fa-prescription-bottl
  User variables:
    target: http://localhost/hospital
    $environment: undefined
    $testId: tyrwb_hf3cergm9paphrkje9z4gkrz7e9jf_7x9j
    $dirname: tests
    $scenarioFile: C:\wamp64\www\hospital\mi-qa\tests\escenarios.yaml
    username: admin
    password: admin
    nombre_medicamento: enalapril
    cliente_id: 3
    $uuid: 64e07194-b67a-425a-84f0-f33f51385515
* GET /hospital/?route=home 

  ok statusCode 200 
* GET /hospital/?route=home 

  ok statusCode 200 
* GET /hospital/?route=login 

  ok statusCode 200 
* POST /hospital/?route=auth&action=login 

* POST /hospital/?route=auth&action=login 

  not ok statusCode 200 
  expected: 302
       got: 200
  Request params:
    http://localhost/hospital/?route=auth&action=login
    ""
  Headers:
  date: Wed, 06 May 2026 16:13:06 GMT
  server: Apache/2.4.65 (Win64) PHP/8.3.28 mod_fcgid/2.3.10-dev
  x-powered-by: PHP/8.3.28
  expires: Thu, 19 Nov 1981 08:52:00 GMT
  cache-control: no-store, no-cache, must-revalidate
  pragma: no-cache
  content-length: 1624
  keep-alive: timeout=5, max=97
  connection: Keep-Alive
  content-type: text/html; charset=UTF-8
  Body:
<!DOCTYPE html>
<html lang="es">
<head>
<meta charset="UTF-8">
<meta name="viewport" content="width=device-width,initial-scale=1.0">
<title>Iniciar Sesión — PharmaCRM</title>
<link rel="stylesheet" href="/hospital/public/css/styles.css">
<link rel="stylesheet" href="https://cdnjs.cloudflare.com/ajax/libs/font-awesome/6.5.1/css/all.min.css">
</head>
<body>
<div class="login-wrapper">
<div class="login-card">
<div class="logo">
<div style="font-size:48px;margin-bottom:12px"><i class="fas fa-prescription-bottl
  User variables:
    target: http://localhost/hospital
    $environment: undefined
    $testId: tyrwb_hf3cergm9paphrkje9z4gkrz7e9jf_7x9j
    $dirname: tests
    $scenarioFile: C:\wamp64\www\hospital\mi-qa\tests\escenarios.yaml
    username: supervisor1
    password: supervisor123
    nombre_medicamento: amoxicilina
    cliente_id: 4
    $uuid: a9eceae6-019f-45f3-a8d7-69e1f664da59
  not ok statusCode 200 
  expected: 302
       got: 200
  Request params:
    http://localhost/hospital/?route=auth&action=login
    ""
  Headers:
  date: Wed, 06 May 2026 16:13:06 GMT
  server: Apache/2.4.65 (Win64) PHP/8.3.28 mod_fcgid/2.3.10-dev
  x-powered-by: PHP/8.3.28
  expires: Thu, 19 Nov 1981 08:52:00 GMT
  cache-control: no-store, no-cache, must-revalidate
  pragma: no-cache
  content-length: 1624
  keep-alive: timeout=5, max=97
  connection: Keep-Alive
  content-type: text/html; charset=UTF-8
  Body:
<!DOCTYPE html>
<html lang="es">
<head>
<meta charset="UTF-8">
<meta name="viewport" content="width=device-width,initial-scale=1.0">
<title>Iniciar Sesión — PharmaCRM</title>
<link rel="stylesheet" href="/hospital/public/css/styles.css">
<link rel="stylesheet" href="https://cdnjs.cloudflare.com/ajax/libs/font-awesome/6.5.1/css/all.min.css">
</head>
<body>
<div class="login-wrapper">
<div class="login-card">
<div class="logo">
<div style="font-size:48px;margin-bottom:12px"><i class="fas fa-prescription-bottl
  User variables:
    target: http://localhost/hospital
    $environment: undefined
    $testId: tyrwb_hf3cergm9paphrkje9z4gkrz7e9jf_7x9j
    $dirname: tests
    $scenarioFile: C:\wamp64\www\hospital\mi-qa\tests\escenarios.yaml
    username: admin
    password: admin
    nombre_medicamento: enalapril
    cliente_id: 9
    $uuid: 30d93bef-848f-472a-a3e0-e5e1767af33b
* GET /hospital/?route=home 

  ok statusCode 200 
* GET /hospital/?route=home 

  ok statusCode 200 
* POST /hospital/?route=auth&action=login 

  not ok statusCode 200 
  expected: 302
       got: 200
  Request params:
    http://localhost/hospital/?route=auth&action=login
    ""
  Headers:
  date: Wed, 06 May 2026 16:13:06 GMT
  server: Apache/2.4.65 (Win64) PHP/8.3.28 mod_fcgid/2.3.10-dev
  x-powered-by: PHP/8.3.28
  expires: Thu, 19 Nov 1981 08:52:00 GMT
  cache-control: no-store, no-cache, must-revalidate
  pragma: no-cache
  content-length: 1624
  keep-alive: timeout=5, max=97
  connection: Keep-Alive
  content-type: text/html; charset=UTF-8
  Body:
<!DOCTYPE html>
<html lang="es">
<head>
<meta charset="UTF-8">
<meta name="viewport" content="width=device-width,initial-scale=1.0">
<title>Iniciar Sesión — PharmaCRM</title>
<link rel="stylesheet" href="/hospital/public/css/styles.css">
<link rel="stylesheet" href="https://cdnjs.cloudflare.com/ajax/libs/font-awesome/6.5.1/css/all.min.css">
</head>
<body>
<div class="login-wrapper">
<div class="login-card">
<div class="logo">
<div style="font-size:48px;margin-bottom:12px"><i class="fas fa-prescription-bottl
  User variables:
    target: http://localhost/hospital
    $environment: undefined
    $testId: tyrwb_hf3cergm9paphrkje9z4gkrz7e9jf_7x9j
    $dirname: tests
    $scenarioFile: C:\wamp64\www\hospital\mi-qa\tests\escenarios.yaml
    username: supervisor1
    password: supervisor123
    nombre_medicamento: salbutamol
    cliente_id: 8
    $uuid: 63ef4b01-6c8b-43b8-8c5e-2fae86ce8f32
* GET /hospital/?route=login 

  ok statusCode 200 
* GET /hospital/?route=home 

  ok statusCode 200 
* GET /hospital/?route=login 

  ok statusCode 200 
* POST /hospital/?route=auth&action=login 

  not ok statusCode 200 
  expected: 302
       got: 200
  Request params:
    http://localhost/hospital/?route=auth&action=login
    ""
  Headers:
  date: Wed, 06 May 2026 16:13:07 GMT
  server: Apache/2.4.65 (Win64) PHP/8.3.28 mod_fcgid/2.3.10-dev
  x-powered-by: PHP/8.3.28
  expires: Thu, 19 Nov 1981 08:52:00 GMT
  cache-control: no-store, no-cache, must-revalidate
  pragma: no-cache
  content-length: 1624
  keep-alive: timeout=5, max=97
  connection: Keep-Alive
  content-type: text/html; charset=UTF-8
  Body:
<!DOCTYPE html>
<html lang="es">
<head>
<meta charset="UTF-8">
<meta name="viewport" content="width=device-width,initial-scale=1.0">
<title>Iniciar Sesión — PharmaCRM</title>
<link rel="stylesheet" href="/hospital/public/css/styles.css">
<link rel="stylesheet" href="https://cdnjs.cloudflare.com/ajax/libs/font-awesome/6.5.1/css/all.min.css">
</head>
<body>
<div class="login-wrapper">
<div class="login-card">
<div class="logo">
<div style="font-size:48px;margin-bottom:12px"><i class="fas fa-prescription-bottl
  User variables:
    target: http://localhost/hospital
    $environment: undefined
    $testId: tyrwb_hf3cergm9paphrkje9z4gkrz7e9jf_7x9j
    $dirname: tests
    $scenarioFile: C:\wamp64\www\hospital\mi-qa\tests\escenarios.yaml
    username: admin
    password: admin
    nombre_medicamento: salbutamol
    cliente_id: 3
    $uuid: 648dfdb6-bb61-4055-8d1d-1c74e066af04
* GET /hospital/?route=home 

  ok statusCode 200 
* GET /hospital/?route=login 

  ok statusCode 200 
* POST /hospital/?route=auth&action=login 

  not ok statusCode 200 
  expected: 302
       got: 200
  Request params:
    http://localhost/hospital/?route=auth&action=login
    ""
  Headers:
  date: Wed, 06 May 2026 16:13:07 GMT
  server: Apache/2.4.65 (Win64) PHP/8.3.28 mod_fcgid/2.3.10-dev
  x-powered-by: PHP/8.3.28
  expires: Thu, 19 Nov 1981 08:52:00 GMT
  cache-control: no-store, no-cache, must-revalidate
  pragma: no-cache
  content-length: 1624
  keep-alive: timeout=5, max=97
  connection: Keep-Alive
  content-type: text/html; charset=UTF-8
  Body:
<!DOCTYPE html>
<html lang="es">
<head>
<meta charset="UTF-8">
<meta name="viewport" content="width=device-width,initial-scale=1.0">
<title>Iniciar Sesión — PharmaCRM</title>
<link rel="stylesheet" href="/hospital/public/css/styles.css">
<link rel="stylesheet" href="https://cdnjs.cloudflare.com/ajax/libs/font-awesome/6.5.1/css/all.min.css">
</head>
<body>
<div class="login-wrapper">
<div class="login-card">
<div class="logo">
<div style="font-size:48px;margin-bottom:12px"><i class="fas fa-prescription-bottl
  User variables:
    target: http://localhost/hospital
    $environment: undefined
    $testId: tyrwb_hf3cergm9paphrkje9z4gkrz7e9jf_7x9j
    $dirname: tests
    $scenarioFile: C:\wamp64\www\hospital\mi-qa\tests\escenarios.yaml
    username: vendedor1
    password: vendedor123
    nombre_medicamento: dexametasona
    cliente_id: 1
    $uuid: ecd50f16-ff14-47d5-814c-ce267af87b8c
* GET /hospital/?route=home 

  ok statusCode 200 
* GET /hospital/?route=login 

  ok statusCode 200 
* POST /hospital/?route=auth&action=login 

  not ok statusCode 200 
  expected: 302
       got: 200
  Request params:
    http://localhost/hospital/?route=auth&action=login
    ""
  Headers:
  date: Wed, 06 May 2026 16:13:07 GMT
  server: Apache/2.4.65 (Win64) PHP/8.3.28 mod_fcgid/2.3.10-dev
  x-powered-by: PHP/8.3.28
  expires: Thu, 19 Nov 1981 08:52:00 GMT
  cache-control: no-store, no-cache, must-revalidate
  pragma: no-cache
  content-length: 1624
  keep-alive: timeout=5, max=97
  connection: Keep-Alive
  content-type: text/html; charset=UTF-8
  Body:
<!DOCTYPE html>
<html lang="es">
<head>
<meta charset="UTF-8">
<meta name="viewport" content="width=device-width,initial-scale=1.0">
<title>Iniciar Sesión — PharmaCRM</title>
<link rel="stylesheet" href="/hospital/public/css/styles.css">
<link rel="stylesheet" href="https://cdnjs.cloudflare.com/ajax/libs/font-awesome/6.5.1/css/all.min.css">
</head>
<body>
<div class="login-wrapper">
<div class="login-card">
<div class="logo">
<div style="font-size:48px;margin-bottom:12px"><i class="fas fa-prescription-bottl
  User variables:
    target: http://localhost/hospital
    $environment: undefined
    $testId: tyrwb_hf3cergm9paphrkje9z4gkrz7e9jf_7x9j
    $dirname: tests
    $scenarioFile: C:\wamp64\www\hospital\mi-qa\tests\escenarios.yaml
    username: tester
    password: tester123
    nombre_medicamento: nombre_medicamento
    cliente_id: 1
    $uuid: fff13620-70e2-43e5-8ef8-6a922bb7b122
* GET /hospital/?route=login 

  ok statusCode 200 
* POST /hospital/?route=auth&action=login 

  not ok statusCode 200 
  expected: 302
       got: 200
  Request params:
    http://localhost/hospital/?route=auth&action=login
    ""
  Headers:
  date: Wed, 06 May 2026 16:13:07 GMT
  server: Apache/2.4.65 (Win64) PHP/8.3.28 mod_fcgid/2.3.10-dev
  x-powered-by: PHP/8.3.28
  expires: Thu, 19 Nov 1981 08:52:00 GMT
  cache-control: no-store, no-cache, must-revalidate
  pragma: no-cache
  content-length: 1624
  keep-alive: timeout=5, max=97
  connection: Keep-Alive
  content-type: text/html; charset=UTF-8
  Body:
<!DOCTYPE html>
<html lang="es">
<head>
<meta charset="UTF-8">
<meta name="viewport" content="width=device-width,initial-scale=1.0">
<title>Iniciar Sesión — PharmaCRM</title>
<link rel="stylesheet" href="/hospital/public/css/styles.css">
<link rel="stylesheet" href="https://cdnjs.cloudflare.com/ajax/libs/font-awesome/6.5.1/css/all.min.css">
</head>
<body>
<div class="login-wrapper">
<div class="login-card">
<div class="logo">
<div style="font-size:48px;margin-bottom:12px"><i class="fas fa-prescription-bottl
  User variables:
    target: http://localhost/hospital
    $environment: undefined
    $testId: tyrwb_hf3cergm9paphrkje9z4gkrz7e9jf_7x9j
    $dirname: tests
    $scenarioFile: C:\wamp64\www\hospital\mi-qa\tests\escenarios.yaml
    username: supervisor1
    password: supervisor123
    nombre_medicamento: metformina
    cliente_id: 1
    $uuid: 274f9f7a-d9f3-4f24-9d32-4a903c5afc8d
* GET /hospital/?route=home 

  ok statusCode 200 
* GET /hospital/?route=home 

  ok statusCode 200 
* GET /hospital/?route=login 

  ok statusCode 200 
* POST /hospital/?route=auth&action=login 

  not ok statusCode 200 
  expected: 302
       got: 200
  Request params:
    http://localhost/hospital/?route=auth&action=login
    ""
  Headers:
  date: Wed, 06 May 2026 16:13:07 GMT
  server: Apache/2.4.65 (Win64) PHP/8.3.28 mod_fcgid/2.3.10-dev
  x-powered-by: PHP/8.3.28
  expires: Thu, 19 Nov 1981 08:52:00 GMT
  cache-control: no-store, no-cache, must-revalidate
  pragma: no-cache
  content-length: 1624
  keep-alive: timeout=5, max=97
  connection: Keep-Alive
  content-type: text/html; charset=UTF-8
  Body:
<!DOCTYPE html>
<html lang="es">
<head>
<meta charset="UTF-8">
<meta name="viewport" content="width=device-width,initial-scale=1.0">
<title>Iniciar Sesión — PharmaCRM</title>
<link rel="stylesheet" href="/hospital/public/css/styles.css">
<link rel="stylesheet" href="https://cdnjs.cloudflare.com/ajax/libs/font-awesome/6.5.1/css/all.min.css">
</head>
<body>
<div class="login-wrapper">
<div class="login-card">
<div class="logo">
<div style="font-size:48px;margin-bottom:12px"><i class="fas fa-prescription-bottl
  User variables:
    target: http://localhost/hospital
    $environment: undefined
    $testId: tyrwb_hf3cergm9paphrkje9z4gkrz7e9jf_7x9j
    $dirname: tests
    $scenarioFile: C:\wamp64\www\hospital\mi-qa\tests\escenarios.yaml
    username: vendedor1
    password: vendedor123
    nombre_medicamento: omeprazol
    cliente_id: 7
    $uuid: 87874883-c698-49fb-94da-a4c97572b041
* GET /hospital/?route=login 

  ok statusCode 200 
* GET /hospital/?route=home 

  ok statusCode 200 
* POST /hospital/?route=auth&action=login 

  not ok statusCode 200 
  expected: 302
       got: 200
  Request params:
    http://localhost/hospital/?route=auth&action=login
    ""
  Headers:
  date: Wed, 06 May 2026 16:13:07 GMT
  server: Apache/2.4.65 (Win64) PHP/8.3.28 mod_fcgid/2.3.10-dev
  x-powered-by: PHP/8.3.28
  expires: Thu, 19 Nov 1981 08:52:00 GMT
  cache-control: no-store, no-cache, must-revalidate
  pragma: no-cache
  content-length: 1624
  keep-alive: timeout=5, max=97
  connection: Keep-Alive
  content-type: text/html; charset=UTF-8
  Body:
<!DOCTYPE html>
<html lang="es">
<head>
<meta charset="UTF-8">
<meta name="viewport" content="width=device-width,initial-scale=1.0">
<title>Iniciar Sesión — PharmaCRM</title>
<link rel="stylesheet" href="/hospital/public/css/styles.css">
<link rel="stylesheet" href="https://cdnjs.cloudflare.com/ajax/libs/font-awesome/6.5.1/css/all.min.css">
</head>
<body>
<div class="login-wrapper">
<div class="login-card">
<div class="logo">
<div style="font-size:48px;margin-bottom:12px"><i class="fas fa-prescription-bottl
  User variables:
    target: http://localhost/hospital
    $environment: undefined
    $testId: tyrwb_hf3cergm9paphrkje9z4gkrz7e9jf_7x9j
    $dirname: tests
    $scenarioFile: C:\wamp64\www\hospital\mi-qa\tests\escenarios.yaml
    username: supervisor1
    password: supervisor123
    nombre_medicamento: amoxicilina
    cliente_id: 3
    $uuid: 6bda9dd4-5782-47f7-853e-23670be905f7
* GET /hospital/?route=login 

  ok statusCode 200 
* GET /hospital/?route=home 

  ok statusCode 200 
* POST /hospital/?route=auth&action=login 

  not ok statusCode 200 
  expected: 302
       got: 200
  Request params:
    http://localhost/hospital/?route=auth&action=login
    ""
  Headers:
  date: Wed, 06 May 2026 16:13:07 GMT
  server: Apache/2.4.65 (Win64) PHP/8.3.28 mod_fcgid/2.3.10-dev
  x-powered-by: PHP/8.3.28
  expires: Thu, 19 Nov 1981 08:52:00 GMT
  cache-control: no-store, no-cache, must-revalidate
  pragma: no-cache
  content-length: 1624
  keep-alive: timeout=5, max=97
  connection: Keep-Alive
  content-type: text/html; charset=UTF-8
  Body:
<!DOCTYPE html>
<html lang="es">
<head>
<meta charset="UTF-8">
<meta name="viewport" content="width=device-width,initial-scale=1.0">
<title>Iniciar Sesión — PharmaCRM</title>
<link rel="stylesheet" href="/hospital/public/css/styles.css">
<link rel="stylesheet" href="https://cdnjs.cloudflare.com/ajax/libs/font-awesome/6.5.1/css/all.min.css">
</head>
<body>
<div class="login-wrapper">
<div class="login-card">
<div class="logo">
<div style="font-size:48px;margin-bottom:12px"><i class="fas fa-prescription-bottl
  User variables:
    target: http://localhost/hospital
    $environment: undefined
    $testId: tyrwb_hf3cergm9paphrkje9z4gkrz7e9jf_7x9j
    $dirname: tests
    $scenarioFile: C:\wamp64\www\hospital\mi-qa\tests\escenarios.yaml
    username: admin
    password: admin
    nombre_medicamento: acetaminofen
    cliente_id: 9
    $uuid: 98b6d178-5571-4682-bd69-84dda2c3704d
* GET /hospital/?route=home 

* GET /hospital/?route=login 

  ok statusCode 200 
  ok statusCode 200 
* GET /hospital/?route=login 

  ok statusCode 200 
* GET /hospital/?route=home 

  ok statusCode 200 
* POST /hospital/?route=auth&action=login 

  not ok statusCode 200 
  expected: 302
       got: 200
  Request params:
    http://localhost/hospital/?route=auth&action=login
    ""
  Headers:
  date: Wed, 06 May 2026 16:13:07 GMT
  server: Apache/2.4.65 (Win64) PHP/8.3.28 mod_fcgid/2.3.10-dev
  x-powered-by: PHP/8.3.28
  expires: Thu, 19 Nov 1981 08:52:00 GMT
  cache-control: no-store, no-cache, must-revalidate
  pragma: no-cache
  content-length: 1624
  keep-alive: timeout=5, max=97
  connection: Keep-Alive
  content-type: text/html; charset=UTF-8
  Body:
<!DOCTYPE html>
<html lang="es">
<head>
<meta charset="UTF-8">
<meta name="viewport" content="width=device-width,initial-scale=1.0">
<title>Iniciar Sesión — PharmaCRM</title>
<link rel="stylesheet" href="/hospital/public/css/styles.css">
<link rel="stylesheet" href="https://cdnjs.cloudflare.com/ajax/libs/font-awesome/6.5.1/css/all.min.css">
</head>
<body>
<div class="login-wrapper">
<div class="login-card">
<div class="logo">
<div style="font-size:48px;margin-bottom:12px"><i class="fas fa-prescription-bottl
  User variables:
    target: http://localhost/hospital
    $environment: undefined
    $testId: tyrwb_hf3cergm9paphrkje9z4gkrz7e9jf_7x9j
    $dirname: tests
    $scenarioFile: C:\wamp64\www\hospital\mi-qa\tests\escenarios.yaml
    username: admin
    password: admin
    nombre_medicamento: metformina
    cliente_id: 5
    $uuid: 20268588-64da-46ef-9cb9-93b91ed51889
* POST /hospital/?route=auth&action=login 

  not ok statusCode 200 
  expected: 302
       got: 200
  Request params:
    http://localhost/hospital/?route=auth&action=login
    ""
  Headers:
  date: Wed, 06 May 2026 16:13:07 GMT
  server: Apache/2.4.65 (Win64) PHP/8.3.28 mod_fcgid/2.3.10-dev
  x-powered-by: PHP/8.3.28
  expires: Thu, 19 Nov 1981 08:52:00 GMT
  cache-control: no-store, no-cache, must-revalidate
  pragma: no-cache
  content-length: 1624
  keep-alive: timeout=5, max=97
  connection: Keep-Alive
  content-type: text/html; charset=UTF-8
  Body:
<!DOCTYPE html>
<html lang="es">
<head>
<meta charset="UTF-8">
<meta name="viewport" content="width=device-width,initial-scale=1.0">
<title>Iniciar Sesión — PharmaCRM</title>
<link rel="stylesheet" href="/hospital/public/css/styles.css">
<link rel="stylesheet" href="https://cdnjs.cloudflare.com/ajax/libs/font-awesome/6.5.1/css/all.min.css">
</head>
<body>
<div class="login-wrapper">
<div class="login-card">
<div class="logo">
<div style="font-size:48px;margin-bottom:12px"><i class="fas fa-prescription-bottl
  User variables:
    target: http://localhost/hospital
    $environment: undefined
    $testId: tyrwb_hf3cergm9paphrkje9z4gkrz7e9jf_7x9j
    $dirname: tests
    $scenarioFile: C:\wamp64\www\hospital\mi-qa\tests\escenarios.yaml
    username: admin
    password: admin
    nombre_medicamento: omeprazol
    cliente_id: 2
    $uuid: c2662903-eec0-4776-bac4-a7c9cbdc5d25
* GET /hospital/?route=login 

  ok statusCode 200 
* GET /hospital/?route=home 

  ok statusCode 200 
* POST /hospital/?route=auth&action=login 

  not ok statusCode 200 
  expected: 302
       got: 200
  Request params:
    http://localhost/hospital/?route=auth&action=login
    ""
  Headers:
  date: Wed, 06 May 2026 16:13:07 GMT
  server: Apache/2.4.65 (Win64) PHP/8.3.28 mod_fcgid/2.3.10-dev
  x-powered-by: PHP/8.3.28
  expires: Thu, 19 Nov 1981 08:52:00 GMT
  cache-control: no-store, no-cache, must-revalidate
  pragma: no-cache
  content-length: 1624
  keep-alive: timeout=5, max=97
  connection: Keep-Alive
  content-type: text/html; charset=UTF-8
  Body:
<!DOCTYPE html>
<html lang="es">
<head>
<meta charset="UTF-8">
<meta name="viewport" content="width=device-width,initial-scale=1.0">
<title>Iniciar Sesión — PharmaCRM</title>
<link rel="stylesheet" href="/hospital/public/css/styles.css">
<link rel="stylesheet" href="https://cdnjs.cloudflare.com/ajax/libs/font-awesome/6.5.1/css/all.min.css">
</head>
<body>
<div class="login-wrapper">
<div class="login-card">
<div class="logo">
<div style="font-size:48px;margin-bottom:12px"><i class="fas fa-prescription-bottl
  User variables:
    target: http://localhost/hospital
    $environment: undefined
    $testId: tyrwb_hf3cergm9paphrkje9z4gkrz7e9jf_7x9j
    $dirname: tests
    $scenarioFile: C:\wamp64\www\hospital\mi-qa\tests\escenarios.yaml
    username: admin
    password: admin
    nombre_medicamento: ibuprofeno
    cliente_id: 1
    $uuid: 5f04d890-5dce-48bf-8890-5cf5f3bbef9e
* GET /hospital/?route=home 

  ok statusCode 200 
* GET /hospital/?route=login 

* GET /hospital/?route=home 

  ok statusCode 200 
  ok statusCode 200 
* GET /hospital/?route=login 

  ok statusCode 200 
* POST /hospital/?route=auth&action=login 

  not ok statusCode 200 
  expected: 302
       got: 200
  Request params:
    http://localhost/hospital/?route=auth&action=login
    ""
  Headers:
  date: Wed, 06 May 2026 16:13:07 GMT
  server: Apache/2.4.65 (Win64) PHP/8.3.28 mod_fcgid/2.3.10-dev
  x-powered-by: PHP/8.3.28
  expires: Thu, 19 Nov 1981 08:52:00 GMT
  cache-control: no-store, no-cache, must-revalidate
  pragma: no-cache
  content-length: 1624
  keep-alive: timeout=5, max=97
  connection: Keep-Alive
  content-type: text/html; charset=UTF-8
  Body:
<!DOCTYPE html>
<html lang="es">
<head>
<meta charset="UTF-8">
<meta name="viewport" content="width=device-width,initial-scale=1.0">
<title>Iniciar Sesión — PharmaCRM</title>
<link rel="stylesheet" href="/hospital/public/css/styles.css">
<link rel="stylesheet" href="https://cdnjs.cloudflare.com/ajax/libs/font-awesome/6.5.1/css/all.min.css">
</head>
<body>
<div class="login-wrapper">
<div class="login-card">
<div class="logo">
<div style="font-size:48px;margin-bottom:12px"><i class="fas fa-prescription-bottl
  User variables:
    target: http://localhost/hospital
    $environment: undefined
    $testId: tyrwb_hf3cergm9paphrkje9z4gkrz7e9jf_7x9j
    $dirname: tests
    $scenarioFile: C:\wamp64\www\hospital\mi-qa\tests\escenarios.yaml
    username: supervisor1
    password: supervisor123
    nombre_medicamento: losartan
    cliente_id: 5
    $uuid: 104b1124-3d68-44a8-8694-a0d765c34182
* POST /hospital/?route=auth&action=login 

  not ok statusCode 200 
  expected: 302
       got: 200
  Request params:
    http://localhost/hospital/?route=auth&action=login
    ""
  Headers:
  date: Wed, 06 May 2026 16:13:07 GMT
  server: Apache/2.4.65 (Win64) PHP/8.3.28 mod_fcgid/2.3.10-dev
  x-powered-by: PHP/8.3.28
  expires: Thu, 19 Nov 1981 08:52:00 GMT
  cache-control: no-store, no-cache, must-revalidate
  pragma: no-cache
  content-length: 1624
  keep-alive: timeout=5, max=97
  connection: Keep-Alive
  content-type: text/html; charset=UTF-8
  Body:
<!DOCTYPE html>
<html lang="es">
<head>
<meta charset="UTF-8">
<meta name="viewport" content="width=device-width,initial-scale=1.0">
<title>Iniciar Sesión — PharmaCRM</title>
<link rel="stylesheet" href="/hospital/public/css/styles.css">
<link rel="stylesheet" href="https://cdnjs.cloudflare.com/ajax/libs/font-awesome/6.5.1/css/all.min.css">
</head>
<body>
<div class="login-wrapper">
<div class="login-card">
<div class="logo">
<div style="font-size:48px;margin-bottom:12px"><i class="fas fa-prescription-bottl
  User variables:
    target: http://localhost/hospital
    $environment: undefined
    $testId: tyrwb_hf3cergm9paphrkje9z4gkrz7e9jf_7x9j
    $dirname: tests
    $scenarioFile: C:\wamp64\www\hospital\mi-qa\tests\escenarios.yaml
    username: admin
    password: admin
    nombre_medicamento: acetaminofen
    cliente_id: 2
    $uuid: d441a8bd-81fc-4b57-bca0-3a15a57d0b5d
* GET /hospital/?route=login 

  ok statusCode 200 
* GET /hospital/?route=home 

  ok statusCode 200 
--------------------------------------
Metrics for period to: 11:12:40(-0500) (width: 9.991s)
--------------------------------------

errors.Failed capture or match: ................................................ 77
http.codes.200: ................................................................ 236
http.codes.302: ................................................................ 77
http.downloaded_bytes: ......................................................... 2761850
http.request_rate: ............................................................. 35/sec
http.requests: ................................................................. 314
http.response_time:
  min: ......................................................................... 1
  max: ......................................................................... 44
  mean: ........................................................................ 8.6
  median: ...................................................................... 5
  p95: ......................................................................... 26.8
  p99: ......................................................................... 30.3
http.response_time.2xx:
  min: ......................................................................... 1
  max: ......................................................................... 44
  mean: ........................................................................ 6.9
  median: ...................................................................... 3
  p95: ......................................................................... 25.8
  p99: ......................................................................... 30.3
http.response_time.3xx:
  min: ......................................................................... 3
  max: ......................................................................... 30
  mean: ........................................................................ 13.8
  median: ...................................................................... 15
  p95: ......................................................................... 27.9
  p99: ......................................................................... 29.1
http.responses: ................................................................ 313
plugins.expect.failed: ......................................................... 77
plugins.expect.failed.statusCode: .............................................. 77
plugins.expect.ok: ............................................................. 159
plugins.expect.ok.statusCode: .................................................. 159
vusers.created: ................................................................ 81
vusers.created_by_name.Jornada Completa PharmaCRM (5 Etapas Consecutivas): ..... 81
vusers.failed: ................................................................. 77


* GET /hospital/?route=home 

  ok statusCode 200 
* GET /hospital/?route=login 

  ok statusCode 200 
* POST /hospital/?route=auth&action=login 

  not ok statusCode 200 
  expected: 302
       got: 200
  Request params:
    http://localhost/hospital/?route=auth&action=login
    ""
  Headers:
  date: Wed, 06 May 2026 16:13:07 GMT
  server: Apache/2.4.65 (Win64) PHP/8.3.28 mod_fcgid/2.3.10-dev
  x-powered-by: PHP/8.3.28
  expires: Thu, 19 Nov 1981 08:52:00 GMT
  cache-control: no-store, no-cache, must-revalidate
  pragma: no-cache
  content-length: 1624
  keep-alive: timeout=5, max=97
  connection: Keep-Alive
  content-type: text/html; charset=UTF-8
  Body:
<!DOCTYPE html>
<html lang="es">
<head>
<meta charset="UTF-8">
<meta name="viewport" content="width=device-width,initial-scale=1.0">
<title>Iniciar Sesión — PharmaCRM</title>
<link rel="stylesheet" href="/hospital/public/css/styles.css">
<link rel="stylesheet" href="https://cdnjs.cloudflare.com/ajax/libs/font-awesome/6.5.1/css/all.min.css">
</head>
<body>
<div class="login-wrapper">
<div class="login-card">
<div class="logo">
<div style="font-size:48px;margin-bottom:12px"><i class="fas fa-prescription-bottl
  User variables:
    target: http://localhost/hospital
    $environment: undefined
    $testId: tyrwb_hf3cergm9paphrkje9z4gkrz7e9jf_7x9j
    $dirname: tests
    $scenarioFile: C:\wamp64\www\hospital\mi-qa\tests\escenarios.yaml
    username: supervisor1
    password: supervisor123
    nombre_medicamento: ibuprofeno
    cliente_id: 10
    $uuid: da062dea-cba0-45cd-b967-2d57a0d66530
* GET /hospital/?route=login 

  ok statusCode 200 
* POST /hospital/?route=auth&action=login 

  not ok statusCode 200 
  expected: 302
       got: 200
  Request params:
    http://localhost/hospital/?route=auth&action=login
    ""
  Headers:
  date: Wed, 06 May 2026 16:13:08 GMT
  server: Apache/2.4.65 (Win64) PHP/8.3.28 mod_fcgid/2.3.10-dev
  x-powered-by: PHP/8.3.28
  expires: Thu, 19 Nov 1981 08:52:00 GMT
  cache-control: no-store, no-cache, must-revalidate
  pragma: no-cache
  content-length: 1624
  keep-alive: timeout=5, max=97
  connection: Keep-Alive
  content-type: text/html; charset=UTF-8
  Body:
<!DOCTYPE html>
<html lang="es">
<head>
<meta charset="UTF-8">
<meta name="viewport" content="width=device-width,initial-scale=1.0">
<title>Iniciar Sesión — PharmaCRM</title>
<link rel="stylesheet" href="/hospital/public/css/styles.css">
<link rel="stylesheet" href="https://cdnjs.cloudflare.com/ajax/libs/font-awesome/6.5.1/css/all.min.css">
</head>
<body>
<div class="login-wrapper">
<div class="login-card">
<div class="logo">
<div style="font-size:48px;margin-bottom:12px"><i class="fas fa-prescription-bottl
  User variables:
    target: http://localhost/hospital
    $environment: undefined
    $testId: tyrwb_hf3cergm9paphrkje9z4gkrz7e9jf_7x9j
    $dirname: tests
    $scenarioFile: C:\wamp64\www\hospital\mi-qa\tests\escenarios.yaml
    username: tester
    password: tester123
    nombre_medicamento: dexametasona
    cliente_id: 8
    $uuid: cc778713-b327-453b-a962-08da9a24eab9
* GET /hospital/?route=home 

  ok statusCode 200 
* GET /hospital/?route=login 

  ok statusCode 200 
* GET /hospital/?route=home 

  ok statusCode 200 
* GET /hospital/?route=home 

  ok statusCode 200 
* GET /hospital/?route=login 

  ok statusCode 200 
* POST /hospital/?route=auth&action=login 

  not ok statusCode 200 
  expected: 302
       got: 200
  Request params:
    http://localhost/hospital/?route=auth&action=login
    ""
  Headers:
  date: Wed, 06 May 2026 16:13:08 GMT
  server: Apache/2.4.65 (Win64) PHP/8.3.28 mod_fcgid/2.3.10-dev
  x-powered-by: PHP/8.3.28
  expires: Thu, 19 Nov 1981 08:52:00 GMT
  cache-control: no-store, no-cache, must-revalidate
  pragma: no-cache
  content-length: 1624
  keep-alive: timeout=5, max=97
  connection: Keep-Alive
  content-type: text/html; charset=UTF-8
  Body:
<!DOCTYPE html>
<html lang="es">
<head>
<meta charset="UTF-8">
<meta name="viewport" content="width=device-width,initial-scale=1.0">
<title>Iniciar Sesión — PharmaCRM</title>
<link rel="stylesheet" href="/hospital/public/css/styles.css">
<link rel="stylesheet" href="https://cdnjs.cloudflare.com/ajax/libs/font-awesome/6.5.1/css/all.min.css">
</head>
<body>
<div class="login-wrapper">
<div class="login-card">
<div class="logo">
<div style="font-size:48px;margin-bottom:12px"><i class="fas fa-prescription-bottl
  User variables:
    target: http://localhost/hospital
    $environment: undefined
    $testId: tyrwb_hf3cergm9paphrkje9z4gkrz7e9jf_7x9j
    $dirname: tests
    $scenarioFile: C:\wamp64\www\hospital\mi-qa\tests\escenarios.yaml
    username: supervisor1
    password: supervisor123
    nombre_medicamento: enalapril
    cliente_id: 9
    $uuid: 51ed0d45-34a2-431a-b83f-3d9f0b742604
* POST /hospital/?route=auth&action=login 

  not ok statusCode 200 
  expected: 302
       got: 200
  Request params:
    http://localhost/hospital/?route=auth&action=login
    ""
  Headers:
  date: Wed, 06 May 2026 16:13:08 GMT
  server: Apache/2.4.65 (Win64) PHP/8.3.28 mod_fcgid/2.3.10-dev
  x-powered-by: PHP/8.3.28
  expires: Thu, 19 Nov 1981 08:52:00 GMT
  cache-control: no-store, no-cache, must-revalidate
  pragma: no-cache
  content-length: 1624
  keep-alive: timeout=5, max=97
  connection: Keep-Alive
  content-type: text/html; charset=UTF-8
  Body:
<!DOCTYPE html>
<html lang="es">
<head>
<meta charset="UTF-8">
<meta name="viewport" content="width=device-width,initial-scale=1.0">
<title>Iniciar Sesión — PharmaCRM</title>
<link rel="stylesheet" href="/hospital/public/css/styles.css">
<link rel="stylesheet" href="https://cdnjs.cloudflare.com/ajax/libs/font-awesome/6.5.1/css/all.min.css">
</head>
<body>
<div class="login-wrapper">
<div class="login-card">
<div class="logo">
<div style="font-size:48px;margin-bottom:12px"><i class="fas fa-prescription-bottl
  User variables:
    target: http://localhost/hospital
    $environment: undefined
    $testId: tyrwb_hf3cergm9paphrkje9z4gkrz7e9jf_7x9j
    $dirname: tests
    $scenarioFile: C:\wamp64\www\hospital\mi-qa\tests\escenarios.yaml
    username: tester
    password: tester123
    nombre_medicamento: acetaminofen
    cliente_id: 5
    $uuid: 9fe9f220-0d4f-4814-a5e7-367c1cabe971
* GET /hospital/?route=home 

  ok statusCode 200 
* POST /hospital/?route=auth&action=login 

  not ok statusCode 200 
  expected: 302
       got: 200
  Request params:
    http://localhost/hospital/?route=auth&action=login
    ""
  Headers:
  date: Wed, 06 May 2026 16:13:08 GMT
  server: Apache/2.4.65 (Win64) PHP/8.3.28 mod_fcgid/2.3.10-dev
  x-powered-by: PHP/8.3.28
  expires: Thu, 19 Nov 1981 08:52:00 GMT
  cache-control: no-store, no-cache, must-revalidate
  pragma: no-cache
  content-length: 1624
  keep-alive: timeout=5, max=97
  connection: Keep-Alive
  content-type: text/html; charset=UTF-8
  Body:
<!DOCTYPE html>
<html lang="es">
<head>
<meta charset="UTF-8">
<meta name="viewport" content="width=device-width,initial-scale=1.0">
<title>Iniciar Sesión — PharmaCRM</title>
<link rel="stylesheet" href="/hospital/public/css/styles.css">
<link rel="stylesheet" href="https://cdnjs.cloudflare.com/ajax/libs/font-awesome/6.5.1/css/all.min.css">
</head>
<body>
<div class="login-wrapper">
<div class="login-card">
<div class="logo">
<div style="font-size:48px;margin-bottom:12px"><i class="fas fa-prescription-bottl
  User variables:
    target: http://localhost/hospital
    $environment: undefined
    $testId: tyrwb_hf3cergm9paphrkje9z4gkrz7e9jf_7x9j
    $dirname: tests
    $scenarioFile: C:\wamp64\www\hospital\mi-qa\tests\escenarios.yaml
    username: tester
    password: tester123
    nombre_medicamento: losartan
    cliente_id: 2
    $uuid: f522b162-22df-4daa-9331-31167ce79ee8
* GET /hospital/?route=login 

  ok statusCode 200 
* GET /hospital/?route=login 

  ok statusCode 200 
* GET /hospital/?route=home 

  ok statusCode 200 
* POST /hospital/?route=auth&action=login 

  not ok statusCode 200 
  expected: 302
       got: 200
  Request params:
    http://localhost/hospital/?route=auth&action=login
    ""
  Headers:
  date: Wed, 06 May 2026 16:13:08 GMT
  server: Apache/2.4.65 (Win64) PHP/8.3.28 mod_fcgid/2.3.10-dev
  x-powered-by: PHP/8.3.28
  expires: Thu, 19 Nov 1981 08:52:00 GMT
  cache-control: no-store, no-cache, must-revalidate
  pragma: no-cache
  content-length: 1624
  keep-alive: timeout=5, max=97
  connection: Keep-Alive
  content-type: text/html; charset=UTF-8
  Body:
<!DOCTYPE html>
<html lang="es">
<head>
<meta charset="UTF-8">
<meta name="viewport" content="width=device-width,initial-scale=1.0">
<title>Iniciar Sesión — PharmaCRM</title>
<link rel="stylesheet" href="/hospital/public/css/styles.css">
<link rel="stylesheet" href="https://cdnjs.cloudflare.com/ajax/libs/font-awesome/6.5.1/css/all.min.css">
</head>
<body>
<div class="login-wrapper">
<div class="login-card">
<div class="logo">
<div style="font-size:48px;margin-bottom:12px"><i class="fas fa-prescription-bottl
  User variables:
    target: http://localhost/hospital
    $environment: undefined
    $testId: tyrwb_hf3cergm9paphrkje9z4gkrz7e9jf_7x9j
    $dirname: tests
    $scenarioFile: C:\wamp64\www\hospital\mi-qa\tests\escenarios.yaml
    username: admin
    password: admin
    nombre_medicamento: nombre_medicamento
    cliente_id: 4
    $uuid: c7df0666-5323-43c2-9cee-90ac56c0c196
* GET /hospital/?route=home 

  ok statusCode 200 
* GET /hospital/?route=login 

  ok statusCode 200 
* POST /hospital/?route=auth&action=login 

  not ok statusCode 200 
  expected: 302
       got: 200
  Request params:
    http://localhost/hospital/?route=auth&action=login
    ""
  Headers:
  date: Wed, 06 May 2026 16:13:08 GMT
  server: Apache/2.4.65 (Win64) PHP/8.3.28 mod_fcgid/2.3.10-dev
  x-powered-by: PHP/8.3.28
  expires: Thu, 19 Nov 1981 08:52:00 GMT
  cache-control: no-store, no-cache, must-revalidate
  pragma: no-cache
  content-length: 1624
  keep-alive: timeout=5, max=97
  connection: Keep-Alive
  content-type: text/html; charset=UTF-8
  Body:
<!DOCTYPE html>
<html lang="es">
<head>
<meta charset="UTF-8">
<meta name="viewport" content="width=device-width,initial-scale=1.0">
<title>Iniciar Sesión — PharmaCRM</title>
<link rel="stylesheet" href="/hospital/public/css/styles.css">
<link rel="stylesheet" href="https://cdnjs.cloudflare.com/ajax/libs/font-awesome/6.5.1/css/all.min.css">
</head>
<body>
<div class="login-wrapper">
<div class="login-card">
<div class="logo">
<div style="font-size:48px;margin-bottom:12px"><i class="fas fa-prescription-bottl
  User variables:
    target: http://localhost/hospital
    $environment: undefined
    $testId: tyrwb_hf3cergm9paphrkje9z4gkrz7e9jf_7x9j
    $dirname: tests
    $scenarioFile: C:\wamp64\www\hospital\mi-qa\tests\escenarios.yaml
    username: tester
    password: tester123
    nombre_medicamento: ibuprofeno
    cliente_id: 8
    $uuid: ee4e2718-3ef9-408d-94c8-392bdde19794
* GET /hospital/?route=home 

  ok statusCode 200 
* GET /hospital/?route=login 

  ok statusCode 200 
* POST /hospital/?route=auth&action=login 

  not ok statusCode 200 
  expected: 302
       got: 200
  Request params:
    http://localhost/hospital/?route=auth&action=login
    ""
  Headers:
  date: Wed, 06 May 2026 16:13:08 GMT
  server: Apache/2.4.65 (Win64) PHP/8.3.28 mod_fcgid/2.3.10-dev
  x-powered-by: PHP/8.3.28
  expires: Thu, 19 Nov 1981 08:52:00 GMT
  cache-control: no-store, no-cache, must-revalidate
  pragma: no-cache
  content-length: 1624
  keep-alive: timeout=5, max=97
  connection: Keep-Alive
  content-type: text/html; charset=UTF-8
  Body:
<!DOCTYPE html>
<html lang="es">
<head>
<meta charset="UTF-8">
<meta name="viewport" content="width=device-width,initial-scale=1.0">
<title>Iniciar Sesión — PharmaCRM</title>
<link rel="stylesheet" href="/hospital/public/css/styles.css">
<link rel="stylesheet" href="https://cdnjs.cloudflare.com/ajax/libs/font-awesome/6.5.1/css/all.min.css">
</head>
<body>
<div class="login-wrapper">
<div class="login-card">
<div class="logo">
<div style="font-size:48px;margin-bottom:12px"><i class="fas fa-prescription-bottl
  User variables:
    target: http://localhost/hospital
    $environment: undefined
    $testId: tyrwb_hf3cergm9paphrkje9z4gkrz7e9jf_7x9j
    $dirname: tests
    $scenarioFile: C:\wamp64\www\hospital\mi-qa\tests\escenarios.yaml
    username: admin
    password: admin
    nombre_medicamento: amoxicilina
    cliente_id: cliente_id
    $uuid: 2fb2fae8-367f-4123-adb3-c5ebdca1456f
* GET /hospital/?route=home 

  ok statusCode 200 
* GET /hospital/?route=login 

  ok statusCode 200 
* GET /hospital/?route=login 

* POST /hospital/?route=auth&action=login 

  ok statusCode 200 
* GET /hospital/?route=home 

  ok statusCode 200 
  not ok statusCode 200 
  expected: 302
       got: 200
  Request params:
    http://localhost/hospital/?route=auth&action=login
    ""
  Headers:
  date: Wed, 06 May 2026 16:13:08 GMT
  server: Apache/2.4.65 (Win64) PHP/8.3.28 mod_fcgid/2.3.10-dev
  x-powered-by: PHP/8.3.28
  expires: Thu, 19 Nov 1981 08:52:00 GMT
  cache-control: no-store, no-cache, must-revalidate
  pragma: no-cache
  content-length: 1624
  keep-alive: timeout=5, max=97
  connection: Keep-Alive
  content-type: text/html; charset=UTF-8
  Body:
<!DOCTYPE html>
<html lang="es">
<head>
<meta charset="UTF-8">
<meta name="viewport" content="width=device-width,initial-scale=1.0">
<title>Iniciar Sesión — PharmaCRM</title>
<link rel="stylesheet" href="/hospital/public/css/styles.css">
<link rel="stylesheet" href="https://cdnjs.cloudflare.com/ajax/libs/font-awesome/6.5.1/css/all.min.css">
</head>
<body>
<div class="login-wrapper">
<div class="login-card">
<div class="logo">
<div style="font-size:48px;margin-bottom:12px"><i class="fas fa-prescription-bottl
  User variables:
    target: http://localhost/hospital
    $environment: undefined
    $testId: tyrwb_hf3cergm9paphrkje9z4gkrz7e9jf_7x9j
    $dirname: tests
    $scenarioFile: C:\wamp64\www\hospital\mi-qa\tests\escenarios.yaml
    username: supervisor1
    password: supervisor123
    nombre_medicamento: losartan
    cliente_id: 2
    $uuid: b867ab05-3a39-4e72-b9c4-843b839d3ef9
* POST /hospital/?route=auth&action=login 

  not ok statusCode 200 
  expected: 302
       got: 200
  Request params:
    http://localhost/hospital/?route=auth&action=login
    ""
  Headers:
  date: Wed, 06 May 2026 16:13:08 GMT
  server: Apache/2.4.65 (Win64) PHP/8.3.28 mod_fcgid/2.3.10-dev
  x-powered-by: PHP/8.3.28
  expires: Thu, 19 Nov 1981 08:52:00 GMT
  cache-control: no-store, no-cache, must-revalidate
  pragma: no-cache
  content-length: 1624
  keep-alive: timeout=5, max=97
  connection: Keep-Alive
  content-type: text/html; charset=UTF-8
  Body:
<!DOCTYPE html>
<html lang="es">
<head>
<meta charset="UTF-8">
<meta name="viewport" content="width=device-width,initial-scale=1.0">
<title>Iniciar Sesión — PharmaCRM</title>
<link rel="stylesheet" href="/hospital/public/css/styles.css">
<link rel="stylesheet" href="https://cdnjs.cloudflare.com/ajax/libs/font-awesome/6.5.1/css/all.min.css">
</head>
<body>
<div class="login-wrapper">
<div class="login-card">
<div class="logo">
<div style="font-size:48px;margin-bottom:12px"><i class="fas fa-prescription-bottl
  User variables:
    target: http://localhost/hospital
    $environment: undefined
    $testId: tyrwb_hf3cergm9paphrkje9z4gkrz7e9jf_7x9j
    $dirname: tests
    $scenarioFile: C:\wamp64\www\hospital\mi-qa\tests\escenarios.yaml
    username: vendedor1
    password: vendedor123
    nombre_medicamento: salbutamol
    cliente_id: cliente_id
    $uuid: 0de51782-4a51-47c9-8104-a6c2821e8bd2
* GET /hospital/?route=home 

  ok statusCode 200 
* GET /hospital/?route=login 

  ok statusCode 200 
* GET /hospital/?route=home 

* GET /hospital/?route=home 

  ok statusCode 200 
  ok statusCode 200 
* POST /hospital/?route=auth&action=login 

  not ok statusCode 200 
  expected: 302
       got: 200
  Request params:
    http://localhost/hospital/?route=auth&action=login
    ""
  Headers:
  date: Wed, 06 May 2026 16:13:08 GMT
  server: Apache/2.4.65 (Win64) PHP/8.3.28 mod_fcgid/2.3.10-dev
  x-powered-by: PHP/8.3.28
  expires: Thu, 19 Nov 1981 08:52:00 GMT
  cache-control: no-store, no-cache, must-revalidate
  pragma: no-cache
  content-length: 1624
  keep-alive: timeout=5, max=97
  connection: Keep-Alive
  content-type: text/html; charset=UTF-8
  Body:
<!DOCTYPE html>
<html lang="es">
<head>
<meta charset="UTF-8">
<meta name="viewport" content="width=device-width,initial-scale=1.0">
<title>Iniciar Sesión — PharmaCRM</title>
<link rel="stylesheet" href="/hospital/public/css/styles.css">
<link rel="stylesheet" href="https://cdnjs.cloudflare.com/ajax/libs/font-awesome/6.5.1/css/all.min.css">
</head>
<body>
<div class="login-wrapper">
<div class="login-card">
<div class="logo">
<div style="font-size:48px;margin-bottom:12px"><i class="fas fa-prescription-bottl
  User variables:
    target: http://localhost/hospital
    $environment: undefined
    $testId: tyrwb_hf3cergm9paphrkje9z4gkrz7e9jf_7x9j
    $dirname: tests
    $scenarioFile: C:\wamp64\www\hospital\mi-qa\tests\escenarios.yaml
    username: tester
    password: tester123
    nombre_medicamento: omeprazol
    cliente_id: 4
    $uuid: ea70073a-d162-4479-b64b-d125e648170a
* GET /hospital/?route=login 

* GET /hospital/?route=login 

  ok statusCode 200 
  ok statusCode 200 
* POST /hospital/?route=auth&action=login 

  not ok statusCode 200 
  expected: 302
       got: 200
  Request params:
    http://localhost/hospital/?route=auth&action=login
    ""
  Headers:
  date: Wed, 06 May 2026 16:13:08 GMT
  server: Apache/2.4.65 (Win64) PHP/8.3.28 mod_fcgid/2.3.10-dev
  x-powered-by: PHP/8.3.28
  expires: Thu, 19 Nov 1981 08:52:00 GMT
  cache-control: no-store, no-cache, must-revalidate
  pragma: no-cache
  content-length: 1624
  keep-alive: timeout=5, max=97
  connection: Keep-Alive
  content-type: text/html; charset=UTF-8
  Body:
<!DOCTYPE html>
<html lang="es">
<head>
<meta charset="UTF-8">
<meta name="viewport" content="width=device-width,initial-scale=1.0">
<title>Iniciar Sesión — PharmaCRM</title>
<link rel="stylesheet" href="/hospital/public/css/styles.css">
<link rel="stylesheet" href="https://cdnjs.cloudflare.com/ajax/libs/font-awesome/6.5.1/css/all.min.css">
</head>
<body>
<div class="login-wrapper">
<div class="login-card">
<div class="logo">
<div style="font-size:48px;margin-bottom:12px"><i class="fas fa-prescription-bottl
  User variables:
    target: http://localhost/hospital
    $environment: undefined
    $testId: tyrwb_hf3cergm9paphrkje9z4gkrz7e9jf_7x9j
    $dirname: tests
    $scenarioFile: C:\wamp64\www\hospital\mi-qa\tests\escenarios.yaml
    username: username
    password: password
    nombre_medicamento: acetaminofen
    cliente_id: 1
    $uuid: 1e5d70a5-41a6-40df-94c2-31348531d2b7
* POST /hospital/?route=auth&action=login 

  not ok statusCode 200 
  expected: 302
       got: 200
  Request params:
    http://localhost/hospital/?route=auth&action=login
    ""
  Headers:
  date: Wed, 06 May 2026 16:13:08 GMT
  server: Apache/2.4.65 (Win64) PHP/8.3.28 mod_fcgid/2.3.10-dev
  x-powered-by: PHP/8.3.28
  expires: Thu, 19 Nov 1981 08:52:00 GMT
  cache-control: no-store, no-cache, must-revalidate
  pragma: no-cache
  content-length: 1624
  keep-alive: timeout=5, max=97
  connection: Keep-Alive
  content-type: text/html; charset=UTF-8
  Body:
<!DOCTYPE html>
<html lang="es">
<head>
<meta charset="UTF-8">
<meta name="viewport" content="width=device-width,initial-scale=1.0">
<title>Iniciar Sesión — PharmaCRM</title>
<link rel="stylesheet" href="/hospital/public/css/styles.css">
<link rel="stylesheet" href="https://cdnjs.cloudflare.com/ajax/libs/font-awesome/6.5.1/css/all.min.css">
</head>
<body>
<div class="login-wrapper">
<div class="login-card">
<div class="logo">
<div style="font-size:48px;margin-bottom:12px"><i class="fas fa-prescription-bottl
  User variables:
    target: http://localhost/hospital
    $environment: undefined
    $testId: tyrwb_hf3cergm9paphrkje9z4gkrz7e9jf_7x9j
    $dirname: tests
    $scenarioFile: C:\wamp64\www\hospital\mi-qa\tests\escenarios.yaml
    username: vendedor1
    password: vendedor123
    nombre_medicamento: amoxicilina
    cliente_id: 8
    $uuid: 5e6238c3-7ce3-40b4-8391-30f7a20311a3
* GET /hospital/?route=home 

  ok statusCode 200 
* GET /hospital/?route=login 

  ok statusCode 200 
* POST /hospital/?route=auth&action=login 

  not ok statusCode 200 
  expected: 302
       got: 200
  Request params:
    http://localhost/hospital/?route=auth&action=login
    ""
  Headers:
  date: Wed, 06 May 2026 16:13:08 GMT
  server: Apache/2.4.65 (Win64) PHP/8.3.28 mod_fcgid/2.3.10-dev
  x-powered-by: PHP/8.3.28
  expires: Thu, 19 Nov 1981 08:52:00 GMT
  cache-control: no-store, no-cache, must-revalidate
  pragma: no-cache
  content-length: 1624
  keep-alive: timeout=5, max=97
  connection: Keep-Alive
  content-type: text/html; charset=UTF-8
  Body:
<!DOCTYPE html>
<html lang="es">
<head>
<meta charset="UTF-8">
<meta name="viewport" content="width=device-width,initial-scale=1.0">
<title>Iniciar Sesión — PharmaCRM</title>
<link rel="stylesheet" href="/hospital/public/css/styles.css">
<link rel="stylesheet" href="https://cdnjs.cloudflare.com/ajax/libs/font-awesome/6.5.1/css/all.min.css">
</head>
<body>
<div class="login-wrapper">
<div class="login-card">
<div class="logo">
<div style="font-size:48px;margin-bottom:12px"><i class="fas fa-prescription-bottl
  User variables:
    target: http://localhost/hospital
    $environment: undefined
    $testId: tyrwb_hf3cergm9paphrkje9z4gkrz7e9jf_7x9j
    $dirname: tests
    $scenarioFile: C:\wamp64\www\hospital\mi-qa\tests\escenarios.yaml
    username: admin
    password: admin
    nombre_medicamento: nombre_medicamento
    cliente_id: 5
    $uuid: b9e0c625-3f6c-45ee-ba28-1cfcdb70218c
* GET /hospital/?route=login 

  ok statusCode 200 
* GET /hospital/?route=home 

  ok statusCode 200 
* POST /hospital/?route=auth&action=login 

  not ok statusCode 200 
  expected: 302
       got: 200
  Request params:
    http://localhost/hospital/?route=auth&action=login
    ""
  Headers:
  date: Wed, 06 May 2026 16:13:08 GMT
  server: Apache/2.4.65 (Win64) PHP/8.3.28 mod_fcgid/2.3.10-dev
  x-powered-by: PHP/8.3.28
  expires: Thu, 19 Nov 1981 08:52:00 GMT
  cache-control: no-store, no-cache, must-revalidate
  pragma: no-cache
  content-length: 1624
  keep-alive: timeout=5, max=97
  connection: Keep-Alive
  content-type: text/html; charset=UTF-8
  Body:
<!DOCTYPE html>
<html lang="es">
<head>
<meta charset="UTF-8">
<meta name="viewport" content="width=device-width,initial-scale=1.0">
<title>Iniciar Sesión — PharmaCRM</title>
<link rel="stylesheet" href="/hospital/public/css/styles.css">
<link rel="stylesheet" href="https://cdnjs.cloudflare.com/ajax/libs/font-awesome/6.5.1/css/all.min.css">
</head>
<body>
<div class="login-wrapper">
<div class="login-card">
<div class="logo">
<div style="font-size:48px;margin-bottom:12px"><i class="fas fa-prescription-bottl
  User variables:
    target: http://localhost/hospital
    $environment: undefined
    $testId: tyrwb_hf3cergm9paphrkje9z4gkrz7e9jf_7x9j
    $dirname: tests
    $scenarioFile: C:\wamp64\www\hospital\mi-qa\tests\escenarios.yaml
    username: supervisor1
    password: supervisor123
    nombre_medicamento: dexametasona
    cliente_id: 10
    $uuid: 5b566c1b-9ee5-4bab-876a-d8cf993551ac
* GET /hospital/?route=login 

  ok statusCode 200 
* GET /hospital/?route=home 

  ok statusCode 200 
* POST /hospital/?route=auth&action=login 

  not ok statusCode 200 
  expected: 302
       got: 200
  Request params:
    http://localhost/hospital/?route=auth&action=login
    ""
  Headers:
  date: Wed, 06 May 2026 16:13:09 GMT
  server: Apache/2.4.65 (Win64) PHP/8.3.28 mod_fcgid/2.3.10-dev
  x-powered-by: PHP/8.3.28
  expires: Thu, 19 Nov 1981 08:52:00 GMT
  cache-control: no-store, no-cache, must-revalidate
  pragma: no-cache
  content-length: 1624
  keep-alive: timeout=5, max=97
  connection: Keep-Alive
  content-type: text/html; charset=UTF-8
  Body:
<!DOCTYPE html>
<html lang="es">
<head>
<meta charset="UTF-8">
<meta name="viewport" content="width=device-width,initial-scale=1.0">
<title>Iniciar Sesión — PharmaCRM</title>
<link rel="stylesheet" href="/hospital/public/css/styles.css">
<link rel="stylesheet" href="https://cdnjs.cloudflare.com/ajax/libs/font-awesome/6.5.1/css/all.min.css">
</head>
<body>
<div class="login-wrapper">
<div class="login-card">
<div class="logo">
<div style="font-size:48px;margin-bottom:12px"><i class="fas fa-prescription-bottl
  User variables:
    target: http://localhost/hospital
    $environment: undefined
    $testId: tyrwb_hf3cergm9paphrkje9z4gkrz7e9jf_7x9j
    $dirname: tests
    $scenarioFile: C:\wamp64\www\hospital\mi-qa\tests\escenarios.yaml
    username: username
    password: password
    nombre_medicamento: ibuprofeno
    cliente_id: 7
    $uuid: 672aa331-b1fa-4efb-93ae-68f6dc32ea58
* GET /hospital/?route=login 

  ok statusCode 200 
* GET /hospital/?route=home 

  ok statusCode 200 
* POST /hospital/?route=auth&action=login 

  not ok statusCode 200 
  expected: 302
       got: 200
  Request params:
    http://localhost/hospital/?route=auth&action=login
    ""
  Headers:
  date: Wed, 06 May 2026 16:13:09 GMT
  server: Apache/2.4.65 (Win64) PHP/8.3.28 mod_fcgid/2.3.10-dev
  x-powered-by: PHP/8.3.28
  expires: Thu, 19 Nov 1981 08:52:00 GMT
  cache-control: no-store, no-cache, must-revalidate
  pragma: no-cache
  content-length: 1624
  keep-alive: timeout=5, max=97
  connection: Keep-Alive
  content-type: text/html; charset=UTF-8
  Body:
<!DOCTYPE html>
<html lang="es">
<head>
<meta charset="UTF-8">
<meta name="viewport" content="width=device-width,initial-scale=1.0">
<title>Iniciar Sesión — PharmaCRM</title>
<link rel="stylesheet" href="/hospital/public/css/styles.css">
<link rel="stylesheet" href="https://cdnjs.cloudflare.com/ajax/libs/font-awesome/6.5.1/css/all.min.css">
</head>
<body>
<div class="login-wrapper">
<div class="login-card">
<div class="logo">
<div style="font-size:48px;margin-bottom:12px"><i class="fas fa-prescription-bottl
  User variables:
    target: http://localhost/hospital
    $environment: undefined
    $testId: tyrwb_hf3cergm9paphrkje9z4gkrz7e9jf_7x9j
    $dirname: tests
    $scenarioFile: C:\wamp64\www\hospital\mi-qa\tests\escenarios.yaml
    username: supervisor1
    password: supervisor123
    nombre_medicamento: losartan
    cliente_id: 1
    $uuid: de12c867-ccee-4be3-9382-67d5fb20d5af
* GET /hospital/?route=login 

  ok statusCode 200 
* GET /hospital/?route=home 

  ok statusCode 200 
* POST /hospital/?route=auth&action=login 

  not ok statusCode 200 
  expected: 302
       got: 200
  Request params:
    http://localhost/hospital/?route=auth&action=login
    ""
  Headers:
  date: Wed, 06 May 2026 16:13:09 GMT
  server: Apache/2.4.65 (Win64) PHP/8.3.28 mod_fcgid/2.3.10-dev
  x-powered-by: PHP/8.3.28
  expires: Thu, 19 Nov 1981 08:52:00 GMT
  cache-control: no-store, no-cache, must-revalidate
  pragma: no-cache
  content-length: 1624
  keep-alive: timeout=5, max=97
  connection: Keep-Alive
  content-type: text/html; charset=UTF-8
  Body:
<!DOCTYPE html>
<html lang="es">
<head>
<meta charset="UTF-8">
<meta name="viewport" content="width=device-width,initial-scale=1.0">
<title>Iniciar Sesión — PharmaCRM</title>
<link rel="stylesheet" href="/hospital/public/css/styles.css">
<link rel="stylesheet" href="https://cdnjs.cloudflare.com/ajax/libs/font-awesome/6.5.1/css/all.min.css">
</head>
<body>
<div class="login-wrapper">
<div class="login-card">
<div class="logo">
<div style="font-size:48px;margin-bottom:12px"><i class="fas fa-prescription-bottl
  User variables:
    target: http://localhost/hospital
    $environment: undefined
    $testId: tyrwb_hf3cergm9paphrkje9z4gkrz7e9jf_7x9j
    $dirname: tests
    $scenarioFile: C:\wamp64\www\hospital\mi-qa\tests\escenarios.yaml
    username: username
    password: password
    nombre_medicamento: salbutamol
    cliente_id: 5
    $uuid: fd648238-e1a7-4965-847d-a05629441d77
* GET /hospital/?route=login 

  ok statusCode 200 
* GET /hospital/?route=home 

  ok statusCode 200 
* GET /hospital/?route=home 

  ok statusCode 200 
* GET /hospital/?route=login 

  ok statusCode 200 
* POST /hospital/?route=auth&action=login 

  not ok statusCode 200 
  expected: 302
       got: 200
  Request params:
    http://localhost/hospital/?route=auth&action=login
    ""
  Headers:
  date: Wed, 06 May 2026 16:13:09 GMT
  server: Apache/2.4.65 (Win64) PHP/8.3.28 mod_fcgid/2.3.10-dev
  x-powered-by: PHP/8.3.28
  expires: Thu, 19 Nov 1981 08:52:00 GMT
  cache-control: no-store, no-cache, must-revalidate
  pragma: no-cache
  content-length: 1624
  keep-alive: timeout=5, max=97
  connection: Keep-Alive
  content-type: text/html; charset=UTF-8
  Body:
<!DOCTYPE html>
<html lang="es">
<head>
<meta charset="UTF-8">
<meta name="viewport" content="width=device-width,initial-scale=1.0">
<title>Iniciar Sesión — PharmaCRM</title>
<link rel="stylesheet" href="/hospital/public/css/styles.css">
<link rel="stylesheet" href="https://cdnjs.cloudflare.com/ajax/libs/font-awesome/6.5.1/css/all.min.css">
</head>
<body>
<div class="login-wrapper">
<div class="login-card">
<div class="logo">
<div style="font-size:48px;margin-bottom:12px"><i class="fas fa-prescription-bottl
  User variables:
    target: http://localhost/hospital
    $environment: undefined
    $testId: tyrwb_hf3cergm9paphrkje9z4gkrz7e9jf_7x9j
    $dirname: tests
    $scenarioFile: C:\wamp64\www\hospital\mi-qa\tests\escenarios.yaml
    username: tester
    password: tester123
    nombre_medicamento: enalapril
    cliente_id: 6
    $uuid: 517dae05-7bba-44b1-a94d-d55e37f13974
* POST /hospital/?route=auth&action=login 

  not ok statusCode 200 
  expected: 302
       got: 200
  Request params:
    http://localhost/hospital/?route=auth&action=login
    ""
  Headers:
  date: Wed, 06 May 2026 16:13:09 GMT
  server: Apache/2.4.65 (Win64) PHP/8.3.28 mod_fcgid/2.3.10-dev
  x-powered-by: PHP/8.3.28
  expires: Thu, 19 Nov 1981 08:52:00 GMT
  cache-control: no-store, no-cache, must-revalidate
  pragma: no-cache
  content-length: 1624
  keep-alive: timeout=5, max=97
  connection: Keep-Alive
  content-type: text/html; charset=UTF-8
  Body:
<!DOCTYPE html>
<html lang="es">
<head>
<meta charset="UTF-8">
<meta name="viewport" content="width=device-width,initial-scale=1.0">
<title>Iniciar Sesión — PharmaCRM</title>
<link rel="stylesheet" href="/hospital/public/css/styles.css">
<link rel="stylesheet" href="https://cdnjs.cloudflare.com/ajax/libs/font-awesome/6.5.1/css/all.min.css">
</head>
<body>
<div class="login-wrapper">
<div class="login-card">
<div class="logo">
<div style="font-size:48px;margin-bottom:12px"><i class="fas fa-prescription-bottl
  User variables:
    target: http://localhost/hospital
    $environment: undefined
    $testId: tyrwb_hf3cergm9paphrkje9z4gkrz7e9jf_7x9j
    $dirname: tests
    $scenarioFile: C:\wamp64\www\hospital\mi-qa\tests\escenarios.yaml
    username: admin
    password: admin
    nombre_medicamento: enalapril
    cliente_id: cliente_id
    $uuid: 7dec418b-21de-44ae-bfae-dbbd299a054f
* GET /hospital/?route=home 

  ok statusCode 200 
* GET /hospital/?route=login 

  ok statusCode 200 
* POST /hospital/?route=auth&action=login 

  not ok statusCode 200 
  expected: 302
       got: 200
  Request params:
    http://localhost/hospital/?route=auth&action=login
    ""
  Headers:
  date: Wed, 06 May 2026 16:13:09 GMT
  server: Apache/2.4.65 (Win64) PHP/8.3.28 mod_fcgid/2.3.10-dev
  x-powered-by: PHP/8.3.28
  expires: Thu, 19 Nov 1981 08:52:00 GMT
  cache-control: no-store, no-cache, must-revalidate
  pragma: no-cache
  content-length: 1624
  keep-alive: timeout=5, max=97
  connection: Keep-Alive
  content-type: text/html; charset=UTF-8
  Body:
<!DOCTYPE html>
<html lang="es">
<head>
<meta charset="UTF-8">
<meta name="viewport" content="width=device-width,initial-scale=1.0">
<title>Iniciar Sesión — PharmaCRM</title>
<link rel="stylesheet" href="/hospital/public/css/styles.css">
<link rel="stylesheet" href="https://cdnjs.cloudflare.com/ajax/libs/font-awesome/6.5.1/css/all.min.css">
</head>
<body>
<div class="login-wrapper">
<div class="login-card">
<div class="logo">
<div style="font-size:48px;margin-bottom:12px"><i class="fas fa-prescription-bottl
  User variables:
    target: http://localhost/hospital
    $environment: undefined
    $testId: tyrwb_hf3cergm9paphrkje9z4gkrz7e9jf_7x9j
    $dirname: tests
    $scenarioFile: C:\wamp64\www\hospital\mi-qa\tests\escenarios.yaml
    username: username
    password: password
    nombre_medicamento: losartan
    cliente_id: 7
    $uuid: 90d4851f-5364-4066-a4a4-22dc244ff764
* GET /hospital/?route=home 

  ok statusCode 200 
* GET /hospital/?route=login 

  ok statusCode 200 
* POST /hospital/?route=auth&action=login 

  not ok statusCode 200 
  expected: 302
       got: 200
  Request params:
    http://localhost/hospital/?route=auth&action=login
    ""
  Headers:
  date: Wed, 06 May 2026 16:13:09 GMT
  server: Apache/2.4.65 (Win64) PHP/8.3.28 mod_fcgid/2.3.10-dev
  x-powered-by: PHP/8.3.28
  expires: Thu, 19 Nov 1981 08:52:00 GMT
  cache-control: no-store, no-cache, must-revalidate
  pragma: no-cache
  content-length: 1624
  keep-alive: timeout=5, max=97
  connection: Keep-Alive
  content-type: text/html; charset=UTF-8
  Body:
<!DOCTYPE html>
<html lang="es">
<head>
<meta charset="UTF-8">
<meta name="viewport" content="width=device-width,initial-scale=1.0">
<title>Iniciar Sesión — PharmaCRM</title>
<link rel="stylesheet" href="/hospital/public/css/styles.css">
<link rel="stylesheet" href="https://cdnjs.cloudflare.com/ajax/libs/font-awesome/6.5.1/css/all.min.css">
</head>
<body>
<div class="login-wrapper">
<div class="login-card">
<div class="logo">
<div style="font-size:48px;margin-bottom:12px"><i class="fas fa-prescription-bottl
  User variables:
    target: http://localhost/hospital
    $environment: undefined
    $testId: tyrwb_hf3cergm9paphrkje9z4gkrz7e9jf_7x9j
    $dirname: tests
    $scenarioFile: C:\wamp64\www\hospital\mi-qa\tests\escenarios.yaml
    username: tester
    password: tester123
    nombre_medicamento: ibuprofeno
    cliente_id: 3
    $uuid: da6bd6c9-7aea-40a4-aebc-b15384bf21fd
* GET /hospital/?route=home 

  ok statusCode 200 
* GET /hospital/?route=login 

  ok statusCode 200 
* GET /hospital/?route=home 

  ok statusCode 200 
* GET /hospital/?route=login 

  ok statusCode 200 
* POST /hospital/?route=auth&action=login 

  not ok statusCode 200 
  expected: 302
       got: 200
  Request params:
    http://localhost/hospital/?route=auth&action=login
    ""
  Headers:
  date: Wed, 06 May 2026 16:13:09 GMT
  server: Apache/2.4.65 (Win64) PHP/8.3.28 mod_fcgid/2.3.10-dev
  x-powered-by: PHP/8.3.28
  expires: Thu, 19 Nov 1981 08:52:00 GMT
  cache-control: no-store, no-cache, must-revalidate
  pragma: no-cache
  content-length: 1624
  keep-alive: timeout=5, max=97
  connection: Keep-Alive
  content-type: text/html; charset=UTF-8
  Body:
<!DOCTYPE html>
<html lang="es">
<head>
<meta charset="UTF-8">
<meta name="viewport" content="width=device-width,initial-scale=1.0">
<title>Iniciar Sesión — PharmaCRM</title>
<link rel="stylesheet" href="/hospital/public/css/styles.css">
<link rel="stylesheet" href="https://cdnjs.cloudflare.com/ajax/libs/font-awesome/6.5.1/css/all.min.css">
</head>
<body>
<div class="login-wrapper">
<div class="login-card">
<div class="logo">
<div style="font-size:48px;margin-bottom:12px"><i class="fas fa-prescription-bottl
  User variables:
    target: http://localhost/hospital
    $environment: undefined
    $testId: tyrwb_hf3cergm9paphrkje9z4gkrz7e9jf_7x9j
    $dirname: tests
    $scenarioFile: C:\wamp64\www\hospital\mi-qa\tests\escenarios.yaml
    username: supervisor1
    password: supervisor123
    nombre_medicamento: omeprazol
    cliente_id: 10
    $uuid: c1592740-26e2-482d-906f-865fab860c08
* POST /hospital/?route=auth&action=login 

  not ok statusCode 200 
  expected: 302
       got: 200
  Request params:
    http://localhost/hospital/?route=auth&action=login
    ""
  Headers:
  date: Wed, 06 May 2026 16:13:09 GMT
  server: Apache/2.4.65 (Win64) PHP/8.3.28 mod_fcgid/2.3.10-dev
  x-powered-by: PHP/8.3.28
  expires: Thu, 19 Nov 1981 08:52:00 GMT
  cache-control: no-store, no-cache, must-revalidate
  pragma: no-cache
  content-length: 1624
  keep-alive: timeout=5, max=97
  connection: Keep-Alive
  content-type: text/html; charset=UTF-8
  Body:
<!DOCTYPE html>
<html lang="es">
<head>
<meta charset="UTF-8">
<meta name="viewport" content="width=device-width,initial-scale=1.0">
<title>Iniciar Sesión — PharmaCRM</title>
<link rel="stylesheet" href="/hospital/public/css/styles.css">
<link rel="stylesheet" href="https://cdnjs.cloudflare.com/ajax/libs/font-awesome/6.5.1/css/all.min.css">
</head>
<body>
<div class="login-wrapper">
<div class="login-card">
<div class="logo">
<div style="font-size:48px;margin-bottom:12px"><i class="fas fa-prescription-bottl
  User variables:
    target: http://localhost/hospital
    $environment: undefined
    $testId: tyrwb_hf3cergm9paphrkje9z4gkrz7e9jf_7x9j
    $dirname: tests
    $scenarioFile: C:\wamp64\www\hospital\mi-qa\tests\escenarios.yaml
    username: vendedor1
    password: vendedor123
    nombre_medicamento: nombre_medicamento
    cliente_id: 6
    $uuid: d88e2a32-13e0-4fe0-921a-db58d0745ac2
* GET /hospital/?route=login 

  ok statusCode 200 
* GET /hospital/?route=home 

* GET /hospital/?route=home 

  ok statusCode 200 
  ok statusCode 200 
* GET /hospital/?route=home 

* GET /hospital/?route=login 

  ok statusCode 200 
  ok statusCode 200 
* GET /hospital/?route=login 

  ok statusCode 200 
* POST /hospital/?route=auth&action=login 

  not ok statusCode 200 
  expected: 302
       got: 200
  Request params:
    http://localhost/hospital/?route=auth&action=login
    ""
  Headers:
  date: Wed, 06 May 2026 16:13:09 GMT
  server: Apache/2.4.65 (Win64) PHP/8.3.28 mod_fcgid/2.3.10-dev
  x-powered-by: PHP/8.3.28
  expires: Thu, 19 Nov 1981 08:52:00 GMT
  cache-control: no-store, no-cache, must-revalidate
  pragma: no-cache
  content-length: 1624
  keep-alive: timeout=5, max=97
  connection: Keep-Alive
  content-type: text/html; charset=UTF-8
  Body:
<!DOCTYPE html>
<html lang="es">
<head>
<meta charset="UTF-8">
<meta name="viewport" content="width=device-width,initial-scale=1.0">
<title>Iniciar Sesión — PharmaCRM</title>
<link rel="stylesheet" href="/hospital/public/css/styles.css">
<link rel="stylesheet" href="https://cdnjs.cloudflare.com/ajax/libs/font-awesome/6.5.1/css/all.min.css">
</head>
<body>
<div class="login-wrapper">
<div class="login-card">
<div class="logo">
<div style="font-size:48px;margin-bottom:12px"><i class="fas fa-prescription-bottl
  User variables:
    target: http://localhost/hospital
    $environment: undefined
    $testId: tyrwb_hf3cergm9paphrkje9z4gkrz7e9jf_7x9j
    $dirname: tests
    $scenarioFile: C:\wamp64\www\hospital\mi-qa\tests\escenarios.yaml
    username: supervisor1
    password: supervisor123
    nombre_medicamento: dexametasona
    cliente_id: 4
    $uuid: ba2563e9-65c3-4c36-9bf2-2171ed83a5ed
* POST /hospital/?route=auth&action=login 

* POST /hospital/?route=auth&action=login 

  not ok statusCode 200 
  expected: 302
       got: 200
  Request params:
    http://localhost/hospital/?route=auth&action=login
    ""
  Headers:
  date: Wed, 06 May 2026 16:13:09 GMT
  server: Apache/2.4.65 (Win64) PHP/8.3.28 mod_fcgid/2.3.10-dev
  x-powered-by: PHP/8.3.28
  expires: Thu, 19 Nov 1981 08:52:00 GMT
  cache-control: no-store, no-cache, must-revalidate
  pragma: no-cache
  content-length: 1624
  keep-alive: timeout=5, max=97
  connection: Keep-Alive
  content-type: text/html; charset=UTF-8
  Body:
<!DOCTYPE html>
<html lang="es">
<head>
<meta charset="UTF-8">
<meta name="viewport" content="width=device-width,initial-scale=1.0">
<title>Iniciar Sesión — PharmaCRM</title>
<link rel="stylesheet" href="/hospital/public/css/styles.css">
<link rel="stylesheet" href="https://cdnjs.cloudflare.com/ajax/libs/font-awesome/6.5.1/css/all.min.css">
</head>
<body>
<div class="login-wrapper">
<div class="login-card">
<div class="logo">
<div style="font-size:48px;margin-bottom:12px"><i class="fas fa-prescription-bottl
  User variables:
    target: http://localhost/hospital
    $environment: undefined
    $testId: tyrwb_hf3cergm9paphrkje9z4gkrz7e9jf_7x9j
    $dirname: tests
    $scenarioFile: C:\wamp64\www\hospital\mi-qa\tests\escenarios.yaml
    username: admin
    password: admin
    nombre_medicamento: dexametasona
    cliente_id: 2
    $uuid: ab67a85a-38a5-4c93-ae64-4c5f05fb4ada
  not ok statusCode 200 
  expected: 302
       got: 200
  Request params:
    http://localhost/hospital/?route=auth&action=login
    ""
  Headers:
  date: Wed, 06 May 2026 16:13:09 GMT
  server: Apache/2.4.65 (Win64) PHP/8.3.28 mod_fcgid/2.3.10-dev
  x-powered-by: PHP/8.3.28
  expires: Thu, 19 Nov 1981 08:52:00 GMT
  cache-control: no-store, no-cache, must-revalidate
  pragma: no-cache
  content-length: 1624
  keep-alive: timeout=5, max=97
  connection: Keep-Alive
  content-type: text/html; charset=UTF-8
  Body:
<!DOCTYPE html>
<html lang="es">
<head>
<meta charset="UTF-8">
<meta name="viewport" content="width=device-width,initial-scale=1.0">
<title>Iniciar Sesión — PharmaCRM</title>
<link rel="stylesheet" href="/hospital/public/css/styles.css">
<link rel="stylesheet" href="https://cdnjs.cloudflare.com/ajax/libs/font-awesome/6.5.1/css/all.min.css">
</head>
<body>
<div class="login-wrapper">
<div class="login-card">
<div class="logo">
<div style="font-size:48px;margin-bottom:12px"><i class="fas fa-prescription-bottl
  User variables:
    target: http://localhost/hospital
    $environment: undefined
    $testId: tyrwb_hf3cergm9paphrkje9z4gkrz7e9jf_7x9j
    $dirname: tests
    $scenarioFile: C:\wamp64\www\hospital\mi-qa\tests\escenarios.yaml
    username: admin
    password: admin
    nombre_medicamento: omeprazol
    cliente_id: 4
    $uuid: 3cd0610c-53ea-4d96-82e2-6f4627f104a4
* GET /hospital/?route=home 

  ok statusCode 200 
* GET /hospital/?route=login 

  ok statusCode 200 
* POST /hospital/?route=auth&action=login 

  not ok statusCode 200 
  expected: 302
       got: 200
  Request params:
    http://localhost/hospital/?route=auth&action=login
    ""
  Headers:
  date: Wed, 06 May 2026 16:13:09 GMT
  server: Apache/2.4.65 (Win64) PHP/8.3.28 mod_fcgid/2.3.10-dev
  x-powered-by: PHP/8.3.28
  expires: Thu, 19 Nov 1981 08:52:00 GMT
  cache-control: no-store, no-cache, must-revalidate
  pragma: no-cache
  content-length: 1624
  keep-alive: timeout=5, max=97
  connection: Keep-Alive
  content-type: text/html; charset=UTF-8
  Body:
<!DOCTYPE html>
<html lang="es">
<head>
<meta charset="UTF-8">
<meta name="viewport" content="width=device-width,initial-scale=1.0">
<title>Iniciar Sesión — PharmaCRM</title>
<link rel="stylesheet" href="/hospital/public/css/styles.css">
<link rel="stylesheet" href="https://cdnjs.cloudflare.com/ajax/libs/font-awesome/6.5.1/css/all.min.css">
</head>
<body>
<div class="login-wrapper">
<div class="login-card">
<div class="logo">
<div style="font-size:48px;margin-bottom:12px"><i class="fas fa-prescription-bottl
  User variables:
    target: http://localhost/hospital
    $environment: undefined
    $testId: tyrwb_hf3cergm9paphrkje9z4gkrz7e9jf_7x9j
    $dirname: tests
    $scenarioFile: C:\wamp64\www\hospital\mi-qa\tests\escenarios.yaml
    username: supervisor1
    password: supervisor123
    nombre_medicamento: loratadina
    cliente_id: 10
    $uuid: ee24dc38-9c5f-4728-9a09-33a6542f22e1
--------------------------------------
Metrics for period to: 11:12:50(-0500) (width: 9.91s)
--------------------------------------

errors.Failed capture or match: ................................................ 94
http.codes.200: ................................................................ 286
http.codes.302: ................................................................ 94
http.downloaded_bytes: ......................................................... 3348583
http.request_rate: ............................................................. 41/sec
http.requests: ................................................................. 379
http.response_time:
  min: ......................................................................... 1
  max: ......................................................................... 36
  mean: ........................................................................ 9.6
  median: ...................................................................... 4
  p95: ......................................................................... 29.1
  p99: ......................................................................... 32.8
http.response_time.2xx:
  min: ......................................................................... 1
  max: ......................................................................... 36
  mean: ........................................................................ 7.3
  median: ...................................................................... 3
  p95: ......................................................................... 27.9
  p99: ......................................................................... 32.8
http.response_time.3xx:
  min: ......................................................................... 4
  max: ......................................................................... 34
  mean: ........................................................................ 16.5
  median: ...................................................................... 16.9
  p95: ......................................................................... 30.3
  p99: ......................................................................... 32.8
http.responses: ................................................................ 380
plugins.expect.failed: ......................................................... 94
plugins.expect.failed.statusCode: .............................................. 94
plugins.expect.ok: ............................................................. 192
plugins.expect.ok.statusCode: .................................................. 192
vusers.created: ................................................................ 96
vusers.created_by_name.Jornada Completa PharmaCRM (5 Etapas Consecutivas): ..... 96
vusers.failed: ................................................................. 94


* GET /hospital/?route=login 

  ok statusCode 200 
* GET /hospital/?route=home 

  ok statusCode 200 
* POST /hospital/?route=auth&action=login 

  not ok statusCode 200 
  expected: 302
       got: 200
  Request params:
    http://localhost/hospital/?route=auth&action=login
    ""
  Headers:
  date: Wed, 06 May 2026 16:13:09 GMT
  server: Apache/2.4.65 (Win64) PHP/8.3.28 mod_fcgid/2.3.10-dev
  x-powered-by: PHP/8.3.28
  expires: Thu, 19 Nov 1981 08:52:00 GMT
  cache-control: no-store, no-cache, must-revalidate
  pragma: no-cache
  content-length: 1624
  keep-alive: timeout=5, max=97
  connection: Keep-Alive
  content-type: text/html; charset=UTF-8
  Body:
<!DOCTYPE html>
<html lang="es">
<head>
<meta charset="UTF-8">
<meta name="viewport" content="width=device-width,initial-scale=1.0">
<title>Iniciar Sesión — PharmaCRM</title>
<link rel="stylesheet" href="/hospital/public/css/styles.css">
<link rel="stylesheet" href="https://cdnjs.cloudflare.com/ajax/libs/font-awesome/6.5.1/css/all.min.css">
</head>
<body>
<div class="login-wrapper">
<div class="login-card">
<div class="logo">
<div style="font-size:48px;margin-bottom:12px"><i class="fas fa-prescription-bottl
  User variables:
    target: http://localhost/hospital
    $environment: undefined
    $testId: tyrwb_hf3cergm9paphrkje9z4gkrz7e9jf_7x9j
    $dirname: tests
    $scenarioFile: C:\wamp64\www\hospital\mi-qa\tests\escenarios.yaml
    username: username
    password: password
    nombre_medicamento: enalapril
    cliente_id: 5
    $uuid: d6217054-ba3b-4bb0-971a-3557cdcf9724
* GET /hospital/?route=home 

  ok statusCode 200 
* GET /hospital/?route=login 

  ok statusCode 200 
* POST /hospital/?route=auth&action=login 

  not ok statusCode 200 
  expected: 302
       got: 200
  Request params:
    http://localhost/hospital/?route=auth&action=login
    ""
  Headers:
  date: Wed, 06 May 2026 16:13:10 GMT
  server: Apache/2.4.65 (Win64) PHP/8.3.28 mod_fcgid/2.3.10-dev
  x-powered-by: PHP/8.3.28
  expires: Thu, 19 Nov 1981 08:52:00 GMT
  cache-control: no-store, no-cache, must-revalidate
  pragma: no-cache
  content-length: 1624
  keep-alive: timeout=5, max=97
  connection: Keep-Alive
  content-type: text/html; charset=UTF-8
  Body:
<!DOCTYPE html>
<html lang="es">
<head>
<meta charset="UTF-8">
<meta name="viewport" content="width=device-width,initial-scale=1.0">
<title>Iniciar Sesión — PharmaCRM</title>
<link rel="stylesheet" href="/hospital/public/css/styles.css">
<link rel="stylesheet" href="https://cdnjs.cloudflare.com/ajax/libs/font-awesome/6.5.1/css/all.min.css">
</head>
<body>
<div class="login-wrapper">
<div class="login-card">
<div class="logo">
<div style="font-size:48px;margin-bottom:12px"><i class="fas fa-prescription-bottl
  User variables:
    target: http://localhost/hospital
    $environment: undefined
    $testId: tyrwb_hf3cergm9paphrkje9z4gkrz7e9jf_7x9j
    $dirname: tests
    $scenarioFile: C:\wamp64\www\hospital\mi-qa\tests\escenarios.yaml
    username: admin
    password: admin
    nombre_medicamento: nombre_medicamento
    cliente_id: 7
    $uuid: f90477d4-227a-4744-ae7e-84d4e4ae4f57
* GET /hospital/?route=home 

  ok statusCode 200 
* GET /hospital/?route=login 

  ok statusCode 200 
* POST /hospital/?route=auth&action=login 

  not ok statusCode 200 
  expected: 302
       got: 200
  Request params:
    http://localhost/hospital/?route=auth&action=login
    ""
  Headers:
  date: Wed, 06 May 2026 16:13:10 GMT
  server: Apache/2.4.65 (Win64) PHP/8.3.28 mod_fcgid/2.3.10-dev
  x-powered-by: PHP/8.3.28
  expires: Thu, 19 Nov 1981 08:52:00 GMT
  cache-control: no-store, no-cache, must-revalidate
  pragma: no-cache
  content-length: 1624
  keep-alive: timeout=5, max=97
  connection: Keep-Alive
  content-type: text/html; charset=UTF-8
  Body:
<!DOCTYPE html>
<html lang="es">
<head>
<meta charset="UTF-8">
<meta name="viewport" content="width=device-width,initial-scale=1.0">
<title>Iniciar Sesión — PharmaCRM</title>
<link rel="stylesheet" href="/hospital/public/css/styles.css">
<link rel="stylesheet" href="https://cdnjs.cloudflare.com/ajax/libs/font-awesome/6.5.1/css/all.min.css">
</head>
<body>
<div class="login-wrapper">
<div class="login-card">
<div class="logo">
<div style="font-size:48px;margin-bottom:12px"><i class="fas fa-prescription-bottl
  User variables:
    target: http://localhost/hospital
    $environment: undefined
    $testId: tyrwb_hf3cergm9paphrkje9z4gkrz7e9jf_7x9j
    $dirname: tests
    $scenarioFile: C:\wamp64\www\hospital\mi-qa\tests\escenarios.yaml
    username: tester
    password: tester123
    nombre_medicamento: salbutamol
    cliente_id: 6
    $uuid: 18340176-0c7a-48dc-9686-c8fdbca6704e
* GET /hospital/?route=login 

  ok statusCode 200 
* GET /hospital/?route=home 

  ok statusCode 200 
* POST /hospital/?route=auth&action=login 

  not ok statusCode 200 
  expected: 302
       got: 200
  Request params:
    http://localhost/hospital/?route=auth&action=login
    ""
  Headers:
  date: Wed, 06 May 2026 16:13:10 GMT
  server: Apache/2.4.65 (Win64) PHP/8.3.28 mod_fcgid/2.3.10-dev
  x-powered-by: PHP/8.3.28
  expires: Thu, 19 Nov 1981 08:52:00 GMT
  cache-control: no-store, no-cache, must-revalidate
  pragma: no-cache
  content-length: 1624
  keep-alive: timeout=5, max=97
  connection: Keep-Alive
  content-type: text/html; charset=UTF-8
  Body:
<!DOCTYPE html>
<html lang="es">
<head>
<meta charset="UTF-8">
<meta name="viewport" content="width=device-width,initial-scale=1.0">
<title>Iniciar Sesión — PharmaCRM</title>
<link rel="stylesheet" href="/hospital/public/css/styles.css">
<link rel="stylesheet" href="https://cdnjs.cloudflare.com/ajax/libs/font-awesome/6.5.1/css/all.min.css">
</head>
<body>
<div class="login-wrapper">
<div class="login-card">
<div class="logo">
<div style="font-size:48px;margin-bottom:12px"><i class="fas fa-prescription-bottl
  User variables:
    target: http://localhost/hospital
    $environment: undefined
    $testId: tyrwb_hf3cergm9paphrkje9z4gkrz7e9jf_7x9j
    $dirname: tests
    $scenarioFile: C:\wamp64\www\hospital\mi-qa\tests\escenarios.yaml
    username: vendedor1
    password: vendedor123
    nombre_medicamento: salbutamol
    cliente_id: 6
    $uuid: 382e2998-bf90-48bd-ad69-106598771757
* GET /hospital/?route=home 

  ok statusCode 200 
* POST /hospital/?route=auth&action=login 

  not ok statusCode 200 
  expected: 302
       got: 200
  Request params:
    http://localhost/hospital/?route=auth&action=login
    ""
  Headers:
  date: Wed, 06 May 2026 16:13:10 GMT
  server: Apache/2.4.65 (Win64) PHP/8.3.28 mod_fcgid/2.3.10-dev
  x-powered-by: PHP/8.3.28
  expires: Thu, 19 Nov 1981 08:52:00 GMT
  cache-control: no-store, no-cache, must-revalidate
  pragma: no-cache
  content-length: 1624
  keep-alive: timeout=5, max=97
  connection: Keep-Alive
  content-type: text/html; charset=UTF-8
  Body:
<!DOCTYPE html>
<html lang="es">
<head>
<meta charset="UTF-8">
<meta name="viewport" content="width=device-width,initial-scale=1.0">
<title>Iniciar Sesión — PharmaCRM</title>
<link rel="stylesheet" href="/hospital/public/css/styles.css">
<link rel="stylesheet" href="https://cdnjs.cloudflare.com/ajax/libs/font-awesome/6.5.1/css/all.min.css">
</head>
<body>
<div class="login-wrapper">
<div class="login-card">
<div class="logo">
<div style="font-size:48px;margin-bottom:12px"><i class="fas fa-prescription-bottl
  User variables:
    target: http://localhost/hospital
    $environment: undefined
    $testId: tyrwb_hf3cergm9paphrkje9z4gkrz7e9jf_7x9j
    $dirname: tests
    $scenarioFile: C:\wamp64\www\hospital\mi-qa\tests\escenarios.yaml
    username: tester
    password: tester123
    nombre_medicamento: nombre_medicamento
    cliente_id: 10
    $uuid: e41a3e60-4ad3-4750-a008-c51c2932dd8f
* GET /hospital/?route=login 

  ok statusCode 200 
* GET /hospital/?route=home 

  ok statusCode 200 
* GET /hospital/?route=login 

  ok statusCode 200 
* POST /hospital/?route=auth&action=login 

* GET /hospital/?route=home 

  not ok statusCode 200 
  expected: 302
       got: 200
  Request params:
    http://localhost/hospital/?route=auth&action=login
    ""
  Headers:
  date: Wed, 06 May 2026 16:13:10 GMT
  server: Apache/2.4.65 (Win64) PHP/8.3.28 mod_fcgid/2.3.10-dev
  x-powered-by: PHP/8.3.28
  expires: Thu, 19 Nov 1981 08:52:00 GMT
  cache-control: no-store, no-cache, must-revalidate
  pragma: no-cache
  content-length: 1624
  keep-alive: timeout=5, max=97
  connection: Keep-Alive
  content-type: text/html; charset=UTF-8
  Body:
<!DOCTYPE html>
<html lang="es">
<head>
<meta charset="UTF-8">
<meta name="viewport" content="width=device-width,initial-scale=1.0">
<title>Iniciar Sesión — PharmaCRM</title>
<link rel="stylesheet" href="/hospital/public/css/styles.css">
<link rel="stylesheet" href="https://cdnjs.cloudflare.com/ajax/libs/font-awesome/6.5.1/css/all.min.css">
</head>
<body>
<div class="login-wrapper">
<div class="login-card">
<div class="logo">
<div style="font-size:48px;margin-bottom:12px"><i class="fas fa-prescription-bottl
  User variables:
    target: http://localhost/hospital
    $environment: undefined
    $testId: tyrwb_hf3cergm9paphrkje9z4gkrz7e9jf_7x9j
    $dirname: tests
    $scenarioFile: C:\wamp64\www\hospital\mi-qa\tests\escenarios.yaml
    username: vendedor1
    password: vendedor123
    nombre_medicamento: nombre_medicamento
    cliente_id: 2
    $uuid: 60a08b59-c0c8-4583-8a0e-1042aafae50e
  ok statusCode 200 
* GET /hospital/?route=login 

  ok statusCode 200 
* POST /hospital/?route=auth&action=login 

  not ok statusCode 200 
  expected: 302
       got: 200
  Request params:
    http://localhost/hospital/?route=auth&action=login
    ""
  Headers:
  date: Wed, 06 May 2026 16:13:10 GMT
  server: Apache/2.4.65 (Win64) PHP/8.3.28 mod_fcgid/2.3.10-dev
  x-powered-by: PHP/8.3.28
  expires: Thu, 19 Nov 1981 08:52:00 GMT
  cache-control: no-store, no-cache, must-revalidate
  pragma: no-cache
  content-length: 1624
  keep-alive: timeout=5, max=97
  connection: Keep-Alive
  content-type: text/html; charset=UTF-8
  Body:
<!DOCTYPE html>
<html lang="es">
<head>
<meta charset="UTF-8">
<meta name="viewport" content="width=device-width,initial-scale=1.0">
<title>Iniciar Sesión — PharmaCRM</title>
<link rel="stylesheet" href="/hospital/public/css/styles.css">
<link rel="stylesheet" href="https://cdnjs.cloudflare.com/ajax/libs/font-awesome/6.5.1/css/all.min.css">
</head>
<body>
<div class="login-wrapper">
<div class="login-card">
<div class="logo">
<div style="font-size:48px;margin-bottom:12px"><i class="fas fa-prescription-bottl
  User variables:
    target: http://localhost/hospital
    $environment: undefined
    $testId: tyrwb_hf3cergm9paphrkje9z4gkrz7e9jf_7x9j
    $dirname: tests
    $scenarioFile: C:\wamp64\www\hospital\mi-qa\tests\escenarios.yaml
    username: admin
    password: admin
    nombre_medicamento: nombre_medicamento
    cliente_id: 1
    $uuid: e77b1cbf-96cd-4f33-8476-ac2702d4a4dc
* GET /hospital/?route=home 

  ok statusCode 200 
* GET /hospital/?route=login 

  ok statusCode 200 
* GET /hospital/?route=home 

  ok statusCode 200 
* POST /hospital/?route=auth&action=login 

  not ok statusCode 200 
  expected: 302
       got: 200
  Request params:
    http://localhost/hospital/?route=auth&action=login
    ""
  Headers:
  date: Wed, 06 May 2026 16:13:10 GMT
  server: Apache/2.4.65 (Win64) PHP/8.3.28 mod_fcgid/2.3.10-dev
  x-powered-by: PHP/8.3.28
  expires: Thu, 19 Nov 1981 08:52:00 GMT
  cache-control: no-store, no-cache, must-revalidate
  pragma: no-cache
  content-length: 1624
  keep-alive: timeout=5, max=97
  connection: Keep-Alive
  content-type: text/html; charset=UTF-8
  Body:
<!DOCTYPE html>
<html lang="es">
<head>
<meta charset="UTF-8">
<meta name="viewport" content="width=device-width,initial-scale=1.0">
<title>Iniciar Sesión — PharmaCRM</title>
<link rel="stylesheet" href="/hospital/public/css/styles.css">
<link rel="stylesheet" href="https://cdnjs.cloudflare.com/ajax/libs/font-awesome/6.5.1/css/all.min.css">
</head>
<body>
<div class="login-wrapper">
<div class="login-card">
<div class="logo">
<div style="font-size:48px;margin-bottom:12px"><i class="fas fa-prescription-bottl
  User variables:
    target: http://localhost/hospital
    $environment: undefined
    $testId: tyrwb_hf3cergm9paphrkje9z4gkrz7e9jf_7x9j
    $dirname: tests
    $scenarioFile: C:\wamp64\www\hospital\mi-qa\tests\escenarios.yaml
    username: vendedor1
    password: vendedor123
    nombre_medicamento: enalapril
    cliente_id: 8
    $uuid: 75958735-b1c3-42f6-9c4c-1709e540c453
* GET /hospital/?route=login 

  ok statusCode 200 
* GET /hospital/?route=login 

  ok statusCode 200 
* POST /hospital/?route=auth&action=login 

  not ok statusCode 200 
  expected: 302
       got: 200
  Request params:
    http://localhost/hospital/?route=auth&action=login
    ""
  Headers:
  date: Wed, 06 May 2026 16:13:10 GMT
  server: Apache/2.4.65 (Win64) PHP/8.3.28 mod_fcgid/2.3.10-dev
  x-powered-by: PHP/8.3.28
  expires: Thu, 19 Nov 1981 08:52:00 GMT
  cache-control: no-store, no-cache, must-revalidate
  pragma: no-cache
  content-length: 1624
  keep-alive: timeout=5, max=97
  connection: Keep-Alive
  content-type: text/html; charset=UTF-8
  Body:
<!DOCTYPE html>
<html lang="es">
<head>
<meta charset="UTF-8">
<meta name="viewport" content="width=device-width,initial-scale=1.0">
<title>Iniciar Sesión — PharmaCRM</title>
<link rel="stylesheet" href="/hospital/public/css/styles.css">
<link rel="stylesheet" href="https://cdnjs.cloudflare.com/ajax/libs/font-awesome/6.5.1/css/all.min.css">
</head>
<body>
<div class="login-wrapper">
<div class="login-card">
<div class="logo">
<div style="font-size:48px;margin-bottom:12px"><i class="fas fa-prescription-bottl
  User variables:
    target: http://localhost/hospital
    $environment: undefined
    $testId: tyrwb_hf3cergm9paphrkje9z4gkrz7e9jf_7x9j
    $dirname: tests
    $scenarioFile: C:\wamp64\www\hospital\mi-qa\tests\escenarios.yaml
    username: supervisor1
    password: supervisor123
    nombre_medicamento: salbutamol
    cliente_id: 8
    $uuid: 935372f6-c053-4dcf-a85a-755f60136c37
* GET /hospital/?route=home 

  ok statusCode 200 
* POST /hospital/?route=auth&action=login 

  not ok statusCode 200 
  expected: 302
       got: 200
  Request params:
    http://localhost/hospital/?route=auth&action=login
    ""
  Headers:
  date: Wed, 06 May 2026 16:13:10 GMT
  server: Apache/2.4.65 (Win64) PHP/8.3.28 mod_fcgid/2.3.10-dev
  x-powered-by: PHP/8.3.28
  expires: Thu, 19 Nov 1981 08:52:00 GMT
  cache-control: no-store, no-cache, must-revalidate
  pragma: no-cache
  content-length: 1624
  keep-alive: timeout=5, max=97
  connection: Keep-Alive
  content-type: text/html; charset=UTF-8
  Body:
<!DOCTYPE html>
<html lang="es">
<head>
<meta charset="UTF-8">
<meta name="viewport" content="width=device-width,initial-scale=1.0">
<title>Iniciar Sesión — PharmaCRM</title>
<link rel="stylesheet" href="/hospital/public/css/styles.css">
<link rel="stylesheet" href="https://cdnjs.cloudflare.com/ajax/libs/font-awesome/6.5.1/css/all.min.css">
</head>
<body>
<div class="login-wrapper">
<div class="login-card">
<div class="logo">
<div style="font-size:48px;margin-bottom:12px"><i class="fas fa-prescription-bottl
  User variables:
    target: http://localhost/hospital
    $environment: undefined
    $testId: tyrwb_hf3cergm9paphrkje9z4gkrz7e9jf_7x9j
    $dirname: tests
    $scenarioFile: C:\wamp64\www\hospital\mi-qa\tests\escenarios.yaml
    username: vendedor1
    password: vendedor123
    nombre_medicamento: enalapril
    cliente_id: 7
    $uuid: 07ce6e1f-2a44-4073-ae50-74aca3478c2e
* GET /hospital/?route=home 

  ok statusCode 200 
* GET /hospital/?route=home 

* GET /hospital/?route=home 

  ok statusCode 200 
  ok statusCode 200 
* GET /hospital/?route=login 

  ok statusCode 200 
* GET /hospital/?route=login 

* GET /hospital/?route=login 

  ok statusCode 200 
  ok statusCode 200 
* POST /hospital/?route=auth&action=login 

  not ok statusCode 200 
  expected: 302
       got: 200
  Request params:
    http://localhost/hospital/?route=auth&action=login
    ""
  Headers:
  date: Wed, 06 May 2026 16:13:10 GMT
  server: Apache/2.4.65 (Win64) PHP/8.3.28 mod_fcgid/2.3.10-dev
  x-powered-by: PHP/8.3.28
  expires: Thu, 19 Nov 1981 08:52:00 GMT
  cache-control: no-store, no-cache, must-revalidate
  pragma: no-cache
  content-length: 1624
  keep-alive: timeout=5, max=97
  connection: Keep-Alive
  content-type: text/html; charset=UTF-8
  Body:
<!DOCTYPE html>
<html lang="es">
<head>
<meta charset="UTF-8">
<meta name="viewport" content="width=device-width,initial-scale=1.0">
<title>Iniciar Sesión — PharmaCRM</title>
<link rel="stylesheet" href="/hospital/public/css/styles.css">
<link rel="stylesheet" href="https://cdnjs.cloudflare.com/ajax/libs/font-awesome/6.5.1/css/all.min.css">
</head>
<body>
<div class="login-wrapper">
<div class="login-card">
<div class="logo">
<div style="font-size:48px;margin-bottom:12px"><i class="fas fa-prescription-bottl
  User variables:
    target: http://localhost/hospital
    $environment: undefined
    $testId: tyrwb_hf3cergm9paphrkje9z4gkrz7e9jf_7x9j
    $dirname: tests
    $scenarioFile: C:\wamp64\www\hospital\mi-qa\tests\escenarios.yaml
    username: tester
    password: tester123
    nombre_medicamento: amoxicilina
    cliente_id: 7
    $uuid: 50a2efbc-f13d-4af4-abda-d1ad59fe92f1
* POST /hospital/?route=auth&action=login 

* POST /hospital/?route=auth&action=login 

  not ok statusCode 200 
  expected: 302
       got: 200
  Request params:
    http://localhost/hospital/?route=auth&action=login
    ""
  Headers:
  date: Wed, 06 May 2026 16:13:10 GMT
  server: Apache/2.4.65 (Win64) PHP/8.3.28 mod_fcgid/2.3.10-dev
  x-powered-by: PHP/8.3.28
  expires: Thu, 19 Nov 1981 08:52:00 GMT
  cache-control: no-store, no-cache, must-revalidate
  pragma: no-cache
  content-length: 1624
  keep-alive: timeout=5, max=97
  connection: Keep-Alive
  content-type: text/html; charset=UTF-8
  Body:
<!DOCTYPE html>
<html lang="es">
<head>
<meta charset="UTF-8">
<meta name="viewport" content="width=device-width,initial-scale=1.0">
<title>Iniciar Sesión — PharmaCRM</title>
<link rel="stylesheet" href="/hospital/public/css/styles.css">
<link rel="stylesheet" href="https://cdnjs.cloudflare.com/ajax/libs/font-awesome/6.5.1/css/all.min.css">
</head>
<body>
<div class="login-wrapper">
<div class="login-card">
<div class="logo">
<div style="font-size:48px;margin-bottom:12px"><i class="fas fa-prescription-bottl
  User variables:
    target: http://localhost/hospital
    $environment: undefined
    $testId: tyrwb_hf3cergm9paphrkje9z4gkrz7e9jf_7x9j
    $dirname: tests
    $scenarioFile: C:\wamp64\www\hospital\mi-qa\tests\escenarios.yaml
    username: username
    password: password
    nombre_medicamento: nombre_medicamento
    cliente_id: 4
    $uuid: 132558e0-68b4-4ea3-b240-3ea0b31f2e65
  not ok statusCode 200 
  expected: 302
       got: 200
  Request params:
    http://localhost/hospital/?route=auth&action=login
    ""
  Headers:
  date: Wed, 06 May 2026 16:13:10 GMT
  server: Apache/2.4.65 (Win64) PHP/8.3.28 mod_fcgid/2.3.10-dev
  x-powered-by: PHP/8.3.28
  expires: Thu, 19 Nov 1981 08:52:00 GMT
  cache-control: no-store, no-cache, must-revalidate
  pragma: no-cache
  content-length: 1624
  keep-alive: timeout=5, max=97
  connection: Keep-Alive
  content-type: text/html; charset=UTF-8
  Body:
<!DOCTYPE html>
<html lang="es">
<head>
<meta charset="UTF-8">
<meta name="viewport" content="width=device-width,initial-scale=1.0">
<title>Iniciar Sesión — PharmaCRM</title>
<link rel="stylesheet" href="/hospital/public/css/styles.css">
<link rel="stylesheet" href="https://cdnjs.cloudflare.com/ajax/libs/font-awesome/6.5.1/css/all.min.css">
</head>
<body>
<div class="login-wrapper">
<div class="login-card">
<div class="logo">
<div style="font-size:48px;margin-bottom:12px"><i class="fas fa-prescription-bottl
  User variables:
    target: http://localhost/hospital
    $environment: undefined
    $testId: tyrwb_hf3cergm9paphrkje9z4gkrz7e9jf_7x9j
    $dirname: tests
    $scenarioFile: C:\wamp64\www\hospital\mi-qa\tests\escenarios.yaml
    username: supervisor1
    password: supervisor123
    nombre_medicamento: salbutamol
    cliente_id: 9
    $uuid: 43f374fd-197b-4903-836a-c328fae5fa85
* GET /hospital/?route=home 

  ok statusCode 200 
* GET /hospital/?route=login 

  ok statusCode 200 
* POST /hospital/?route=auth&action=login 

  not ok statusCode 200 
  expected: 302
       got: 200
  Request params:
    http://localhost/hospital/?route=auth&action=login
    ""
  Headers:
  date: Wed, 06 May 2026 16:13:10 GMT
  server: Apache/2.4.65 (Win64) PHP/8.3.28 mod_fcgid/2.3.10-dev
  x-powered-by: PHP/8.3.28
  expires: Thu, 19 Nov 1981 08:52:00 GMT
  cache-control: no-store, no-cache, must-revalidate
  pragma: no-cache
  content-length: 1624
  keep-alive: timeout=5, max=97
  connection: Keep-Alive
  content-type: text/html; charset=UTF-8
  Body:
<!DOCTYPE html>
<html lang="es">
<head>
<meta charset="UTF-8">
<meta name="viewport" content="width=device-width,initial-scale=1.0">
<title>Iniciar Sesión — PharmaCRM</title>
<link rel="stylesheet" href="/hospital/public/css/styles.css">
<link rel="stylesheet" href="https://cdnjs.cloudflare.com/ajax/libs/font-awesome/6.5.1/css/all.min.css">
</head>
<body>
<div class="login-wrapper">
<div class="login-card">
<div class="logo">
<div style="font-size:48px;margin-bottom:12px"><i class="fas fa-prescription-bottl
  User variables:
    target: http://localhost/hospital
    $environment: undefined
    $testId: tyrwb_hf3cergm9paphrkje9z4gkrz7e9jf_7x9j
    $dirname: tests
    $scenarioFile: C:\wamp64\www\hospital\mi-qa\tests\escenarios.yaml
    username: supervisor1
    password: supervisor123
    nombre_medicamento: omeprazol
    cliente_id: 7
    $uuid: 7a0c5039-b811-4ac0-bf91-c686937c5706
* GET /hospital/?route=home 

  ok statusCode 200 
* GET /hospital/?route=login 

  ok statusCode 200 
* POST /hospital/?route=auth&action=login 

  not ok statusCode 200 
  expected: 302
       got: 200
  Request params:
    http://localhost/hospital/?route=auth&action=login
    ""
  Headers:
  date: Wed, 06 May 2026 16:13:11 GMT
  server: Apache/2.4.65 (Win64) PHP/8.3.28 mod_fcgid/2.3.10-dev
  x-powered-by: PHP/8.3.28
  expires: Thu, 19 Nov 1981 08:52:00 GMT
  cache-control: no-store, no-cache, must-revalidate
  pragma: no-cache
  content-length: 1624
  keep-alive: timeout=5, max=97
  connection: Keep-Alive
  content-type: text/html; charset=UTF-8
  Body:
<!DOCTYPE html>
<html lang="es">
<head>
<meta charset="UTF-8">
<meta name="viewport" content="width=device-width,initial-scale=1.0">
<title>Iniciar Sesión — PharmaCRM</title>
<link rel="stylesheet" href="/hospital/public/css/styles.css">
<link rel="stylesheet" href="https://cdnjs.cloudflare.com/ajax/libs/font-awesome/6.5.1/css/all.min.css">
</head>
<body>
<div class="login-wrapper">
<div class="login-card">
<div class="logo">
<div style="font-size:48px;margin-bottom:12px"><i class="fas fa-prescription-bottl
  User variables:
    target: http://localhost/hospital
    $environment: undefined
    $testId: tyrwb_hf3cergm9paphrkje9z4gkrz7e9jf_7x9j
    $dirname: tests
    $scenarioFile: C:\wamp64\www\hospital\mi-qa\tests\escenarios.yaml
    username: admin
    password: admin
    nombre_medicamento: dexametasona
    cliente_id: 3
    $uuid: 956fd3d4-62a4-49f1-851e-09e72401611a
* GET /hospital/?route=login 

  ok statusCode 200 
* GET /hospital/?route=home 

  ok statusCode 200 
* POST /hospital/?route=auth&action=login 

  not ok statusCode 200 
  expected: 302
       got: 200
  Request params:
    http://localhost/hospital/?route=auth&action=login
    ""
  Headers:
  date: Wed, 06 May 2026 16:13:11 GMT
  server: Apache/2.4.65 (Win64) PHP/8.3.28 mod_fcgid/2.3.10-dev
  x-powered-by: PHP/8.3.28
  expires: Thu, 19 Nov 1981 08:52:00 GMT
  cache-control: no-store, no-cache, must-revalidate
  pragma: no-cache
  content-length: 1624
  keep-alive: timeout=5, max=97
  connection: Keep-Alive
  content-type: text/html; charset=UTF-8
  Body:
<!DOCTYPE html>
<html lang="es">
<head>
<meta charset="UTF-8">
<meta name="viewport" content="width=device-width,initial-scale=1.0">
<title>Iniciar Sesión — PharmaCRM</title>
<link rel="stylesheet" href="/hospital/public/css/styles.css">
<link rel="stylesheet" href="https://cdnjs.cloudflare.com/ajax/libs/font-awesome/6.5.1/css/all.min.css">
</head>
<body>
<div class="login-wrapper">
<div class="login-card">
<div class="logo">
<div style="font-size:48px;margin-bottom:12px"><i class="fas fa-prescription-bottl
  User variables:
    target: http://localhost/hospital
    $environment: undefined
    $testId: tyrwb_hf3cergm9paphrkje9z4gkrz7e9jf_7x9j
    $dirname: tests
    $scenarioFile: C:\wamp64\www\hospital\mi-qa\tests\escenarios.yaml
    username: vendedor1
    password: vendedor123
    nombre_medicamento: omeprazol
    cliente_id: 9
    $uuid: ada9171a-2c2c-4cb5-8185-61b93f31cb21
* GET /hospital/?route=home 

  ok statusCode 200 
* GET /hospital/?route=login 

  ok statusCode 200 
* GET /hospital/?route=home 

  ok statusCode 200 
* POST /hospital/?route=auth&action=login 

  not ok statusCode 200 
  expected: 302
       got: 200
  Request params:
    http://localhost/hospital/?route=auth&action=login
    ""
  Headers:
  date: Wed, 06 May 2026 16:13:11 GMT
  server: Apache/2.4.65 (Win64) PHP/8.3.28 mod_fcgid/2.3.10-dev
  x-powered-by: PHP/8.3.28
  expires: Thu, 19 Nov 1981 08:52:00 GMT
  cache-control: no-store, no-cache, must-revalidate
  pragma: no-cache
  content-length: 1624
  keep-alive: timeout=5, max=97
  connection: Keep-Alive
  content-type: text/html; charset=UTF-8
  Body:
<!DOCTYPE html>
<html lang="es">
<head>
<meta charset="UTF-8">
<meta name="viewport" content="width=device-width,initial-scale=1.0">
<title>Iniciar Sesión — PharmaCRM</title>
<link rel="stylesheet" href="/hospital/public/css/styles.css">
<link rel="stylesheet" href="https://cdnjs.cloudflare.com/ajax/libs/font-awesome/6.5.1/css/all.min.css">
</head>
<body>
<div class="login-wrapper">
<div class="login-card">
<div class="logo">
<div style="font-size:48px;margin-bottom:12px"><i class="fas fa-prescription-bottl
  User variables:
    target: http://localhost/hospital
    $environment: undefined
    $testId: tyrwb_hf3cergm9paphrkje9z4gkrz7e9jf_7x9j
    $dirname: tests
    $scenarioFile: C:\wamp64\www\hospital\mi-qa\tests\escenarios.yaml
    username: username
    password: password
    nombre_medicamento: losartan
    cliente_id: 8
    $uuid: 6702b10c-b808-4efa-ac46-616b606d8ebc
* GET /hospital/?route=login 

  ok statusCode 200 
* POST /hospital/?route=auth&action=login 

  not ok statusCode 200 
  expected: 302
       got: 200
  Request params:
    http://localhost/hospital/?route=auth&action=login
    ""
  Headers:
  date: Wed, 06 May 2026 16:13:11 GMT
  server: Apache/2.4.65 (Win64) PHP/8.3.28 mod_fcgid/2.3.10-dev
  x-powered-by: PHP/8.3.28
  expires: Thu, 19 Nov 1981 08:52:00 GMT
  cache-control: no-store, no-cache, must-revalidate
  pragma: no-cache
  content-length: 1624
  keep-alive: timeout=5, max=97
  connection: Keep-Alive
  content-type: text/html; charset=UTF-8
  Body:
<!DOCTYPE html>
<html lang="es">
<head>
<meta charset="UTF-8">
<meta name="viewport" content="width=device-width,initial-scale=1.0">
<title>Iniciar Sesión — PharmaCRM</title>
<link rel="stylesheet" href="/hospital/public/css/styles.css">
<link rel="stylesheet" href="https://cdnjs.cloudflare.com/ajax/libs/font-awesome/6.5.1/css/all.min.css">
</head>
<body>
<div class="login-wrapper">
<div class="login-card">
<div class="logo">
<div style="font-size:48px;margin-bottom:12px"><i class="fas fa-prescription-bottl
  User variables:
    target: http://localhost/hospital
    $environment: undefined
    $testId: tyrwb_hf3cergm9paphrkje9z4gkrz7e9jf_7x9j
    $dirname: tests
    $scenarioFile: C:\wamp64\www\hospital\mi-qa\tests\escenarios.yaml
    username: username
    password: password
    nombre_medicamento: amoxicilina
    cliente_id: 1
    $uuid: 1cfc0ffc-0b95-4584-a843-a76cec9e5095
* GET /hospital/?route=home 

  ok statusCode 200 
* GET /hospital/?route=login 

  ok statusCode 200 
* POST /hospital/?route=auth&action=login 

  not ok statusCode 200 
  expected: 302
       got: 200
  Request params:
    http://localhost/hospital/?route=auth&action=login
    ""
  Headers:
  date: Wed, 06 May 2026 16:13:11 GMT
  server: Apache/2.4.65 (Win64) PHP/8.3.28 mod_fcgid/2.3.10-dev
  x-powered-by: PHP/8.3.28
  expires: Thu, 19 Nov 1981 08:52:00 GMT
  cache-control: no-store, no-cache, must-revalidate
  pragma: no-cache
  content-length: 1624
  keep-alive: timeout=5, max=97
  connection: Keep-Alive
  content-type: text/html; charset=UTF-8
  Body:
<!DOCTYPE html>
<html lang="es">
<head>
<meta charset="UTF-8">
<meta name="viewport" content="width=device-width,initial-scale=1.0">
<title>Iniciar Sesión — PharmaCRM</title>
<link rel="stylesheet" href="/hospital/public/css/styles.css">
<link rel="stylesheet" href="https://cdnjs.cloudflare.com/ajax/libs/font-awesome/6.5.1/css/all.min.css">
</head>
<body>
<div class="login-wrapper">
<div class="login-card">
<div class="logo">
<div style="font-size:48px;margin-bottom:12px"><i class="fas fa-prescription-bottl
  User variables:
    target: http://localhost/hospital
    $environment: undefined
    $testId: tyrwb_hf3cergm9paphrkje9z4gkrz7e9jf_7x9j
    $dirname: tests
    $scenarioFile: C:\wamp64\www\hospital\mi-qa\tests\escenarios.yaml
    username: admin
    password: admin
    nombre_medicamento: metformina
    cliente_id: 7
    $uuid: 26a051a5-4219-4f98-ab67-2f7c92beea1b
* GET /hospital/?route=home 

  ok statusCode 200 
* GET /hospital/?route=login 

  ok statusCode 200 
* GET /hospital/?route=home 

  ok statusCode 200 
* POST /hospital/?route=auth&action=login 

  not ok statusCode 200 
  expected: 302
       got: 200
  Request params:
    http://localhost/hospital/?route=auth&action=login
    ""
  Headers:
  date: Wed, 06 May 2026 16:13:11 GMT
  server: Apache/2.4.65 (Win64) PHP/8.3.28 mod_fcgid/2.3.10-dev
  x-powered-by: PHP/8.3.28
  expires: Thu, 19 Nov 1981 08:52:00 GMT
  cache-control: no-store, no-cache, must-revalidate
  pragma: no-cache
  content-length: 1624
  keep-alive: timeout=5, max=97
  connection: Keep-Alive
  content-type: text/html; charset=UTF-8
  Body:
<!DOCTYPE html>
<html lang="es">
<head>
<meta charset="UTF-8">
<meta name="viewport" content="width=device-width,initial-scale=1.0">
<title>Iniciar Sesión — PharmaCRM</title>
<link rel="stylesheet" href="/hospital/public/css/styles.css">
<link rel="stylesheet" href="https://cdnjs.cloudflare.com/ajax/libs/font-awesome/6.5.1/css/all.min.css">
</head>
<body>
<div class="login-wrapper">
<div class="login-card">
<div class="logo">
<div style="font-size:48px;margin-bottom:12px"><i class="fas fa-prescription-bottl
  User variables:
    target: http://localhost/hospital
    $environment: undefined
    $testId: tyrwb_hf3cergm9paphrkje9z4gkrz7e9jf_7x9j
    $dirname: tests
    $scenarioFile: C:\wamp64\www\hospital\mi-qa\tests\escenarios.yaml
    username: tester
    password: tester123
    nombre_medicamento: omeprazol
    cliente_id: 4
    $uuid: 17218c28-217b-4128-9f11-33486e6bc693
* GET /hospital/?route=login 

  ok statusCode 200 
* POST /hospital/?route=auth&action=login 

  not ok statusCode 200 
  expected: 302
       got: 200
  Request params:
    http://localhost/hospital/?route=auth&action=login
    ""
  Headers:
  date: Wed, 06 May 2026 16:13:11 GMT
  server: Apache/2.4.65 (Win64) PHP/8.3.28 mod_fcgid/2.3.10-dev
  x-powered-by: PHP/8.3.28
  expires: Thu, 19 Nov 1981 08:52:00 GMT
  cache-control: no-store, no-cache, must-revalidate
  pragma: no-cache
  content-length: 1624
  keep-alive: timeout=5, max=97
  connection: Keep-Alive
  content-type: text/html; charset=UTF-8
  Body:
<!DOCTYPE html>
<html lang="es">
<head>
<meta charset="UTF-8">
<meta name="viewport" content="width=device-width,initial-scale=1.0">
<title>Iniciar Sesión — PharmaCRM</title>
<link rel="stylesheet" href="/hospital/public/css/styles.css">
<link rel="stylesheet" href="https://cdnjs.cloudflare.com/ajax/libs/font-awesome/6.5.1/css/all.min.css">
</head>
<body>
<div class="login-wrapper">
<div class="login-card">
<div class="logo">
<div style="font-size:48px;margin-bottom:12px"><i class="fas fa-prescription-bottl
  User variables:
    target: http://localhost/hospital
    $environment: undefined
    $testId: tyrwb_hf3cergm9paphrkje9z4gkrz7e9jf_7x9j
    $dirname: tests
    $scenarioFile: C:\wamp64\www\hospital\mi-qa\tests\escenarios.yaml
    username: supervisor1
    password: supervisor123
    nombre_medicamento: nombre_medicamento
    cliente_id: 10
    $uuid: 90039bf4-8a53-40a3-b930-74a3104ed5be
* GET /hospital/?route=login 

  ok statusCode 200 
* GET /hospital/?route=home 

  ok statusCode 200 
* POST /hospital/?route=auth&action=login 

  not ok statusCode 200 
  expected: 302
       got: 200
  Request params:
    http://localhost/hospital/?route=auth&action=login
    ""
  Headers:
  date: Wed, 06 May 2026 16:13:11 GMT
  server: Apache/2.4.65 (Win64) PHP/8.3.28 mod_fcgid/2.3.10-dev
  x-powered-by: PHP/8.3.28
  expires: Thu, 19 Nov 1981 08:52:00 GMT
  cache-control: no-store, no-cache, must-revalidate
  pragma: no-cache
  content-length: 1624
  keep-alive: timeout=5, max=97
  connection: Keep-Alive
  content-type: text/html; charset=UTF-8
  Body:
<!DOCTYPE html>
<html lang="es">
<head>
<meta charset="UTF-8">
<meta name="viewport" content="width=device-width,initial-scale=1.0">
<title>Iniciar Sesión — PharmaCRM</title>
<link rel="stylesheet" href="/hospital/public/css/styles.css">
<link rel="stylesheet" href="https://cdnjs.cloudflare.com/ajax/libs/font-awesome/6.5.1/css/all.min.css">
</head>
<body>
<div class="login-wrapper">
<div class="login-card">
<div class="logo">
<div style="font-size:48px;margin-bottom:12px"><i class="fas fa-prescription-bottl
  User variables:
    target: http://localhost/hospital
    $environment: undefined
    $testId: tyrwb_hf3cergm9paphrkje9z4gkrz7e9jf_7x9j
    $dirname: tests
    $scenarioFile: C:\wamp64\www\hospital\mi-qa\tests\escenarios.yaml
    username: admin
    password: admin
    nombre_medicamento: salbutamol
    cliente_id: 1
    $uuid: ba55ebb3-7058-40f9-bf86-7167d8ad6184
* GET /hospital/?route=login 

  ok statusCode 200 
* POST /hospital/?route=auth&action=login 

  not ok statusCode 200 
  expected: 302
       got: 200
  Request params:
    http://localhost/hospital/?route=auth&action=login
    ""
  Headers:
  date: Wed, 06 May 2026 16:13:11 GMT
  server: Apache/2.4.65 (Win64) PHP/8.3.28 mod_fcgid/2.3.10-dev
  x-powered-by: PHP/8.3.28
  expires: Thu, 19 Nov 1981 08:52:00 GMT
  cache-control: no-store, no-cache, must-revalidate
  pragma: no-cache
  content-length: 1624
  keep-alive: timeout=5, max=97
  connection: Keep-Alive
  content-type: text/html; charset=UTF-8
  Body:
<!DOCTYPE html>
<html lang="es">
<head>
<meta charset="UTF-8">
<meta name="viewport" content="width=device-width,initial-scale=1.0">
<title>Iniciar Sesión — PharmaCRM</title>
<link rel="stylesheet" href="/hospital/public/css/styles.css">
<link rel="stylesheet" href="https://cdnjs.cloudflare.com/ajax/libs/font-awesome/6.5.1/css/all.min.css">
</head>
<body>
<div class="login-wrapper">
<div class="login-card">
<div class="logo">
<div style="font-size:48px;margin-bottom:12px"><i class="fas fa-prescription-bottl
  User variables:
    target: http://localhost/hospital
    $environment: undefined
    $testId: tyrwb_hf3cergm9paphrkje9z4gkrz7e9jf_7x9j
    $dirname: tests
    $scenarioFile: C:\wamp64\www\hospital\mi-qa\tests\escenarios.yaml
    username: tester
    password: tester123
    nombre_medicamento: salbutamol
    cliente_id: 1
    $uuid: 154e14e4-e544-427b-b510-ed379a7cd24b
* GET /hospital/?route=home 

  ok statusCode 200 
* GET /hospital/?route=login 

  ok statusCode 200 
* GET /hospital/?route=home 

  ok statusCode 200 
* POST /hospital/?route=auth&action=login 

  not ok statusCode 200 
  expected: 302
       got: 200
  Request params:
    http://localhost/hospital/?route=auth&action=login
    ""
  Headers:
  date: Wed, 06 May 2026 16:13:11 GMT
  server: Apache/2.4.65 (Win64) PHP/8.3.28 mod_fcgid/2.3.10-dev
  x-powered-by: PHP/8.3.28
  expires: Thu, 19 Nov 1981 08:52:00 GMT
  cache-control: no-store, no-cache, must-revalidate
  pragma: no-cache
  content-length: 1624
  keep-alive: timeout=5, max=97
  connection: Keep-Alive
  content-type: text/html; charset=UTF-8
  Body:
<!DOCTYPE html>
<html lang="es">
<head>
<meta charset="UTF-8">
<meta name="viewport" content="width=device-width,initial-scale=1.0">
<title>Iniciar Sesión — PharmaCRM</title>
<link rel="stylesheet" href="/hospital/public/css/styles.css">
<link rel="stylesheet" href="https://cdnjs.cloudflare.com/ajax/libs/font-awesome/6.5.1/css/all.min.css">
</head>
<body>
<div class="login-wrapper">
<div class="login-card">
<div class="logo">
<div style="font-size:48px;margin-bottom:12px"><i class="fas fa-prescription-bottl
  User variables:
    target: http://localhost/hospital
    $environment: undefined
    $testId: tyrwb_hf3cergm9paphrkje9z4gkrz7e9jf_7x9j
    $dirname: tests
    $scenarioFile: C:\wamp64\www\hospital\mi-qa\tests\escenarios.yaml
    username: username
    password: password
    nombre_medicamento: salbutamol
    cliente_id: 7
    $uuid: 604b36b5-e4cd-45b3-8b9a-2589ff81bafe
* GET /hospital/?route=login 

  ok statusCode 200 
* GET /hospital/?route=home 

* GET /hospital/?route=login 

  ok statusCode 200 
  ok statusCode 200 
* GET /hospital/?route=home 

* GET /hospital/?route=login 

  ok statusCode 200 
  ok statusCode 200 
* POST /hospital/?route=auth&action=login 

  not ok statusCode 200 
  expected: 302
       got: 200
  Request params:
    http://localhost/hospital/?route=auth&action=login
    ""
  Headers:
  date: Wed, 06 May 2026 16:13:11 GMT
  server: Apache/2.4.65 (Win64) PHP/8.3.28 mod_fcgid/2.3.10-dev
  x-powered-by: PHP/8.3.28
  expires: Thu, 19 Nov 1981 08:52:00 GMT
  cache-control: no-store, no-cache, must-revalidate
  pragma: no-cache
  content-length: 1624
  keep-alive: timeout=5, max=97
  connection: Keep-Alive
  content-type: text/html; charset=UTF-8
  Body:
<!DOCTYPE html>
<html lang="es">
<head>
<meta charset="UTF-8">
<meta name="viewport" content="width=device-width,initial-scale=1.0">
<title>Iniciar Sesión — PharmaCRM</title>
<link rel="stylesheet" href="/hospital/public/css/styles.css">
<link rel="stylesheet" href="https://cdnjs.cloudflare.com/ajax/libs/font-awesome/6.5.1/css/all.min.css">
</head>
<body>
<div class="login-wrapper">
<div class="login-card">
<div class="logo">
<div style="font-size:48px;margin-bottom:12px"><i class="fas fa-prescription-bottl
  User variables:
    target: http://localhost/hospital
    $environment: undefined
    $testId: tyrwb_hf3cergm9paphrkje9z4gkrz7e9jf_7x9j
    $dirname: tests
    $scenarioFile: C:\wamp64\www\hospital\mi-qa\tests\escenarios.yaml
    username: admin
    password: admin
    nombre_medicamento: enalapril
    cliente_id: 10
    $uuid: a2c1240d-7f77-4e71-a792-8e71f06e08b4
* GET /hospital/?route=home 

  ok statusCode 200 
* POST /hospital/?route=auth&action=login 

* POST /hospital/?route=auth&action=login 

  not ok statusCode 200 
  expected: 302
       got: 200
  Request params:
    http://localhost/hospital/?route=auth&action=login
    ""
  Headers:
  date: Wed, 06 May 2026 16:13:11 GMT
  server: Apache/2.4.65 (Win64) PHP/8.3.28 mod_fcgid/2.3.10-dev
  x-powered-by: PHP/8.3.28
  expires: Thu, 19 Nov 1981 08:52:00 GMT
  cache-control: no-store, no-cache, must-revalidate
  pragma: no-cache
  content-length: 1624
  keep-alive: timeout=5, max=97
  connection: Keep-Alive
  content-type: text/html; charset=UTF-8
  Body:
<!DOCTYPE html>
<html lang="es">
<head>
<meta charset="UTF-8">
<meta name="viewport" content="width=device-width,initial-scale=1.0">
<title>Iniciar Sesión — PharmaCRM</title>
<link rel="stylesheet" href="/hospital/public/css/styles.css">
<link rel="stylesheet" href="https://cdnjs.cloudflare.com/ajax/libs/font-awesome/6.5.1/css/all.min.css">
</head>
<body>
<div class="login-wrapper">
<div class="login-card">
<div class="logo">
<div style="font-size:48px;margin-bottom:12px"><i class="fas fa-prescription-bottl
  User variables:
    target: http://localhost/hospital
    $environment: undefined
    $testId: tyrwb_hf3cergm9paphrkje9z4gkrz7e9jf_7x9j
    $dirname: tests
    $scenarioFile: C:\wamp64\www\hospital\mi-qa\tests\escenarios.yaml
    username: vendedor1
    password: vendedor123
    nombre_medicamento: dexametasona
    cliente_id: 1
    $uuid: feef0890-33fc-4741-81b9-b552d62bb182
  not ok statusCode 200 
  expected: 302
       got: 200
  Request params:
    http://localhost/hospital/?route=auth&action=login
    ""
  Headers:
  date: Wed, 06 May 2026 16:13:11 GMT
  server: Apache/2.4.65 (Win64) PHP/8.3.28 mod_fcgid/2.3.10-dev
  x-powered-by: PHP/8.3.28
  expires: Thu, 19 Nov 1981 08:52:00 GMT
  cache-control: no-store, no-cache, must-revalidate
  pragma: no-cache
  content-length: 1624
  keep-alive: timeout=5, max=97
  connection: Keep-Alive
  content-type: text/html; charset=UTF-8
  Body:
<!DOCTYPE html>
<html lang="es">
<head>
<meta charset="UTF-8">
<meta name="viewport" content="width=device-width,initial-scale=1.0">
<title>Iniciar Sesión — PharmaCRM</title>
<link rel="stylesheet" href="/hospital/public/css/styles.css">
<link rel="stylesheet" href="https://cdnjs.cloudflare.com/ajax/libs/font-awesome/6.5.1/css/all.min.css">
</head>
<body>
<div class="login-wrapper">
<div class="login-card">
<div class="logo">
<div style="font-size:48px;margin-bottom:12px"><i class="fas fa-prescription-bottl
  User variables:
    target: http://localhost/hospital
    $environment: undefined
    $testId: tyrwb_hf3cergm9paphrkje9z4gkrz7e9jf_7x9j
    $dirname: tests
    $scenarioFile: C:\wamp64\www\hospital\mi-qa\tests\escenarios.yaml
    username: admin
    password: admin
    nombre_medicamento: nombre_medicamento
    cliente_id: 9
    $uuid: b9950f82-21c8-4ed7-a4e9-a8618162c3f1
* GET /hospital/?route=login 

  ok statusCode 200 
* GET /hospital/?route=home 

  ok statusCode 200 
* POST /hospital/?route=auth&action=login 

  not ok statusCode 200 
  expected: 302
       got: 200
  Request params:
    http://localhost/hospital/?route=auth&action=login
    ""
  Headers:
  date: Wed, 06 May 2026 16:13:11 GMT
  server: Apache/2.4.65 (Win64) PHP/8.3.28 mod_fcgid/2.3.10-dev
  x-powered-by: PHP/8.3.28
  expires: Thu, 19 Nov 1981 08:52:00 GMT
  cache-control: no-store, no-cache, must-revalidate
  pragma: no-cache
  content-length: 1624
  keep-alive: timeout=5, max=97
  connection: Keep-Alive
  content-type: text/html; charset=UTF-8
  Body:
<!DOCTYPE html>
<html lang="es">
<head>
<meta charset="UTF-8">
<meta name="viewport" content="width=device-width,initial-scale=1.0">
<title>Iniciar Sesión — PharmaCRM</title>
<link rel="stylesheet" href="/hospital/public/css/styles.css">
<link rel="stylesheet" href="https://cdnjs.cloudflare.com/ajax/libs/font-awesome/6.5.1/css/all.min.css">
</head>
<body>
<div class="login-wrapper">
<div class="login-card">
<div class="logo">
<div style="font-size:48px;margin-bottom:12px"><i class="fas fa-prescription-bottl
  User variables:
    target: http://localhost/hospital
    $environment: undefined
    $testId: tyrwb_hf3cergm9paphrkje9z4gkrz7e9jf_7x9j
    $dirname: tests
    $scenarioFile: C:\wamp64\www\hospital\mi-qa\tests\escenarios.yaml
    username: username
    password: password
    nombre_medicamento: loratadina
    cliente_id: cliente_id
    $uuid: f85ffe77-a5b8-4b15-be86-4edae20a7013
--------------------------------------
Metrics for period to: 11:13:00(-0500) (width: 9.965s)
--------------------------------------

errors.Failed capture or match: ................................................ 112
http.codes.200: ................................................................ 343
http.codes.302: ................................................................ 113
http.downloaded_bytes: ......................................................... 4005934
http.request_rate: ............................................................. 47/sec
http.requests: ................................................................. 456
http.response_time:
  min: ......................................................................... 1
  max: ......................................................................... 38
  mean: ........................................................................ 7.4
  median: ...................................................................... 5
  p95: ......................................................................... 23.8
  p99: ......................................................................... 30.9
http.response_time.2xx:
  min: ......................................................................... 1
  max: ......................................................................... 38
  mean: ........................................................................ 5.8
  median: ...................................................................... 3
  p95: ......................................................................... 21.1
  p99: ......................................................................... 30.9
http.response_time.3xx:
  min: ......................................................................... 4
  max: ......................................................................... 30
  mean: ........................................................................ 12
  median: ...................................................................... 7
  p95: ......................................................................... 24.8
  p99: ......................................................................... 29.1
http.responses: ................................................................ 456
plugins.expect.failed: ......................................................... 112
plugins.expect.failed.statusCode: .............................................. 112
plugins.expect.ok: ............................................................. 231
plugins.expect.ok.statusCode: .................................................. 231
vusers.created: ................................................................ 116
vusers.created_by_name.Jornada Completa PharmaCRM (5 Etapas Consecutivas): ..... 116
vusers.failed: ................................................................. 112


* GET /hospital/?route=home 

  ok statusCode 200 
* GET /hospital/?route=login 

  ok statusCode 200 
* POST /hospital/?route=auth&action=login 

  not ok statusCode 200 
  expected: 302
       got: 200
  Request params:
    http://localhost/hospital/?route=auth&action=login
    ""
  Headers:
  date: Wed, 06 May 2026 16:13:12 GMT
  server: Apache/2.4.65 (Win64) PHP/8.3.28 mod_fcgid/2.3.10-dev
  x-powered-by: PHP/8.3.28
  expires: Thu, 19 Nov 1981 08:52:00 GMT
  cache-control: no-store, no-cache, must-revalidate
  pragma: no-cache
  content-length: 1624
  keep-alive: timeout=5, max=97
  connection: Keep-Alive
  content-type: text/html; charset=UTF-8
  Body:
<!DOCTYPE html>
<html lang="es">
<head>
<meta charset="UTF-8">
<meta name="viewport" content="width=device-width,initial-scale=1.0">
<title>Iniciar Sesión — PharmaCRM</title>
<link rel="stylesheet" href="/hospital/public/css/styles.css">
<link rel="stylesheet" href="https://cdnjs.cloudflare.com/ajax/libs/font-awesome/6.5.1/css/all.min.css">
</head>
<body>
<div class="login-wrapper">
<div class="login-card">
<div class="logo">
<div style="font-size:48px;margin-bottom:12px"><i class="fas fa-prescription-bottl
  User variables:
    target: http://localhost/hospital
    $environment: undefined
    $testId: tyrwb_hf3cergm9paphrkje9z4gkrz7e9jf_7x9j
    $dirname: tests
    $scenarioFile: C:\wamp64\www\hospital\mi-qa\tests\escenarios.yaml
    username: tester
    password: tester123
    nombre_medicamento: salbutamol
    cliente_id: 4
    $uuid: 1416c6b3-eea2-431d-9803-786acb26a58c
* GET /hospital/?route=login 

  ok statusCode 200 
* POST /hospital/?route=auth&action=login 

  not ok statusCode 200 
  expected: 302
       got: 200
  Request params:
    http://localhost/hospital/?route=auth&action=login
    ""
  Headers:
  date: Wed, 06 May 2026 16:13:12 GMT
  server: Apache/2.4.65 (Win64) PHP/8.3.28 mod_fcgid/2.3.10-dev
  x-powered-by: PHP/8.3.28
  expires: Thu, 19 Nov 1981 08:52:00 GMT
  cache-control: no-store, no-cache, must-revalidate
  pragma: no-cache
  content-length: 1624
  keep-alive: timeout=5, max=97
  connection: Keep-Alive
  content-type: text/html; charset=UTF-8
  Body:
<!DOCTYPE html>
<html lang="es">
<head>
<meta charset="UTF-8">
<meta name="viewport" content="width=device-width,initial-scale=1.0">
<title>Iniciar Sesión — PharmaCRM</title>
<link rel="stylesheet" href="/hospital/public/css/styles.css">
<link rel="stylesheet" href="https://cdnjs.cloudflare.com/ajax/libs/font-awesome/6.5.1/css/all.min.css">
</head>
<body>
<div class="login-wrapper">
<div class="login-card">
<div class="logo">
<div style="font-size:48px;margin-bottom:12px"><i class="fas fa-prescription-bottl
  User variables:
    target: http://localhost/hospital
    $environment: undefined
    $testId: tyrwb_hf3cergm9paphrkje9z4gkrz7e9jf_7x9j
    $dirname: tests
    $scenarioFile: C:\wamp64\www\hospital\mi-qa\tests\escenarios.yaml
    username: vendedor1
    password: vendedor123
    nombre_medicamento: acetaminofen
    cliente_id: 10
    $uuid: e2b4e8d4-af37-43ef-8a7f-79f441ecd4cc
* GET /hospital/?route=home 

  ok statusCode 200 
* GET /hospital/?route=login 

  ok statusCode 200 
* GET /hospital/?route=home 

  ok statusCode 200 
* GET /hospital/?route=login 

  ok statusCode 200 
* POST /hospital/?route=auth&action=login 

  not ok statusCode 200 
  expected: 302
       got: 200
  Request params:
    http://localhost/hospital/?route=auth&action=login
    ""
  Headers:
  date: Wed, 06 May 2026 16:13:12 GMT
  server: Apache/2.4.65 (Win64) PHP/8.3.28 mod_fcgid/2.3.10-dev
  x-powered-by: PHP/8.3.28
  expires: Thu, 19 Nov 1981 08:52:00 GMT
  cache-control: no-store, no-cache, must-revalidate
  pragma: no-cache
  content-length: 1624
  keep-alive: timeout=5, max=97
  connection: Keep-Alive
  content-type: text/html; charset=UTF-8
  Body:
<!DOCTYPE html>
<html lang="es">
<head>
<meta charset="UTF-8">
<meta name="viewport" content="width=device-width,initial-scale=1.0">
<title>Iniciar Sesión — PharmaCRM</title>
<link rel="stylesheet" href="/hospital/public/css/styles.css">
<link rel="stylesheet" href="https://cdnjs.cloudflare.com/ajax/libs/font-awesome/6.5.1/css/all.min.css">
</head>
<body>
<div class="login-wrapper">
<div class="login-card">
<div class="logo">
<div style="font-size:48px;margin-bottom:12px"><i class="fas fa-prescription-bottl
  User variables:
    target: http://localhost/hospital
    $environment: undefined
    $testId: tyrwb_hf3cergm9paphrkje9z4gkrz7e9jf_7x9j
    $dirname: tests
    $scenarioFile: C:\wamp64\www\hospital\mi-qa\tests\escenarios.yaml
    username: tester
    password: tester123
    nombre_medicamento: omeprazol
    cliente_id: 7
    $uuid: fdbc0e4a-29cb-44ff-9ef2-abee007386e2
* GET /hospital/?route=home 

  ok statusCode 200 
* POST /hospital/?route=auth&action=login 

  not ok statusCode 200 
  expected: 302
       got: 200
  Request params:
    http://localhost/hospital/?route=auth&action=login
    ""
  Headers:
  date: Wed, 06 May 2026 16:13:12 GMT
  server: Apache/2.4.65 (Win64) PHP/8.3.28 mod_fcgid/2.3.10-dev
  x-powered-by: PHP/8.3.28
  expires: Thu, 19 Nov 1981 08:52:00 GMT
  cache-control: no-store, no-cache, must-revalidate
  pragma: no-cache
  content-length: 1624
  keep-alive: timeout=5, max=97
  connection: Keep-Alive
  content-type: text/html; charset=UTF-8
  Body:
<!DOCTYPE html>
<html lang="es">
<head>
<meta charset="UTF-8">
<meta name="viewport" content="width=device-width,initial-scale=1.0">
<title>Iniciar Sesión — PharmaCRM</title>
<link rel="stylesheet" href="/hospital/public/css/styles.css">
<link rel="stylesheet" href="https://cdnjs.cloudflare.com/ajax/libs/font-awesome/6.5.1/css/all.min.css">
</head>
<body>
<div class="login-wrapper">
<div class="login-card">
<div class="logo">
<div style="font-size:48px;margin-bottom:12px"><i class="fas fa-prescription-bottl
  User variables:
    target: http://localhost/hospital
    $environment: undefined
    $testId: tyrwb_hf3cergm9paphrkje9z4gkrz7e9jf_7x9j
    $dirname: tests
    $scenarioFile: C:\wamp64\www\hospital\mi-qa\tests\escenarios.yaml
    username: supervisor1
    password: supervisor123
    nombre_medicamento: amoxicilina
    cliente_id: 10
    $uuid: d7aea5c6-cc82-4df3-a301-03d02dad9b54
* GET /hospital/?route=login 

  ok statusCode 200 
* GET /hospital/?route=home 

  ok statusCode 200 
* POST /hospital/?route=auth&action=login 

  not ok statusCode 200 
  expected: 302
       got: 200
  Request params:
    http://localhost/hospital/?route=auth&action=login
    ""
  Headers:
  date: Wed, 06 May 2026 16:13:12 GMT
  server: Apache/2.4.65 (Win64) PHP/8.3.28 mod_fcgid/2.3.10-dev
  x-powered-by: PHP/8.3.28
  expires: Thu, 19 Nov 1981 08:52:00 GMT
  cache-control: no-store, no-cache, must-revalidate
  pragma: no-cache
  content-length: 1624
  keep-alive: timeout=5, max=97
  connection: Keep-Alive
  content-type: text/html; charset=UTF-8
  Body:
<!DOCTYPE html>
<html lang="es">
<head>
<meta charset="UTF-8">
<meta name="viewport" content="width=device-width,initial-scale=1.0">
<title>Iniciar Sesión — PharmaCRM</title>
<link rel="stylesheet" href="/hospital/public/css/styles.css">
<link rel="stylesheet" href="https://cdnjs.cloudflare.com/ajax/libs/font-awesome/6.5.1/css/all.min.css">
</head>
<body>
<div class="login-wrapper">
<div class="login-card">
<div class="logo">
<div style="font-size:48px;margin-bottom:12px"><i class="fas fa-prescription-bottl
  User variables:
    target: http://localhost/hospital
    $environment: undefined
    $testId: tyrwb_hf3cergm9paphrkje9z4gkrz7e9jf_7x9j
    $dirname: tests
    $scenarioFile: C:\wamp64\www\hospital\mi-qa\tests\escenarios.yaml
    username: tester
    password: tester123
    nombre_medicamento: ibuprofeno
    cliente_id: 4
    $uuid: c894bf2b-da9c-4b70-809f-2d3aa9b37bbd
* GET /hospital/?route=home 

  ok statusCode 200 
* GET /hospital/?route=login 

* GET /hospital/?route=login 

  ok statusCode 200 
  ok statusCode 200 
* GET /hospital/?route=home 

  ok statusCode 200 
* POST /hospital/?route=auth&action=login 

  not ok statusCode 200 
  expected: 302
       got: 200
  Request params:
    http://localhost/hospital/?route=auth&action=login
    ""
  Headers:
  date: Wed, 06 May 2026 16:13:12 GMT
  server: Apache/2.4.65 (Win64) PHP/8.3.28 mod_fcgid/2.3.10-dev
  x-powered-by: PHP/8.3.28
  expires: Thu, 19 Nov 1981 08:52:00 GMT
  cache-control: no-store, no-cache, must-revalidate
  pragma: no-cache
  content-length: 1624
  keep-alive: timeout=5, max=97
  connection: Keep-Alive
  content-type: text/html; charset=UTF-8
  Body:
<!DOCTYPE html>
<html lang="es">
<head>
<meta charset="UTF-8">
<meta name="viewport" content="width=device-width,initial-scale=1.0">
<title>Iniciar Sesión — PharmaCRM</title>
<link rel="stylesheet" href="/hospital/public/css/styles.css">
<link rel="stylesheet" href="https://cdnjs.cloudflare.com/ajax/libs/font-awesome/6.5.1/css/all.min.css">
</head>
<body>
<div class="login-wrapper">
<div class="login-card">
<div class="logo">
<div style="font-size:48px;margin-bottom:12px"><i class="fas fa-prescription-bottl
  User variables:
    target: http://localhost/hospital
    $environment: undefined
    $testId: tyrwb_hf3cergm9paphrkje9z4gkrz7e9jf_7x9j
    $dirname: tests
    $scenarioFile: C:\wamp64\www\hospital\mi-qa\tests\escenarios.yaml
    username: username
    password: password
    nombre_medicamento: omeprazol
    cliente_id: 7
    $uuid: 45273fb2-62ff-4e0b-af8a-50c8624e38e4
* POST /hospital/?route=auth&action=login 

  not ok statusCode 200 
  expected: 302
       got: 200
  Request params:
    http://localhost/hospital/?route=auth&action=login
    ""
  Headers:
  date: Wed, 06 May 2026 16:13:12 GMT
  server: Apache/2.4.65 (Win64) PHP/8.3.28 mod_fcgid/2.3.10-dev
  x-powered-by: PHP/8.3.28
  expires: Thu, 19 Nov 1981 08:52:00 GMT
  cache-control: no-store, no-cache, must-revalidate
  pragma: no-cache
  content-length: 1624
  keep-alive: timeout=5, max=97
  connection: Keep-Alive
  content-type: text/html; charset=UTF-8
  Body:
<!DOCTYPE html>
<html lang="es">
<head>
<meta charset="UTF-8">
<meta name="viewport" content="width=device-width,initial-scale=1.0">
<title>Iniciar Sesión — PharmaCRM</title>
<link rel="stylesheet" href="/hospital/public/css/styles.css">
<link rel="stylesheet" href="https://cdnjs.cloudflare.com/ajax/libs/font-awesome/6.5.1/css/all.min.css">
</head>
<body>
<div class="login-wrapper">
<div class="login-card">
<div class="logo">
<div style="font-size:48px;margin-bottom:12px"><i class="fas fa-prescription-bottl
  User variables:
    target: http://localhost/hospital
    $environment: undefined
    $testId: tyrwb_hf3cergm9paphrkje9z4gkrz7e9jf_7x9j
    $dirname: tests
    $scenarioFile: C:\wamp64\www\hospital\mi-qa\tests\escenarios.yaml
    username: admin
    password: admin
    nombre_medicamento: salbutamol
    cliente_id: 8
    $uuid: 3c3f7c53-2779-48ea-88ce-7ef905702b66
* GET /hospital/?route=login 

  ok statusCode 200 
* POST /hospital/?route=auth&action=login 

  not ok statusCode 200 
  expected: 302
       got: 200
  Request params:
    http://localhost/hospital/?route=auth&action=login
    ""
  Headers:
  date: Wed, 06 May 2026 16:13:12 GMT
  server: Apache/2.4.65 (Win64) PHP/8.3.28 mod_fcgid/2.3.10-dev
  x-powered-by: PHP/8.3.28
  expires: Thu, 19 Nov 1981 08:52:00 GMT
  cache-control: no-store, no-cache, must-revalidate
  pragma: no-cache
  content-length: 1624
  keep-alive: timeout=5, max=97
  connection: Keep-Alive
  content-type: text/html; charset=UTF-8
  Body:
<!DOCTYPE html>
<html lang="es">
<head>
<meta charset="UTF-8">
<meta name="viewport" content="width=device-width,initial-scale=1.0">
<title>Iniciar Sesión — PharmaCRM</title>
<link rel="stylesheet" href="/hospital/public/css/styles.css">
<link rel="stylesheet" href="https://cdnjs.cloudflare.com/ajax/libs/font-awesome/6.5.1/css/all.min.css">
</head>
<body>
<div class="login-wrapper">
<div class="login-card">
<div class="logo">
<div style="font-size:48px;margin-bottom:12px"><i class="fas fa-prescription-bottl
  User variables:
    target: http://localhost/hospital
    $environment: undefined
    $testId: tyrwb_hf3cergm9paphrkje9z4gkrz7e9jf_7x9j
    $dirname: tests
    $scenarioFile: C:\wamp64\www\hospital\mi-qa\tests\escenarios.yaml
    username: admin
    password: admin
    nombre_medicamento: ibuprofeno
    cliente_id: 3
    $uuid: afd9ad6b-3c3c-4665-9b40-3d4535715d0a
* GET /hospital/?route=home 

  ok statusCode 200 
* GET /hospital/?route=home 

  ok statusCode 200 
* GET /hospital/?route=home 

  ok statusCode 200 
* POST /hospital/?route=auth&action=login 

  not ok statusCode 200 
  expected: 302
       got: 200
  Request params:
    http://localhost/hospital/?route=auth&action=login
    ""
  Headers:
  date: Wed, 06 May 2026 16:13:12 GMT
  server: Apache/2.4.65 (Win64) PHP/8.3.28 mod_fcgid/2.3.10-dev
  x-powered-by: PHP/8.3.28
  expires: Thu, 19 Nov 1981 08:52:00 GMT
  cache-control: no-store, no-cache, must-revalidate
  pragma: no-cache
  content-length: 1624
  keep-alive: timeout=5, max=97
  connection: Keep-Alive
  content-type: text/html; charset=UTF-8
  Body:
<!DOCTYPE html>
<html lang="es">
<head>
<meta charset="UTF-8">
<meta name="viewport" content="width=device-width,initial-scale=1.0">
<title>Iniciar Sesión — PharmaCRM</title>
<link rel="stylesheet" href="/hospital/public/css/styles.css">
<link rel="stylesheet" href="https://cdnjs.cloudflare.com/ajax/libs/font-awesome/6.5.1/css/all.min.css">
</head>
<body>
<div class="login-wrapper">
<div class="login-card">
<div class="logo">
<div style="font-size:48px;margin-bottom:12px"><i class="fas fa-prescription-bottl
  User variables:
    target: http://localhost/hospital
    $environment: undefined
    $testId: tyrwb_hf3cergm9paphrkje9z4gkrz7e9jf_7x9j
    $dirname: tests
    $scenarioFile: C:\wamp64\www\hospital\mi-qa\tests\escenarios.yaml
    username: vendedor1
    password: vendedor123
    nombre_medicamento: enalapril
    cliente_id: 3
    $uuid: 008277d7-9402-4c8e-99e7-1abcbf85ff97
* GET /hospital/?route=login 

  ok statusCode 200 
* GET /hospital/?route=login 

  ok statusCode 200 
* POST /hospital/?route=auth&action=login 

  not ok statusCode 200 
  expected: 302
       got: 200
  Request params:
    http://localhost/hospital/?route=auth&action=login
    ""
  Headers:
  date: Wed, 06 May 2026 16:13:12 GMT
  server: Apache/2.4.65 (Win64) PHP/8.3.28 mod_fcgid/2.3.10-dev
  x-powered-by: PHP/8.3.28
  expires: Thu, 19 Nov 1981 08:52:00 GMT
  cache-control: no-store, no-cache, must-revalidate
  pragma: no-cache
  content-length: 1624
  keep-alive: timeout=5, max=97
  connection: Keep-Alive
  content-type: text/html; charset=UTF-8
  Body:
<!DOCTYPE html>
<html lang="es">
<head>
<meta charset="UTF-8">
<meta name="viewport" content="width=device-width,initial-scale=1.0">
<title>Iniciar Sesión — PharmaCRM</title>
<link rel="stylesheet" href="/hospital/public/css/styles.css">
<link rel="stylesheet" href="https://cdnjs.cloudflare.com/ajax/libs/font-awesome/6.5.1/css/all.min.css">
</head>
<body>
<div class="login-wrapper">
<div class="login-card">
<div class="logo">
<div style="font-size:48px;margin-bottom:12px"><i class="fas fa-prescription-bottl
  User variables:
    target: http://localhost/hospital
    $environment: undefined
    $testId: tyrwb_hf3cergm9paphrkje9z4gkrz7e9jf_7x9j
    $dirname: tests
    $scenarioFile: C:\wamp64\www\hospital\mi-qa\tests\escenarios.yaml
    username: username
    password: password
    nombre_medicamento: acetaminofen
    cliente_id: 7
    $uuid: ffb74e57-8ee1-4174-a7c2-8c3b6c65c28e
* GET /hospital/?route=home 

  ok statusCode 200 
* GET /hospital/?route=login 

  ok statusCode 200 
* GET /hospital/?route=login 

  ok statusCode 200 
* GET /hospital/?route=home 

  ok statusCode 200 
* POST /hospital/?route=auth&action=login 

  not ok statusCode 200 
  expected: 302
       got: 200
  Request params:
    http://localhost/hospital/?route=auth&action=login
    ""
  Headers:
  date: Wed, 06 May 2026 16:13:12 GMT
  server: Apache/2.4.65 (Win64) PHP/8.3.28 mod_fcgid/2.3.10-dev
  x-powered-by: PHP/8.3.28
  expires: Thu, 19 Nov 1981 08:52:00 GMT
  cache-control: no-store, no-cache, must-revalidate
  pragma: no-cache
  content-length: 1624
  keep-alive: timeout=5, max=97
  connection: Keep-Alive
  content-type: text/html; charset=UTF-8
  Body:
<!DOCTYPE html>
<html lang="es">
<head>
<meta charset="UTF-8">
<meta name="viewport" content="width=device-width,initial-scale=1.0">
<title>Iniciar Sesión — PharmaCRM</title>
<link rel="stylesheet" href="/hospital/public/css/styles.css">
<link rel="stylesheet" href="https://cdnjs.cloudflare.com/ajax/libs/font-awesome/6.5.1/css/all.min.css">
</head>
<body>
<div class="login-wrapper">
<div class="login-card">
<div class="logo">
<div style="font-size:48px;margin-bottom:12px"><i class="fas fa-prescription-bottl
  User variables:
    target: http://localhost/hospital
    $environment: undefined
    $testId: tyrwb_hf3cergm9paphrkje9z4gkrz7e9jf_7x9j
    $dirname: tests
    $scenarioFile: C:\wamp64\www\hospital\mi-qa\tests\escenarios.yaml
    username: admin
    password: admin
    nombre_medicamento: dexametasona
    cliente_id: 6
    $uuid: ed9c231d-cca6-4494-aba0-5fa402f78b25
* GET /hospital/?route=home 

  ok statusCode 200 
* POST /hospital/?route=auth&action=login 

* POST /hospital/?route=auth&action=login 

  not ok statusCode 200 
  expected: 302
       got: 200
  Request params:
    http://localhost/hospital/?route=auth&action=login
    ""
  Headers:
  date: Wed, 06 May 2026 16:13:12 GMT
  server: Apache/2.4.65 (Win64) PHP/8.3.28 mod_fcgid/2.3.10-dev
  x-powered-by: PHP/8.3.28
  expires: Thu, 19 Nov 1981 08:52:00 GMT
  cache-control: no-store, no-cache, must-revalidate
  pragma: no-cache
  content-length: 1624
  keep-alive: timeout=5, max=97
  connection: Keep-Alive
  content-type: text/html; charset=UTF-8
  Body:
<!DOCTYPE html>
<html lang="es">
<head>
<meta charset="UTF-8">
<meta name="viewport" content="width=device-width,initial-scale=1.0">
<title>Iniciar Sesión — PharmaCRM</title>
<link rel="stylesheet" href="/hospital/public/css/styles.css">
<link rel="stylesheet" href="https://cdnjs.cloudflare.com/ajax/libs/font-awesome/6.5.1/css/all.min.css">
</head>
<body>
<div class="login-wrapper">
<div class="login-card">
<div class="logo">
<div style="font-size:48px;margin-bottom:12px"><i class="fas fa-prescription-bottl
  User variables:
    target: http://localhost/hospital
    $environment: undefined
    $testId: tyrwb_hf3cergm9paphrkje9z4gkrz7e9jf_7x9j
    $dirname: tests
    $scenarioFile: C:\wamp64\www\hospital\mi-qa\tests\escenarios.yaml
    username: admin
    password: admin
    nombre_medicamento: dexametasona
    cliente_id: 10
    $uuid: ab1a4b08-24e6-4873-9dda-738a9db01532
  not ok statusCode 200 
  expected: 302
       got: 200
  Request params:
    http://localhost/hospital/?route=auth&action=login
    ""
  Headers:
  date: Wed, 06 May 2026 16:13:12 GMT
  server: Apache/2.4.65 (Win64) PHP/8.3.28 mod_fcgid/2.3.10-dev
  x-powered-by: PHP/8.3.28
  expires: Thu, 19 Nov 1981 08:52:00 GMT
  cache-control: no-store, no-cache, must-revalidate
  pragma: no-cache
  content-length: 1624
  keep-alive: timeout=5, max=97
  connection: Keep-Alive
  content-type: text/html; charset=UTF-8
  Body:
<!DOCTYPE html>
<html lang="es">
<head>
<meta charset="UTF-8">
<meta name="viewport" content="width=device-width,initial-scale=1.0">
<title>Iniciar Sesión — PharmaCRM</title>
<link rel="stylesheet" href="/hospital/public/css/styles.css">
<link rel="stylesheet" href="https://cdnjs.cloudflare.com/ajax/libs/font-awesome/6.5.1/css/all.min.css">
</head>
<body>
<div class="login-wrapper">
<div class="login-card">
<div class="logo">
<div style="font-size:48px;margin-bottom:12px"><i class="fas fa-prescription-bottl
  User variables:
    target: http://localhost/hospital
    $environment: undefined
    $testId: tyrwb_hf3cergm9paphrkje9z4gkrz7e9jf_7x9j
    $dirname: tests
    $scenarioFile: C:\wamp64\www\hospital\mi-qa\tests\escenarios.yaml
    username: vendedor1
    password: vendedor123
    nombre_medicamento: nombre_medicamento
    cliente_id: 5
    $uuid: b7c85428-cd71-4216-bc18-fc608c329432
* GET /hospital/?route=login 

  ok statusCode 200 
* GET /hospital/?route=login 

  ok statusCode 200 
* GET /hospital/?route=home 

  ok statusCode 200 
* POST /hospital/?route=auth&action=login 

  not ok statusCode 200 
  expected: 302
       got: 200
  Request params:
    http://localhost/hospital/?route=auth&action=login
    ""
  Headers:
  date: Wed, 06 May 2026 16:13:12 GMT
  server: Apache/2.4.65 (Win64) PHP/8.3.28 mod_fcgid/2.3.10-dev
  x-powered-by: PHP/8.3.28
  expires: Thu, 19 Nov 1981 08:52:00 GMT
  cache-control: no-store, no-cache, must-revalidate
  pragma: no-cache
  content-length: 1624
  keep-alive: timeout=5, max=97
  connection: Keep-Alive
  content-type: text/html; charset=UTF-8
  Body:
<!DOCTYPE html>
<html lang="es">
<head>
<meta charset="UTF-8">
<meta name="viewport" content="width=device-width,initial-scale=1.0">
<title>Iniciar Sesión — PharmaCRM</title>
<link rel="stylesheet" href="/hospital/public/css/styles.css">
<link rel="stylesheet" href="https://cdnjs.cloudflare.com/ajax/libs/font-awesome/6.5.1/css/all.min.css">
</head>
<body>
<div class="login-wrapper">
<div class="login-card">
<div class="logo">
<div style="font-size:48px;margin-bottom:12px"><i class="fas fa-prescription-bottl
  User variables:
    target: http://localhost/hospital
    $environment: undefined
    $testId: tyrwb_hf3cergm9paphrkje9z4gkrz7e9jf_7x9j
    $dirname: tests
    $scenarioFile: C:\wamp64\www\hospital\mi-qa\tests\escenarios.yaml
    username: username
    password: password
    nombre_medicamento: omeprazol
    cliente_id: 8
    $uuid: 0fa90a3b-40be-4e49-bcaf-452bee54fe44
* GET /hospital/?route=home 

  ok statusCode 200 
* GET /hospital/?route=home 

  ok statusCode 200 
* GET /hospital/?route=login 

  ok statusCode 200 
* POST /hospital/?route=auth&action=login 

  not ok statusCode 200 
  expected: 302
       got: 200
  Request params:
    http://localhost/hospital/?route=auth&action=login
    ""
  Headers:
  date: Wed, 06 May 2026 16:13:13 GMT
  server: Apache/2.4.65 (Win64) PHP/8.3.28 mod_fcgid/2.3.10-dev
  x-powered-by: PHP/8.3.28
  expires: Thu, 19 Nov 1981 08:52:00 GMT
  cache-control: no-store, no-cache, must-revalidate
  pragma: no-cache
  content-length: 1624
  keep-alive: timeout=5, max=97
  connection: Keep-Alive
  content-type: text/html; charset=UTF-8
  Body:
<!DOCTYPE html>
<html lang="es">
<head>
<meta charset="UTF-8">
<meta name="viewport" content="width=device-width,initial-scale=1.0">
<title>Iniciar Sesión — PharmaCRM</title>
<link rel="stylesheet" href="/hospital/public/css/styles.css">
<link rel="stylesheet" href="https://cdnjs.cloudflare.com/ajax/libs/font-awesome/6.5.1/css/all.min.css">
</head>
<body>
<div class="login-wrapper">
<div class="login-card">
<div class="logo">
<div style="font-size:48px;margin-bottom:12px"><i class="fas fa-prescription-bottl
  User variables:
    target: http://localhost/hospital
    $environment: undefined
    $testId: tyrwb_hf3cergm9paphrkje9z4gkrz7e9jf_7x9j
    $dirname: tests
    $scenarioFile: C:\wamp64\www\hospital\mi-qa\tests\escenarios.yaml
    username: admin
    password: admin
    nombre_medicamento: ibuprofeno
    cliente_id: cliente_id
    $uuid: d7f82a8f-b709-4d30-aa37-44d6e0c58d16
* GET /hospital/?route=home 

  ok statusCode 200 
* GET /hospital/?route=login 

  ok statusCode 200 
* POST /hospital/?route=auth&action=login 

  not ok statusCode 200 
  expected: 302
       got: 200
  Request params:
    http://localhost/hospital/?route=auth&action=login
    ""
  Headers:
  date: Wed, 06 May 2026 16:13:13 GMT
  server: Apache/2.4.65 (Win64) PHP/8.3.28 mod_fcgid/2.3.10-dev
  x-powered-by: PHP/8.3.28
  expires: Thu, 19 Nov 1981 08:52:00 GMT
  cache-control: no-store, no-cache, must-revalidate
  pragma: no-cache
  content-length: 1624
  keep-alive: timeout=5, max=97
  connection: Keep-Alive
  content-type: text/html; charset=UTF-8
  Body:
<!DOCTYPE html>
<html lang="es">
<head>
<meta charset="UTF-8">
<meta name="viewport" content="width=device-width,initial-scale=1.0">
<title>Iniciar Sesión — PharmaCRM</title>
<link rel="stylesheet" href="/hospital/public/css/styles.css">
<link rel="stylesheet" href="https://cdnjs.cloudflare.com/ajax/libs/font-awesome/6.5.1/css/all.min.css">
</head>
<body>
<div class="login-wrapper">
<div class="login-card">
<div class="logo">
<div style="font-size:48px;margin-bottom:12px"><i class="fas fa-prescription-bottl
  User variables:
    target: http://localhost/hospital
    $environment: undefined
    $testId: tyrwb_hf3cergm9paphrkje9z4gkrz7e9jf_7x9j
    $dirname: tests
    $scenarioFile: C:\wamp64\www\hospital\mi-qa\tests\escenarios.yaml
    username: admin
    password: admin
    nombre_medicamento: acetaminofen
    cliente_id: 4
    $uuid: c19d094b-267c-4d79-88a4-fbd7bc12b870
* GET /hospital/?route=login 

  ok statusCode 200 
* GET /hospital/?route=home 

  ok statusCode 200 
* POST /hospital/?route=auth&action=login 

* GET /hospital/?route=login 

  ok statusCode 200 
  not ok statusCode 200 
  expected: 302
       got: 200
  Request params:
    http://localhost/hospital/?route=auth&action=login
    ""
  Headers:
  date: Wed, 06 May 2026 16:13:13 GMT
  server: Apache/2.4.65 (Win64) PHP/8.3.28 mod_fcgid/2.3.10-dev
  x-powered-by: PHP/8.3.28
  expires: Thu, 19 Nov 1981 08:52:00 GMT
  cache-control: no-store, no-cache, must-revalidate
  pragma: no-cache
  content-length: 1624
  keep-alive: timeout=5, max=97
  connection: Keep-Alive
  content-type: text/html; charset=UTF-8
  Body:
<!DOCTYPE html>
<html lang="es">
<head>
<meta charset="UTF-8">
<meta name="viewport" content="width=device-width,initial-scale=1.0">
<title>Iniciar Sesión — PharmaCRM</title>
<link rel="stylesheet" href="/hospital/public/css/styles.css">
<link rel="stylesheet" href="https://cdnjs.cloudflare.com/ajax/libs/font-awesome/6.5.1/css/all.min.css">
</head>
<body>
<div class="login-wrapper">
<div class="login-card">
<div class="logo">
<div style="font-size:48px;margin-bottom:12px"><i class="fas fa-prescription-bottl
  User variables:
    target: http://localhost/hospital
    $environment: undefined
    $testId: tyrwb_hf3cergm9paphrkje9z4gkrz7e9jf_7x9j
    $dirname: tests
    $scenarioFile: C:\wamp64\www\hospital\mi-qa\tests\escenarios.yaml
    username: username
    password: password
    nombre_medicamento: metformina
    cliente_id: 10
    $uuid: 9aee0f1b-e0e0-4ebd-860f-d8ec49b7f99f
* GET /hospital/?route=home 

  ok statusCode 200 
* POST /hospital/?route=auth&action=login 

  not ok statusCode 200 
  expected: 302
       got: 200
  Request params:
    http://localhost/hospital/?route=auth&action=login
    ""
  Headers:
  date: Wed, 06 May 2026 16:13:13 GMT
  server: Apache/2.4.65 (Win64) PHP/8.3.28 mod_fcgid/2.3.10-dev
  x-powered-by: PHP/8.3.28
  expires: Thu, 19 Nov 1981 08:52:00 GMT
  cache-control: no-store, no-cache, must-revalidate
  pragma: no-cache
  content-length: 1624
  keep-alive: timeout=5, max=97
  connection: Keep-Alive
  content-type: text/html; charset=UTF-8
  Body:
<!DOCTYPE html>
<html lang="es">
<head>
<meta charset="UTF-8">
<meta name="viewport" content="width=device-width,initial-scale=1.0">
<title>Iniciar Sesión — PharmaCRM</title>
<link rel="stylesheet" href="/hospital/public/css/styles.css">
<link rel="stylesheet" href="https://cdnjs.cloudflare.com/ajax/libs/font-awesome/6.5.1/css/all.min.css">
</head>
<body>
<div class="login-wrapper">
<div class="login-card">
<div class="logo">
<div style="font-size:48px;margin-bottom:12px"><i class="fas fa-prescription-bottl
  User variables:
    target: http://localhost/hospital
    $environment: undefined
    $testId: tyrwb_hf3cergm9paphrkje9z4gkrz7e9jf_7x9j
    $dirname: tests
    $scenarioFile: C:\wamp64\www\hospital\mi-qa\tests\escenarios.yaml
    username: supervisor1
    password: supervisor123
    nombre_medicamento: acetaminofen
    cliente_id: 4
    $uuid: ed92a66c-93b8-4ada-b92c-e79440b72963
* GET /hospital/?route=home 

  ok statusCode 200 
* GET /hospital/?route=login 

  ok statusCode 200 
* POST /hospital/?route=auth&action=login 

  not ok statusCode 200 
  expected: 302
       got: 200
  Request params:
    http://localhost/hospital/?route=auth&action=login
    ""
  Headers:
  date: Wed, 06 May 2026 16:13:13 GMT
  server: Apache/2.4.65 (Win64) PHP/8.3.28 mod_fcgid/2.3.10-dev
  x-powered-by: PHP/8.3.28
  expires: Thu, 19 Nov 1981 08:52:00 GMT
  cache-control: no-store, no-cache, must-revalidate
  pragma: no-cache
  content-length: 1624
  keep-alive: timeout=5, max=97
  connection: Keep-Alive
  content-type: text/html; charset=UTF-8
  Body:
<!DOCTYPE html>
<html lang="es">
<head>
<meta charset="UTF-8">
<meta name="viewport" content="width=device-width,initial-scale=1.0">
<title>Iniciar Sesión — PharmaCRM</title>
<link rel="stylesheet" href="/hospital/public/css/styles.css">
<link rel="stylesheet" href="https://cdnjs.cloudflare.com/ajax/libs/font-awesome/6.5.1/css/all.min.css">
</head>
<body>
<div class="login-wrapper">
<div class="login-card">
<div class="logo">
<div style="font-size:48px;margin-bottom:12px"><i class="fas fa-prescription-bottl
  User variables:
    target: http://localhost/hospital
    $environment: undefined
    $testId: tyrwb_hf3cergm9paphrkje9z4gkrz7e9jf_7x9j
    $dirname: tests
    $scenarioFile: C:\wamp64\www\hospital\mi-qa\tests\escenarios.yaml
    username: supervisor1
    password: supervisor123
    nombre_medicamento: acetaminofen
    cliente_id: 4
    $uuid: fbc21936-9eb3-4d80-a89b-40381f57b317
* GET /hospital/?route=home 

  ok statusCode 200 
* GET /hospital/?route=login 

  ok statusCode 200 
* GET /hospital/?route=home 

  ok statusCode 200 
* GET /hospital/?route=login 

  ok statusCode 200 
* POST /hospital/?route=auth&action=login 

  not ok statusCode 200 
  expected: 302
       got: 200
  Request params:
    http://localhost/hospital/?route=auth&action=login
    ""
  Headers:
  date: Wed, 06 May 2026 16:13:13 GMT
  server: Apache/2.4.65 (Win64) PHP/8.3.28 mod_fcgid/2.3.10-dev
  x-powered-by: PHP/8.3.28
  expires: Thu, 19 Nov 1981 08:52:00 GMT
  cache-control: no-store, no-cache, must-revalidate
  pragma: no-cache
  content-length: 1624
  keep-alive: timeout=5, max=97
  connection: Keep-Alive
  content-type: text/html; charset=UTF-8
  Body:
<!DOCTYPE html>
<html lang="es">
<head>
<meta charset="UTF-8">
<meta name="viewport" content="width=device-width,initial-scale=1.0">
<title>Iniciar Sesión — PharmaCRM</title>
<link rel="stylesheet" href="/hospital/public/css/styles.css">
<link rel="stylesheet" href="https://cdnjs.cloudflare.com/ajax/libs/font-awesome/6.5.1/css/all.min.css">
</head>
<body>
<div class="login-wrapper">
<div class="login-card">
<div class="logo">
<div style="font-size:48px;margin-bottom:12px"><i class="fas fa-prescription-bottl
  User variables:
    target: http://localhost/hospital
    $environment: undefined
    $testId: tyrwb_hf3cergm9paphrkje9z4gkrz7e9jf_7x9j
    $dirname: tests
    $scenarioFile: C:\wamp64\www\hospital\mi-qa\tests\escenarios.yaml
    username: tester
    password: tester123
    nombre_medicamento: amoxicilina
    cliente_id: cliente_id
    $uuid: 72c7ea01-2be7-4d96-8a11-f36694e01c78
* POST /hospital/?route=auth&action=login 

  not ok statusCode 200 
  expected: 302
       got: 200
  Request params:
    http://localhost/hospital/?route=auth&action=login
    ""
  Headers:
  date: Wed, 06 May 2026 16:13:13 GMT
  server: Apache/2.4.65 (Win64) PHP/8.3.28 mod_fcgid/2.3.10-dev
  x-powered-by: PHP/8.3.28
  expires: Thu, 19 Nov 1981 08:52:00 GMT
  cache-control: no-store, no-cache, must-revalidate
  pragma: no-cache
  content-length: 1624
  keep-alive: timeout=5, max=97
  connection: Keep-Alive
  content-type: text/html; charset=UTF-8
  Body:
<!DOCTYPE html>
<html lang="es">
<head>
<meta charset="UTF-8">
<meta name="viewport" content="width=device-width,initial-scale=1.0">
<title>Iniciar Sesión — PharmaCRM</title>
<link rel="stylesheet" href="/hospital/public/css/styles.css">
<link rel="stylesheet" href="https://cdnjs.cloudflare.com/ajax/libs/font-awesome/6.5.1/css/all.min.css">
</head>
<body>
<div class="login-wrapper">
<div class="login-card">
<div class="logo">
<div style="font-size:48px;margin-bottom:12px"><i class="fas fa-prescription-bottl
  User variables:
    target: http://localhost/hospital
    $environment: undefined
    $testId: tyrwb_hf3cergm9paphrkje9z4gkrz7e9jf_7x9j
    $dirname: tests
    $scenarioFile: C:\wamp64\www\hospital\mi-qa\tests\escenarios.yaml
    username: supervisor1
    password: supervisor123
    nombre_medicamento: salbutamol
    cliente_id: 2
    $uuid: 639a8497-1663-47b3-8dcc-49f739c30e74
* GET /hospital/?route=home 

  ok statusCode 200 
* POST /hospital/?route=auth&action=login 

  not ok statusCode 200 
  expected: 302
       got: 200
  Request params:
    http://localhost/hospital/?route=auth&action=login
    ""
  Headers:
  date: Wed, 06 May 2026 16:13:13 GMT
  server: Apache/2.4.65 (Win64) PHP/8.3.28 mod_fcgid/2.3.10-dev
  x-powered-by: PHP/8.3.28
  expires: Thu, 19 Nov 1981 08:52:00 GMT
  cache-control: no-store, no-cache, must-revalidate
  pragma: no-cache
  content-length: 1624
  keep-alive: timeout=5, max=97
  connection: Keep-Alive
  content-type: text/html; charset=UTF-8
  Body:
<!DOCTYPE html>
<html lang="es">
<head>
<meta charset="UTF-8">
<meta name="viewport" content="width=device-width,initial-scale=1.0">
<title>Iniciar Sesión — PharmaCRM</title>
<link rel="stylesheet" href="/hospital/public/css/styles.css">
<link rel="stylesheet" href="https://cdnjs.cloudflare.com/ajax/libs/font-awesome/6.5.1/css/all.min.css">
</head>
<body>
<div class="login-wrapper">
<div class="login-card">
<div class="logo">
<div style="font-size:48px;margin-bottom:12px"><i class="fas fa-prescription-bottl
  User variables:
    target: http://localhost/hospital
    $environment: undefined
    $testId: tyrwb_hf3cergm9paphrkje9z4gkrz7e9jf_7x9j
    $dirname: tests
    $scenarioFile: C:\wamp64\www\hospital\mi-qa\tests\escenarios.yaml
    username: supervisor1
    password: supervisor123
    nombre_medicamento: metformina
    cliente_id: 1
    $uuid: 1e1b817d-d925-4859-be64-082b45036f73
* GET /hospital/?route=login 

  ok statusCode 200 
* GET /hospital/?route=login 

  ok statusCode 200 
* GET /hospital/?route=home 

  ok statusCode 200 
* GET /hospital/?route=home 

  ok statusCode 200 
* GET /hospital/?route=login 

  ok statusCode 200 
* POST /hospital/?route=auth&action=login 

  not ok statusCode 200 
  expected: 302
       got: 200
  Request params:
    http://localhost/hospital/?route=auth&action=login
    ""
  Headers:
  date: Wed, 06 May 2026 16:13:13 GMT
  server: Apache/2.4.65 (Win64) PHP/8.3.28 mod_fcgid/2.3.10-dev
  x-powered-by: PHP/8.3.28
  expires: Thu, 19 Nov 1981 08:52:00 GMT
  cache-control: no-store, no-cache, must-revalidate
  pragma: no-cache
  content-length: 1624
  keep-alive: timeout=5, max=97
  connection: Keep-Alive
  content-type: text/html; charset=UTF-8
  Body:
<!DOCTYPE html>
<html lang="es">
<head>
<meta charset="UTF-8">
<meta name="viewport" content="width=device-width,initial-scale=1.0">
<title>Iniciar Sesión — PharmaCRM</title>
<link rel="stylesheet" href="/hospital/public/css/styles.css">
<link rel="stylesheet" href="https://cdnjs.cloudflare.com/ajax/libs/font-awesome/6.5.1/css/all.min.css">
</head>
<body>
<div class="login-wrapper">
<div class="login-card">
<div class="logo">
<div style="font-size:48px;margin-bottom:12px"><i class="fas fa-prescription-bottl
  User variables:
    target: http://localhost/hospital
    $environment: undefined
    $testId: tyrwb_hf3cergm9paphrkje9z4gkrz7e9jf_7x9j
    $dirname: tests
    $scenarioFile: C:\wamp64\www\hospital\mi-qa\tests\escenarios.yaml
    username: vendedor1
    password: vendedor123
    nombre_medicamento: enalapril
    cliente_id: 2
    $uuid: 6589cf85-ab92-48bb-a923-21b0f6a3aa11
* POST /hospital/?route=auth&action=login 

  not ok statusCode 200 
  expected: 302
       got: 200
  Request params:
    http://localhost/hospital/?route=auth&action=login
    ""
  Headers:
  date: Wed, 06 May 2026 16:13:13 GMT
  server: Apache/2.4.65 (Win64) PHP/8.3.28 mod_fcgid/2.3.10-dev
  x-powered-by: PHP/8.3.28
  expires: Thu, 19 Nov 1981 08:52:00 GMT
  cache-control: no-store, no-cache, must-revalidate
  pragma: no-cache
  content-length: 1624
  keep-alive: timeout=5, max=97
  connection: Keep-Alive
  content-type: text/html; charset=UTF-8
  Body:
<!DOCTYPE html>
<html lang="es">
<head>
<meta charset="UTF-8">
<meta name="viewport" content="width=device-width,initial-scale=1.0">
<title>Iniciar Sesión — PharmaCRM</title>
<link rel="stylesheet" href="/hospital/public/css/styles.css">
<link rel="stylesheet" href="https://cdnjs.cloudflare.com/ajax/libs/font-awesome/6.5.1/css/all.min.css">
</head>
<body>
<div class="login-wrapper">
<div class="login-card">
<div class="logo">
<div style="font-size:48px;margin-bottom:12px"><i class="fas fa-prescription-bottl
  User variables:
    target: http://localhost/hospital
    $environment: undefined
    $testId: tyrwb_hf3cergm9paphrkje9z4gkrz7e9jf_7x9j
    $dirname: tests
    $scenarioFile: C:\wamp64\www\hospital\mi-qa\tests\escenarios.yaml
    username: supervisor1
    password: supervisor123
    nombre_medicamento: dexametasona
    cliente_id: 5
    $uuid: 1dc09743-9114-4a8d-a856-3a8b07a8aa00
* GET /hospital/?route=login 

  ok statusCode 200 
* GET /hospital/?route=home 

  ok statusCode 200 
* GET /hospital/?route=login 

  ok statusCode 200 
* GET /hospital/?route=home 

  ok statusCode 200 
* POST /hospital/?route=auth&action=login 

  not ok statusCode 200 
  expected: 302
       got: 200
  Request params:
    http://localhost/hospital/?route=auth&action=login
    ""
  Headers:
  date: Wed, 06 May 2026 16:13:13 GMT
  server: Apache/2.4.65 (Win64) PHP/8.3.28 mod_fcgid/2.3.10-dev
  x-powered-by: PHP/8.3.28
  expires: Thu, 19 Nov 1981 08:52:00 GMT
  cache-control: no-store, no-cache, must-revalidate
  pragma: no-cache
  content-length: 1624
  keep-alive: timeout=5, max=97
  connection: Keep-Alive
  content-type: text/html; charset=UTF-8
  Body:
<!DOCTYPE html>
<html lang="es">
<head>
<meta charset="UTF-8">
<meta name="viewport" content="width=device-width,initial-scale=1.0">
<title>Iniciar Sesión — PharmaCRM</title>
<link rel="stylesheet" href="/hospital/public/css/styles.css">
<link rel="stylesheet" href="https://cdnjs.cloudflare.com/ajax/libs/font-awesome/6.5.1/css/all.min.css">
</head>
<body>
<div class="login-wrapper">
<div class="login-card">
<div class="logo">
<div style="font-size:48px;margin-bottom:12px"><i class="fas fa-prescription-bottl
  User variables:
    target: http://localhost/hospital
    $environment: undefined
    $testId: tyrwb_hf3cergm9paphrkje9z4gkrz7e9jf_7x9j
    $dirname: tests
    $scenarioFile: C:\wamp64\www\hospital\mi-qa\tests\escenarios.yaml
    username: tester
    password: tester123
    nombre_medicamento: omeprazol
    cliente_id: 7
    $uuid: 252ad08f-7ea7-4620-9a4e-b9677fa371cb
* GET /hospital/?route=home 

  ok statusCode 200 
* GET /hospital/?route=login 

  ok statusCode 200 
* POST /hospital/?route=auth&action=login 

  not ok statusCode 200 
  expected: 302
       got: 200
  Request params:
    http://localhost/hospital/?route=auth&action=login
    ""
  Headers:
  date: Wed, 06 May 2026 16:13:13 GMT
  server: Apache/2.4.65 (Win64) PHP/8.3.28 mod_fcgid/2.3.10-dev
  x-powered-by: PHP/8.3.28
  expires: Thu, 19 Nov 1981 08:52:00 GMT
  cache-control: no-store, no-cache, must-revalidate
  pragma: no-cache
  content-length: 1624
  keep-alive: timeout=5, max=97
  connection: Keep-Alive
  content-type: text/html; charset=UTF-8
  Body:
<!DOCTYPE html>
<html lang="es">
<head>
<meta charset="UTF-8">
<meta name="viewport" content="width=device-width,initial-scale=1.0">
<title>Iniciar Sesión — PharmaCRM</title>
<link rel="stylesheet" href="/hospital/public/css/styles.css">
<link rel="stylesheet" href="https://cdnjs.cloudflare.com/ajax/libs/font-awesome/6.5.1/css/all.min.css">
</head>
<body>
<div class="login-wrapper">
<div class="login-card">
<div class="logo">
<div style="font-size:48px;margin-bottom:12px"><i class="fas fa-prescription-bottl
  User variables:
    target: http://localhost/hospital
    $environment: undefined
    $testId: tyrwb_hf3cergm9paphrkje9z4gkrz7e9jf_7x9j
    $dirname: tests
    $scenarioFile: C:\wamp64\www\hospital\mi-qa\tests\escenarios.yaml
    username: vendedor1
    password: vendedor123
    nombre_medicamento: dexametasona
    cliente_id: 3
    $uuid: 3274c468-105a-4b13-8d0f-4975bee85d88
* POST /hospital/?route=auth&action=login 

  not ok statusCode 200 
  expected: 302
       got: 200
  Request params:
    http://localhost/hospital/?route=auth&action=login
    ""
  Headers:
  date: Wed, 06 May 2026 16:13:13 GMT
  server: Apache/2.4.65 (Win64) PHP/8.3.28 mod_fcgid/2.3.10-dev
  x-powered-by: PHP/8.3.28
  expires: Thu, 19 Nov 1981 08:52:00 GMT
  cache-control: no-store, no-cache, must-revalidate
  pragma: no-cache
  content-length: 1624
  keep-alive: timeout=5, max=97
  connection: Keep-Alive
  content-type: text/html; charset=UTF-8
  Body:
<!DOCTYPE html>
<html lang="es">
<head>
<meta charset="UTF-8">
<meta name="viewport" content="width=device-width,initial-scale=1.0">
<title>Iniciar Sesión — PharmaCRM</title>
<link rel="stylesheet" href="/hospital/public/css/styles.css">
<link rel="stylesheet" href="https://cdnjs.cloudflare.com/ajax/libs/font-awesome/6.5.1/css/all.min.css">
</head>
<body>
<div class="login-wrapper">
<div class="login-card">
<div class="logo">
<div style="font-size:48px;margin-bottom:12px"><i class="fas fa-prescription-bottl
  User variables:
    target: http://localhost/hospital
    $environment: undefined
    $testId: tyrwb_hf3cergm9paphrkje9z4gkrz7e9jf_7x9j
    $dirname: tests
    $scenarioFile: C:\wamp64\www\hospital\mi-qa\tests\escenarios.yaml
    username: supervisor1
    password: supervisor123
    nombre_medicamento: omeprazol
    cliente_id: 8
    $uuid: 3082f78c-3969-41de-9872-a4b48182d793
* GET /hospital/?route=login 

  ok statusCode 200 
* GET /hospital/?route=home 

  ok statusCode 200 
* POST /hospital/?route=auth&action=login 

  not ok statusCode 200 
  expected: 302
       got: 200
  Request params:
    http://localhost/hospital/?route=auth&action=login
    ""
  Headers:
  date: Wed, 06 May 2026 16:13:13 GMT
  server: Apache/2.4.65 (Win64) PHP/8.3.28 mod_fcgid/2.3.10-dev
  x-powered-by: PHP/8.3.28
  expires: Thu, 19 Nov 1981 08:52:00 GMT
  cache-control: no-store, no-cache, must-revalidate
  pragma: no-cache
  content-length: 1624
  keep-alive: timeout=5, max=97
  connection: Keep-Alive
  content-type: text/html; charset=UTF-8
  Body:
<!DOCTYPE html>
<html lang="es">
<head>
<meta charset="UTF-8">
<meta name="viewport" content="width=device-width,initial-scale=1.0">
<title>Iniciar Sesión — PharmaCRM</title>
<link rel="stylesheet" href="/hospital/public/css/styles.css">
<link rel="stylesheet" href="https://cdnjs.cloudflare.com/ajax/libs/font-awesome/6.5.1/css/all.min.css">
</head>
<body>
<div class="login-wrapper">
<div class="login-card">
<div class="logo">
<div style="font-size:48px;margin-bottom:12px"><i class="fas fa-prescription-bottl
  User variables:
    target: http://localhost/hospital
    $environment: undefined
    $testId: tyrwb_hf3cergm9paphrkje9z4gkrz7e9jf_7x9j
    $dirname: tests
    $scenarioFile: C:\wamp64\www\hospital\mi-qa\tests\escenarios.yaml
    username: tester
    password: tester123
    nombre_medicamento: ibuprofeno
    cliente_id: 5
    $uuid: 3480bca0-dee4-466c-bfc3-da19b7ef9e56
* GET /hospital/?route=home 

  ok statusCode 200 
* GET /hospital/?route=login 

  ok statusCode 200 
* GET /hospital/?route=login 

  ok statusCode 200 
* GET /hospital/?route=home 

  ok statusCode 200 
* POST /hospital/?route=auth&action=login 

  not ok statusCode 200 
  expected: 302
       got: 200
  Request params:
    http://localhost/hospital/?route=auth&action=login
    ""
  Headers:
  date: Wed, 06 May 2026 16:13:14 GMT
  server: Apache/2.4.65 (Win64) PHP/8.3.28 mod_fcgid/2.3.10-dev
  x-powered-by: PHP/8.3.28
  expires: Thu, 19 Nov 1981 08:52:00 GMT
  cache-control: no-store, no-cache, must-revalidate
  pragma: no-cache
  content-length: 1624
  keep-alive: timeout=5, max=97
  connection: Keep-Alive
  content-type: text/html; charset=UTF-8
  Body:
<!DOCTYPE html>
<html lang="es">
<head>
<meta charset="UTF-8">
<meta name="viewport" content="width=device-width,initial-scale=1.0">
<title>Iniciar Sesión — PharmaCRM</title>
<link rel="stylesheet" href="/hospital/public/css/styles.css">
<link rel="stylesheet" href="https://cdnjs.cloudflare.com/ajax/libs/font-awesome/6.5.1/css/all.min.css">
</head>
<body>
<div class="login-wrapper">
<div class="login-card">
<div class="logo">
<div style="font-size:48px;margin-bottom:12px"><i class="fas fa-prescription-bottl
  User variables:
    target: http://localhost/hospital
    $environment: undefined
    $testId: tyrwb_hf3cergm9paphrkje9z4gkrz7e9jf_7x9j
    $dirname: tests
    $scenarioFile: C:\wamp64\www\hospital\mi-qa\tests\escenarios.yaml
    username: supervisor1
    password: supervisor123
    nombre_medicamento: nombre_medicamento
    cliente_id: 5
    $uuid: 6bd21d16-58ea-4152-9cf2-c887e3bb171e
* GET /hospital/?route=login 

  ok statusCode 200 
* GET /hospital/?route=home 

  ok statusCode 200 
* POST /hospital/?route=auth&action=login 

  not ok statusCode 200 
  expected: 302
       got: 200
  Request params:
    http://localhost/hospital/?route=auth&action=login
    ""
  Headers:
  date: Wed, 06 May 2026 16:13:14 GMT
  server: Apache/2.4.65 (Win64) PHP/8.3.28 mod_fcgid/2.3.10-dev
  x-powered-by: PHP/8.3.28
  expires: Thu, 19 Nov 1981 08:52:00 GMT
  cache-control: no-store, no-cache, must-revalidate
  pragma: no-cache
  content-length: 1624
  keep-alive: timeout=5, max=97
  connection: Keep-Alive
  content-type: text/html; charset=UTF-8
  Body:
<!DOCTYPE html>
<html lang="es">
<head>
<meta charset="UTF-8">
<meta name="viewport" content="width=device-width,initial-scale=1.0">
<title>Iniciar Sesión — PharmaCRM</title>
<link rel="stylesheet" href="/hospital/public/css/styles.css">
<link rel="stylesheet" href="https://cdnjs.cloudflare.com/ajax/libs/font-awesome/6.5.1/css/all.min.css">
</head>
<body>
<div class="login-wrapper">
<div class="login-card">
<div class="logo">
<div style="font-size:48px;margin-bottom:12px"><i class="fas fa-prescription-bottl
  User variables:
    target: http://localhost/hospital
    $environment: undefined
    $testId: tyrwb_hf3cergm9paphrkje9z4gkrz7e9jf_7x9j
    $dirname: tests
    $scenarioFile: C:\wamp64\www\hospital\mi-qa\tests\escenarios.yaml
    username: tester
    password: tester123
    nombre_medicamento: salbutamol
    cliente_id: 1
    $uuid: 2a9aa427-8f08-42cd-baa0-751e38e4263e
* GET /hospital/?route=home 

  ok statusCode 200 
* GET /hospital/?route=login 

  ok statusCode 200 
* POST /hospital/?route=auth&action=login 

  not ok statusCode 200 
  expected: 302
       got: 200
  Request params:
    http://localhost/hospital/?route=auth&action=login
    ""
  Headers:
  date: Wed, 06 May 2026 16:13:14 GMT
  server: Apache/2.4.65 (Win64) PHP/8.3.28 mod_fcgid/2.3.10-dev
  x-powered-by: PHP/8.3.28
  expires: Thu, 19 Nov 1981 08:52:00 GMT
  cache-control: no-store, no-cache, must-revalidate
  pragma: no-cache
  content-length: 1624
  keep-alive: timeout=5, max=97
  connection: Keep-Alive
  content-type: text/html; charset=UTF-8
  Body:
<!DOCTYPE html>
<html lang="es">
<head>
<meta charset="UTF-8">
<meta name="viewport" content="width=device-width,initial-scale=1.0">
<title>Iniciar Sesión — PharmaCRM</title>
<link rel="stylesheet" href="/hospital/public/css/styles.css">
<link rel="stylesheet" href="https://cdnjs.cloudflare.com/ajax/libs/font-awesome/6.5.1/css/all.min.css">
</head>
<body>
<div class="login-wrapper">
<div class="login-card">
<div class="logo">
<div style="font-size:48px;margin-bottom:12px"><i class="fas fa-prescription-bottl
  User variables:
    target: http://localhost/hospital
    $environment: undefined
    $testId: tyrwb_hf3cergm9paphrkje9z4gkrz7e9jf_7x9j
    $dirname: tests
    $scenarioFile: C:\wamp64\www\hospital\mi-qa\tests\escenarios.yaml
    username: admin
    password: admin
    nombre_medicamento: loratadina
    cliente_id: 2
    $uuid: 603bd224-1cc7-48ce-b614-037dff21d16b
* GET /hospital/?route=login 

  ok statusCode 200 
* GET /hospital/?route=home 

  ok statusCode 200 
* POST /hospital/?route=auth&action=login 

  not ok statusCode 200 
  expected: 302
       got: 200
  Request params:
    http://localhost/hospital/?route=auth&action=login
    ""
  Headers:
  date: Wed, 06 May 2026 16:13:14 GMT
  server: Apache/2.4.65 (Win64) PHP/8.3.28 mod_fcgid/2.3.10-dev
  x-powered-by: PHP/8.3.28
  expires: Thu, 19 Nov 1981 08:52:00 GMT
  cache-control: no-store, no-cache, must-revalidate
  pragma: no-cache
  content-length: 1624
  keep-alive: timeout=5, max=97
  connection: Keep-Alive
  content-type: text/html; charset=UTF-8
  Body:
<!DOCTYPE html>
<html lang="es">
<head>
<meta charset="UTF-8">
<meta name="viewport" content="width=device-width,initial-scale=1.0">
<title>Iniciar Sesión — PharmaCRM</title>
<link rel="stylesheet" href="/hospital/public/css/styles.css">
<link rel="stylesheet" href="https://cdnjs.cloudflare.com/ajax/libs/font-awesome/6.5.1/css/all.min.css">
</head>
<body>
<div class="login-wrapper">
<div class="login-card">
<div class="logo">
<div style="font-size:48px;margin-bottom:12px"><i class="fas fa-prescription-bottl
  User variables:
    target: http://localhost/hospital
    $environment: undefined
    $testId: tyrwb_hf3cergm9paphrkje9z4gkrz7e9jf_7x9j
    $dirname: tests
    $scenarioFile: C:\wamp64\www\hospital\mi-qa\tests\escenarios.yaml
    username: tester
    password: tester123
    nombre_medicamento: losartan
    cliente_id: 1
    $uuid: 39a5b690-3a11-4f86-92bd-617cc1dd96a9
* GET /hospital/?route=login 

  ok statusCode 200 
* GET /hospital/?route=home 

  ok statusCode 200 
* GET /hospital/?route=login 

* POST /hospital/?route=auth&action=login 

  ok statusCode 200 
  not ok statusCode 200 
  expected: 302
       got: 200
  Request params:
    http://localhost/hospital/?route=auth&action=login
    ""
  Headers:
  date: Wed, 06 May 2026 16:13:14 GMT
  server: Apache/2.4.65 (Win64) PHP/8.3.28 mod_fcgid/2.3.10-dev
  x-powered-by: PHP/8.3.28
  expires: Thu, 19 Nov 1981 08:52:00 GMT
  cache-control: no-store, no-cache, must-revalidate
  pragma: no-cache
  content-length: 1624
  keep-alive: timeout=5, max=97
  connection: Keep-Alive
  content-type: text/html; charset=UTF-8
  Body:
<!DOCTYPE html>
<html lang="es">
<head>
<meta charset="UTF-8">
<meta name="viewport" content="width=device-width,initial-scale=1.0">
<title>Iniciar Sesión — PharmaCRM</title>
<link rel="stylesheet" href="/hospital/public/css/styles.css">
<link rel="stylesheet" href="https://cdnjs.cloudflare.com/ajax/libs/font-awesome/6.5.1/css/all.min.css">
</head>
<body>
<div class="login-wrapper">
<div class="login-card">
<div class="logo">
<div style="font-size:48px;margin-bottom:12px"><i class="fas fa-prescription-bottl
  User variables:
    target: http://localhost/hospital
    $environment: undefined
    $testId: tyrwb_hf3cergm9paphrkje9z4gkrz7e9jf_7x9j
    $dirname: tests
    $scenarioFile: C:\wamp64\www\hospital\mi-qa\tests\escenarios.yaml
    username: username
    password: password
    nombre_medicamento: salbutamol
    cliente_id: 5
    $uuid: 2a2672d4-5b2b-4331-9c98-0d10c1666212
* GET /hospital/?route=home 

  ok statusCode 200 
* GET /hospital/?route=login 

  ok statusCode 200 
* GET /hospital/?route=home 

  ok statusCode 200 
* POST /hospital/?route=auth&action=login 

  not ok statusCode 200 
  expected: 302
       got: 200
  Request params:
    http://localhost/hospital/?route=auth&action=login
    ""
  Headers:
  date: Wed, 06 May 2026 16:13:14 GMT
  server: Apache/2.4.65 (Win64) PHP/8.3.28 mod_fcgid/2.3.10-dev
  x-powered-by: PHP/8.3.28
  expires: Thu, 19 Nov 1981 08:52:00 GMT
  cache-control: no-store, no-cache, must-revalidate
  pragma: no-cache
  content-length: 1624
  keep-alive: timeout=5, max=97
  connection: Keep-Alive
  content-type: text/html; charset=UTF-8
  Body:
<!DOCTYPE html>
<html lang="es">
<head>
<meta charset="UTF-8">
<meta name="viewport" content="width=device-width,initial-scale=1.0">
<title>Iniciar Sesión — PharmaCRM</title>
<link rel="stylesheet" href="/hospital/public/css/styles.css">
<link rel="stylesheet" href="https://cdnjs.cloudflare.com/ajax/libs/font-awesome/6.5.1/css/all.min.css">
</head>
<body>
<div class="login-wrapper">
<div class="login-card">
<div class="logo">
<div style="font-size:48px;margin-bottom:12px"><i class="fas fa-prescription-bottl
  User variables:
    target: http://localhost/hospital
    $environment: undefined
    $testId: tyrwb_hf3cergm9paphrkje9z4gkrz7e9jf_7x9j
    $dirname: tests
    $scenarioFile: C:\wamp64\www\hospital\mi-qa\tests\escenarios.yaml
    username: supervisor1
    password: supervisor123
    nombre_medicamento: enalapril
    cliente_id: 7
    $uuid: 313424e8-4412-43c9-8b45-9a9d0b5b25df
* POST /hospital/?route=auth&action=login 

  not ok statusCode 200 
  expected: 302
       got: 200
  Request params:
    http://localhost/hospital/?route=auth&action=login
    ""
  Headers:
  date: Wed, 06 May 2026 16:13:14 GMT
  server: Apache/2.4.65 (Win64) PHP/8.3.28 mod_fcgid/2.3.10-dev
  x-powered-by: PHP/8.3.28
  expires: Thu, 19 Nov 1981 08:52:00 GMT
  cache-control: no-store, no-cache, must-revalidate
  pragma: no-cache
  content-length: 1624
  keep-alive: timeout=5, max=97
  connection: Keep-Alive
  content-type: text/html; charset=UTF-8
  Body:
<!DOCTYPE html>
<html lang="es">
<head>
<meta charset="UTF-8">
<meta name="viewport" content="width=device-width,initial-scale=1.0">
<title>Iniciar Sesión — PharmaCRM</title>
<link rel="stylesheet" href="/hospital/public/css/styles.css">
<link rel="stylesheet" href="https://cdnjs.cloudflare.com/ajax/libs/font-awesome/6.5.1/css/all.min.css">
</head>
<body>
<div class="login-wrapper">
<div class="login-card">
<div class="logo">
<div style="font-size:48px;margin-bottom:12px"><i class="fas fa-prescription-bottl
  User variables:
    target: http://localhost/hospital
    $environment: undefined
    $testId: tyrwb_hf3cergm9paphrkje9z4gkrz7e9jf_7x9j
    $dirname: tests
    $scenarioFile: C:\wamp64\www\hospital\mi-qa\tests\escenarios.yaml
    username: supervisor1
    password: supervisor123
    nombre_medicamento: salbutamol
    cliente_id: cliente_id
    $uuid: 8caf9b1f-4372-4b64-98d9-7f6bbf7b5ae5
* GET /hospital/?route=login 

  ok statusCode 200 
* GET /hospital/?route=home 

  ok statusCode 200 
* POST /hospital/?route=auth&action=login 

  not ok statusCode 200 
  expected: 302
       got: 200
  Request params:
    http://localhost/hospital/?route=auth&action=login
    ""
  Headers:
  date: Wed, 06 May 2026 16:13:14 GMT
  server: Apache/2.4.65 (Win64) PHP/8.3.28 mod_fcgid/2.3.10-dev
  x-powered-by: PHP/8.3.28
  expires: Thu, 19 Nov 1981 08:52:00 GMT
  cache-control: no-store, no-cache, must-revalidate
  pragma: no-cache
  content-length: 1624
  keep-alive: timeout=5, max=97
  connection: Keep-Alive
  content-type: text/html; charset=UTF-8
  Body:
<!DOCTYPE html>
<html lang="es">
<head>
<meta charset="UTF-8">
<meta name="viewport" content="width=device-width,initial-scale=1.0">
<title>Iniciar Sesión — PharmaCRM</title>
<link rel="stylesheet" href="/hospital/public/css/styles.css">
<link rel="stylesheet" href="https://cdnjs.cloudflare.com/ajax/libs/font-awesome/6.5.1/css/all.min.css">
</head>
<body>
<div class="login-wrapper">
<div class="login-card">
<div class="logo">
<div style="font-size:48px;margin-bottom:12px"><i class="fas fa-prescription-bottl
  User variables:
    target: http://localhost/hospital
    $environment: undefined
    $testId: tyrwb_hf3cergm9paphrkje9z4gkrz7e9jf_7x9j
    $dirname: tests
    $scenarioFile: C:\wamp64\www\hospital\mi-qa\tests\escenarios.yaml
    username: tester
    password: tester123
    nombre_medicamento: omeprazol
    cliente_id: 3
    $uuid: 37d83f06-43cf-46bf-b1a5-6d3cc9c892b8
* GET /hospital/?route=home 

  ok statusCode 200 
* GET /hospital/?route=login 

* GET /hospital/?route=login 

  ok statusCode 200 
  ok statusCode 200 
* POST /hospital/?route=auth&action=login 

  not ok statusCode 200 
  expected: 302
       got: 200
  Request params:
    http://localhost/hospital/?route=auth&action=login
    ""
  Headers:
  date: Wed, 06 May 2026 16:13:14 GMT
  server: Apache/2.4.65 (Win64) PHP/8.3.28 mod_fcgid/2.3.10-dev
  x-powered-by: PHP/8.3.28
  expires: Thu, 19 Nov 1981 08:52:00 GMT
  cache-control: no-store, no-cache, must-revalidate
  pragma: no-cache
  content-length: 1624
  keep-alive: timeout=5, max=97
  connection: Keep-Alive
  content-type: text/html; charset=UTF-8
  Body:
<!DOCTYPE html>
<html lang="es">
<head>
<meta charset="UTF-8">
<meta name="viewport" content="width=device-width,initial-scale=1.0">
<title>Iniciar Sesión — PharmaCRM</title>
<link rel="stylesheet" href="/hospital/public/css/styles.css">
<link rel="stylesheet" href="https://cdnjs.cloudflare.com/ajax/libs/font-awesome/6.5.1/css/all.min.css">
</head>
<body>
<div class="login-wrapper">
<div class="login-card">
<div class="logo">
<div style="font-size:48px;margin-bottom:12px"><i class="fas fa-prescription-bottl
  User variables:
    target: http://localhost/hospital
    $environment: undefined
    $testId: tyrwb_hf3cergm9paphrkje9z4gkrz7e9jf_7x9j
    $dirname: tests
    $scenarioFile: C:\wamp64\www\hospital\mi-qa\tests\escenarios.yaml
    username: tester
    password: tester123
    nombre_medicamento: amoxicilina
    cliente_id: 3
    $uuid: e4e0ce32-d721-40d8-a51c-2c8426db64e4
* GET /hospital/?route=home 

  ok statusCode 200 
* POST /hospital/?route=auth&action=login 

  not ok statusCode 200 
  expected: 302
       got: 200
  Request params:
    http://localhost/hospital/?route=auth&action=login
    ""
  Headers:
  date: Wed, 06 May 2026 16:13:14 GMT
  server: Apache/2.4.65 (Win64) PHP/8.3.28 mod_fcgid/2.3.10-dev
  x-powered-by: PHP/8.3.28
  expires: Thu, 19 Nov 1981 08:52:00 GMT
  cache-control: no-store, no-cache, must-revalidate
  pragma: no-cache
  content-length: 1624
  keep-alive: timeout=5, max=97
  connection: Keep-Alive
  content-type: text/html; charset=UTF-8
  Body:
<!DOCTYPE html>
<html lang="es">
<head>
<meta charset="UTF-8">
<meta name="viewport" content="width=device-width,initial-scale=1.0">
<title>Iniciar Sesión — PharmaCRM</title>
<link rel="stylesheet" href="/hospital/public/css/styles.css">
<link rel="stylesheet" href="https://cdnjs.cloudflare.com/ajax/libs/font-awesome/6.5.1/css/all.min.css">
</head>
<body>
<div class="login-wrapper">
<div class="login-card">
<div class="logo">
<div style="font-size:48px;margin-bottom:12px"><i class="fas fa-prescription-bottl
  User variables:
    target: http://localhost/hospital
    $environment: undefined
    $testId: tyrwb_hf3cergm9paphrkje9z4gkrz7e9jf_7x9j
    $dirname: tests
    $scenarioFile: C:\wamp64\www\hospital\mi-qa\tests\escenarios.yaml
    username: supervisor1
    password: supervisor123
    nombre_medicamento: omeprazol
    cliente_id: 9
    $uuid: 608bab68-0cde-47c7-8b15-b309a034a49a
* GET /hospital/?route=login 

  ok statusCode 200 
* GET /hospital/?route=home 

  ok statusCode 200 
* POST /hospital/?route=auth&action=login 

  not ok statusCode 200 
  expected: 302
       got: 200
  Request params:
    http://localhost/hospital/?route=auth&action=login
    ""
  Headers:
  date: Wed, 06 May 2026 16:13:14 GMT
  server: Apache/2.4.65 (Win64) PHP/8.3.28 mod_fcgid/2.3.10-dev
  x-powered-by: PHP/8.3.28
  expires: Thu, 19 Nov 1981 08:52:00 GMT
  cache-control: no-store, no-cache, must-revalidate
  pragma: no-cache
  content-length: 1624
  keep-alive: timeout=5, max=97
  connection: Keep-Alive
  content-type: text/html; charset=UTF-8
  Body:
<!DOCTYPE html>
<html lang="es">
<head>
<meta charset="UTF-8">
<meta name="viewport" content="width=device-width,initial-scale=1.0">
<title>Iniciar Sesión — PharmaCRM</title>
<link rel="stylesheet" href="/hospital/public/css/styles.css">
<link rel="stylesheet" href="https://cdnjs.cloudflare.com/ajax/libs/font-awesome/6.5.1/css/all.min.css">
</head>
<body>
<div class="login-wrapper">
<div class="login-card">
<div class="logo">
<div style="font-size:48px;margin-bottom:12px"><i class="fas fa-prescription-bottl
  User variables:
    target: http://localhost/hospital
    $environment: undefined
    $testId: tyrwb_hf3cergm9paphrkje9z4gkrz7e9jf_7x9j
    $dirname: tests
    $scenarioFile: C:\wamp64\www\hospital\mi-qa\tests\escenarios.yaml
    username: tester
    password: tester123
    nombre_medicamento: salbutamol
    cliente_id: 1
    $uuid: f5c5b736-c368-4b1b-8336-5005d92264dc
* GET /hospital/?route=login 

* GET /hospital/?route=home 

  ok statusCode 200 
  ok statusCode 200 
* GET /hospital/?route=login 

  ok statusCode 200 
* GET /hospital/?route=home 

  ok statusCode 200 
* POST /hospital/?route=auth&action=login 

  not ok statusCode 200 
  expected: 302
       got: 200
  Request params:
    http://localhost/hospital/?route=auth&action=login
    ""
  Headers:
  date: Wed, 06 May 2026 16:13:14 GMT
  server: Apache/2.4.65 (Win64) PHP/8.3.28 mod_fcgid/2.3.10-dev
  x-powered-by: PHP/8.3.28
  expires: Thu, 19 Nov 1981 08:52:00 GMT
  cache-control: no-store, no-cache, must-revalidate
  pragma: no-cache
  content-length: 1624
  keep-alive: timeout=5, max=97
  connection: Keep-Alive
  content-type: text/html; charset=UTF-8
  Body:
<!DOCTYPE html>
<html lang="es">
<head>
<meta charset="UTF-8">
<meta name="viewport" content="width=device-width,initial-scale=1.0">
<title>Iniciar Sesión — PharmaCRM</title>
<link rel="stylesheet" href="/hospital/public/css/styles.css">
<link rel="stylesheet" href="https://cdnjs.cloudflare.com/ajax/libs/font-awesome/6.5.1/css/all.min.css">
</head>
<body>
<div class="login-wrapper">
<div class="login-card">
<div class="logo">
<div style="font-size:48px;margin-bottom:12px"><i class="fas fa-prescription-bottl
  User variables:
    target: http://localhost/hospital
    $environment: undefined
    $testId: tyrwb_hf3cergm9paphrkje9z4gkrz7e9jf_7x9j
    $dirname: tests
    $scenarioFile: C:\wamp64\www\hospital\mi-qa\tests\escenarios.yaml
    username: tester
    password: tester123
    nombre_medicamento: omeprazol
    cliente_id: 6
    $uuid: 5afbf04e-0513-44d5-8275-f09a87acf5c1
* POST /hospital/?route=auth&action=login 

  not ok statusCode 200 
  expected: 302
       got: 200
  Request params:
    http://localhost/hospital/?route=auth&action=login
    ""
  Headers:
  date: Wed, 06 May 2026 16:13:14 GMT
  server: Apache/2.4.65 (Win64) PHP/8.3.28 mod_fcgid/2.3.10-dev
  x-powered-by: PHP/8.3.28
  expires: Thu, 19 Nov 1981 08:52:00 GMT
  cache-control: no-store, no-cache, must-revalidate
  pragma: no-cache
  content-length: 1624
  keep-alive: timeout=5, max=97
  connection: Keep-Alive
  content-type: text/html; charset=UTF-8
  Body:
<!DOCTYPE html>
<html lang="es">
<head>
<meta charset="UTF-8">
<meta name="viewport" content="width=device-width,initial-scale=1.0">
<title>Iniciar Sesión — PharmaCRM</title>
<link rel="stylesheet" href="/hospital/public/css/styles.css">
<link rel="stylesheet" href="https://cdnjs.cloudflare.com/ajax/libs/font-awesome/6.5.1/css/all.min.css">
</head>
<body>
<div class="login-wrapper">
<div class="login-card">
<div class="logo">
<div style="font-size:48px;margin-bottom:12px"><i class="fas fa-prescription-bottl
  User variables:
    target: http://localhost/hospital
    $environment: undefined
    $testId: tyrwb_hf3cergm9paphrkje9z4gkrz7e9jf_7x9j
    $dirname: tests
    $scenarioFile: C:\wamp64\www\hospital\mi-qa\tests\escenarios.yaml
    username: username
    password: password
    nombre_medicamento: amoxicilina
    cliente_id: 4
    $uuid: 483b4c12-d784-464e-bff0-d8c786fe639b
* GET /hospital/?route=home 

  ok statusCode 200 
* GET /hospital/?route=login 

  ok statusCode 200 
* POST /hospital/?route=auth&action=login 

  not ok statusCode 200 
  expected: 302
       got: 200
  Request params:
    http://localhost/hospital/?route=auth&action=login
    ""
  Headers:
  date: Wed, 06 May 2026 16:13:14 GMT
  server: Apache/2.4.65 (Win64) PHP/8.3.28 mod_fcgid/2.3.10-dev
  x-powered-by: PHP/8.3.28
  expires: Thu, 19 Nov 1981 08:52:00 GMT
  cache-control: no-store, no-cache, must-revalidate
  pragma: no-cache
  content-length: 1624
  keep-alive: timeout=5, max=97
  connection: Keep-Alive
  content-type: text/html; charset=UTF-8
  Body:
<!DOCTYPE html>
<html lang="es">
<head>
<meta charset="UTF-8">
<meta name="viewport" content="width=device-width,initial-scale=1.0">
<title>Iniciar Sesión — PharmaCRM</title>
<link rel="stylesheet" href="/hospital/public/css/styles.css">
<link rel="stylesheet" href="https://cdnjs.cloudflare.com/ajax/libs/font-awesome/6.5.1/css/all.min.css">
</head>
<body>
<div class="login-wrapper">
<div class="login-card">
<div class="logo">
<div style="font-size:48px;margin-bottom:12px"><i class="fas fa-prescription-bottl
  User variables:
    target: http://localhost/hospital
    $environment: undefined
    $testId: tyrwb_hf3cergm9paphrkje9z4gkrz7e9jf_7x9j
    $dirname: tests
    $scenarioFile: C:\wamp64\www\hospital\mi-qa\tests\escenarios.yaml
    username: admin
    password: admin
    nombre_medicamento: metformina
    cliente_id: 9
    $uuid: 78c2f0d0-8e95-4be9-8e49-cd85f07ea5f7
* GET /hospital/?route=home 

  ok statusCode 200 
* GET /hospital/?route=login 

  ok statusCode 200 
* POST /hospital/?route=auth&action=login 

  not ok statusCode 200 
  expected: 302
       got: 200
  Request params:
    http://localhost/hospital/?route=auth&action=login
    ""
  Headers:
  date: Wed, 06 May 2026 16:13:14 GMT
  server: Apache/2.4.65 (Win64) PHP/8.3.28 mod_fcgid/2.3.10-dev
  x-powered-by: PHP/8.3.28
  expires: Thu, 19 Nov 1981 08:52:00 GMT
  cache-control: no-store, no-cache, must-revalidate
  pragma: no-cache
  content-length: 1624
  keep-alive: timeout=5, max=97
  connection: Keep-Alive
  content-type: text/html; charset=UTF-8
  Body:
<!DOCTYPE html>
<html lang="es">
<head>
<meta charset="UTF-8">
<meta name="viewport" content="width=device-width,initial-scale=1.0">
<title>Iniciar Sesión — PharmaCRM</title>
<link rel="stylesheet" href="/hospital/public/css/styles.css">
<link rel="stylesheet" href="https://cdnjs.cloudflare.com/ajax/libs/font-awesome/6.5.1/css/all.min.css">
</head>
<body>
<div class="login-wrapper">
<div class="login-card">
<div class="logo">
<div style="font-size:48px;margin-bottom:12px"><i class="fas fa-prescription-bottl
  User variables:
    target: http://localhost/hospital
    $environment: undefined
    $testId: tyrwb_hf3cergm9paphrkje9z4gkrz7e9jf_7x9j
    $dirname: tests
    $scenarioFile: C:\wamp64\www\hospital\mi-qa\tests\escenarios.yaml
    username: supervisor1
    password: supervisor123
    nombre_medicamento: dexametasona
    cliente_id: 7
    $uuid: f3d67636-0b91-422c-998c-02a6f85b3bd8
Phase completed: Fase Única: Jornada Completa (index: 0, duration: 60s) 11:13:14(-0500)

* GET /hospital/?route=home 

  ok statusCode 200 
* GET /hospital/?route=login 

  ok statusCode 200 
* POST /hospital/?route=auth&action=login 

  not ok statusCode 200 
  expected: 302
       got: 200
  Request params:
    http://localhost/hospital/?route=auth&action=login
    ""
  Headers:
  date: Wed, 06 May 2026 16:13:15 GMT
  server: Apache/2.4.65 (Win64) PHP/8.3.28 mod_fcgid/2.3.10-dev
  x-powered-by: PHP/8.3.28
  expires: Thu, 19 Nov 1981 08:52:00 GMT
  cache-control: no-store, no-cache, must-revalidate
  pragma: no-cache
  content-length: 1624
  keep-alive: timeout=5, max=97
  connection: Keep-Alive
  content-type: text/html; charset=UTF-8
  Body:
<!DOCTYPE html>
<html lang="es">
<head>
<meta charset="UTF-8">
<meta name="viewport" content="width=device-width,initial-scale=1.0">
<title>Iniciar Sesión — PharmaCRM</title>
<link rel="stylesheet" href="/hospital/public/css/styles.css">
<link rel="stylesheet" href="https://cdnjs.cloudflare.com/ajax/libs/font-awesome/6.5.1/css/all.min.css">
</head>
<body>
<div class="login-wrapper">
<div class="login-card">
<div class="logo">
<div style="font-size:48px;margin-bottom:12px"><i class="fas fa-prescription-bottl
  User variables:
    target: http://localhost/hospital
    $environment: undefined
    $testId: tyrwb_hf3cergm9paphrkje9z4gkrz7e9jf_7x9j
    $dirname: tests
    $scenarioFile: C:\wamp64\www\hospital\mi-qa\tests\escenarios.yaml
    username: vendedor1
    password: vendedor123
    nombre_medicamento: losartan
    cliente_id: 10
    $uuid: e9f43cf3-0979-4988-b82a-61333342170d
* GET /hospital/?route=home 

  ok statusCode 200 
* GET /hospital/?route=login 

  ok statusCode 200 
* POST /hospital/?route=auth&action=login 

  not ok statusCode 200 
  expected: 302
       got: 200
  Request params:
    http://localhost/hospital/?route=auth&action=login
    ""
  Headers:
  date: Wed, 06 May 2026 16:13:15 GMT
  server: Apache/2.4.65 (Win64) PHP/8.3.28 mod_fcgid/2.3.10-dev
  x-powered-by: PHP/8.3.28
  expires: Thu, 19 Nov 1981 08:52:00 GMT
  cache-control: no-store, no-cache, must-revalidate
  pragma: no-cache
  content-length: 1624
  keep-alive: timeout=5, max=97
  connection: Keep-Alive
  content-type: text/html; charset=UTF-8
  Body:
<!DOCTYPE html>
<html lang="es">
<head>
<meta charset="UTF-8">
<meta name="viewport" content="width=device-width,initial-scale=1.0">
<title>Iniciar Sesión — PharmaCRM</title>
<link rel="stylesheet" href="/hospital/public/css/styles.css">
<link rel="stylesheet" href="https://cdnjs.cloudflare.com/ajax/libs/font-awesome/6.5.1/css/all.min.css">
</head>
<body>
<div class="login-wrapper">
<div class="login-card">
<div class="logo">
<div style="font-size:48px;margin-bottom:12px"><i class="fas fa-prescription-bottl
  User variables:
    target: http://localhost/hospital
    $environment: undefined
    $testId: tyrwb_hf3cergm9paphrkje9z4gkrz7e9jf_7x9j
    $dirname: tests
    $scenarioFile: C:\wamp64\www\hospital\mi-qa\tests\escenarios.yaml
    username: tester
    password: tester123
    nombre_medicamento: amoxicilina
    cliente_id: 10
    $uuid: 0b402dd6-184d-46be-a015-5c3fde3bcf81
* GET /hospital/?route=login 

  ok statusCode 200 
* GET /hospital/?route=home 

  ok statusCode 200 
* GET /hospital/?route=home 

  ok statusCode 200 
* POST /hospital/?route=auth&action=login 

  not ok statusCode 200 
  expected: 302
       got: 200
  Request params:
    http://localhost/hospital/?route=auth&action=login
    ""
  Headers:
  date: Wed, 06 May 2026 16:13:15 GMT
  server: Apache/2.4.65 (Win64) PHP/8.3.28 mod_fcgid/2.3.10-dev
  x-powered-by: PHP/8.3.28
  expires: Thu, 19 Nov 1981 08:52:00 GMT
  cache-control: no-store, no-cache, must-revalidate
  pragma: no-cache
  content-length: 1624
  keep-alive: timeout=5, max=97
  connection: Keep-Alive
  content-type: text/html; charset=UTF-8
  Body:
<!DOCTYPE html>
<html lang="es">
<head>
<meta charset="UTF-8">
<meta name="viewport" content="width=device-width,initial-scale=1.0">
<title>Iniciar Sesión — PharmaCRM</title>
<link rel="stylesheet" href="/hospital/public/css/styles.css">
<link rel="stylesheet" href="https://cdnjs.cloudflare.com/ajax/libs/font-awesome/6.5.1/css/all.min.css">
</head>
<body>
<div class="login-wrapper">
<div class="login-card">
<div class="logo">
<div style="font-size:48px;margin-bottom:12px"><i class="fas fa-prescription-bottl
  User variables:
    target: http://localhost/hospital
    $environment: undefined
    $testId: tyrwb_hf3cergm9paphrkje9z4gkrz7e9jf_7x9j
    $dirname: tests
    $scenarioFile: C:\wamp64\www\hospital\mi-qa\tests\escenarios.yaml
    username: username
    password: password
    nombre_medicamento: acetaminofen
    cliente_id: 4
    $uuid: 023042f0-0130-4417-bf29-d7762d9738a4
* POST /hospital/?route=auth&action=login 

  not ok statusCode 200 
  expected: 302
       got: 200
  Request params:
    http://localhost/hospital/?route=auth&action=login
    ""
  Headers:
  date: Wed, 06 May 2026 16:13:15 GMT
  server: Apache/2.4.65 (Win64) PHP/8.3.28 mod_fcgid/2.3.10-dev
  x-powered-by: PHP/8.3.28
  expires: Thu, 19 Nov 1981 08:52:00 GMT
  cache-control: no-store, no-cache, must-revalidate
  pragma: no-cache
  content-length: 1624
  keep-alive: timeout=5, max=97
  connection: Keep-Alive
  content-type: text/html; charset=UTF-8
  Body:
<!DOCTYPE html>
<html lang="es">
<head>
<meta charset="UTF-8">
<meta name="viewport" content="width=device-width,initial-scale=1.0">
<title>Iniciar Sesión — PharmaCRM</title>
<link rel="stylesheet" href="/hospital/public/css/styles.css">
<link rel="stylesheet" href="https://cdnjs.cloudflare.com/ajax/libs/font-awesome/6.5.1/css/all.min.css">
</head>
<body>
<div class="login-wrapper">
<div class="login-card">
<div class="logo">
<div style="font-size:48px;margin-bottom:12px"><i class="fas fa-prescription-bottl
  User variables:
    target: http://localhost/hospital
    $environment: undefined
    $testId: tyrwb_hf3cergm9paphrkje9z4gkrz7e9jf_7x9j
    $dirname: tests
    $scenarioFile: C:\wamp64\www\hospital\mi-qa\tests\escenarios.yaml
    username: supervisor1
    password: supervisor123
    nombre_medicamento: salbutamol
    cliente_id: 10
    $uuid: a078ca29-9512-44e3-9d98-c1e11d95bce4
* GET /hospital/?route=login 

  ok statusCode 200 
* GET /hospital/?route=home 

  ok statusCode 200 
* POST /hospital/?route=auth&action=login 

  not ok statusCode 200 
  expected: 302
       got: 200
  Request params:
    http://localhost/hospital/?route=auth&action=login
    ""
  Headers:
  date: Wed, 06 May 2026 16:13:15 GMT
  server: Apache/2.4.65 (Win64) PHP/8.3.28 mod_fcgid/2.3.10-dev
  x-powered-by: PHP/8.3.28
  expires: Thu, 19 Nov 1981 08:52:00 GMT
  cache-control: no-store, no-cache, must-revalidate
  pragma: no-cache
  content-length: 1624
  keep-alive: timeout=5, max=97
  connection: Keep-Alive
  content-type: text/html; charset=UTF-8
  Body:
<!DOCTYPE html>
<html lang="es">
<head>
<meta charset="UTF-8">
<meta name="viewport" content="width=device-width,initial-scale=1.0">
<title>Iniciar Sesión — PharmaCRM</title>
<link rel="stylesheet" href="/hospital/public/css/styles.css">
<link rel="stylesheet" href="https://cdnjs.cloudflare.com/ajax/libs/font-awesome/6.5.1/css/all.min.css">
</head>
<body>
<div class="login-wrapper">
<div class="login-card">
<div class="logo">
<div style="font-size:48px;margin-bottom:12px"><i class="fas fa-prescription-bottl
  User variables:
    target: http://localhost/hospital
    $environment: undefined
    $testId: tyrwb_hf3cergm9paphrkje9z4gkrz7e9jf_7x9j
    $dirname: tests
    $scenarioFile: C:\wamp64\www\hospital\mi-qa\tests\escenarios.yaml
    username: tester
    password: tester123
    nombre_medicamento: losartan
    cliente_id: 1
    $uuid: 260e285a-4f4e-45fa-b94f-9dbcb78c0ec2
* GET /hospital/?route=login 

  ok statusCode 200 
* GET /hospital/?route=home 

  ok statusCode 200 
* GET /hospital/?route=home 

* GET /hospital/?route=login 

  ok statusCode 200 
  ok statusCode 200 
* GET /hospital/?route=login 

  ok statusCode 200 
* POST /hospital/?route=auth&action=login 

  not ok statusCode 200 
  expected: 302
       got: 200
  Request params:
    http://localhost/hospital/?route=auth&action=login
    ""
  Headers:
  date: Wed, 06 May 2026 16:13:15 GMT
  server: Apache/2.4.65 (Win64) PHP/8.3.28 mod_fcgid/2.3.10-dev
  x-powered-by: PHP/8.3.28
  expires: Thu, 19 Nov 1981 08:52:00 GMT
  cache-control: no-store, no-cache, must-revalidate
  pragma: no-cache
  content-length: 1624
  keep-alive: timeout=5, max=97
  connection: Keep-Alive
  content-type: text/html; charset=UTF-8
  Body:
<!DOCTYPE html>
<html lang="es">
<head>
<meta charset="UTF-8">
<meta name="viewport" content="width=device-width,initial-scale=1.0">
<title>Iniciar Sesión — PharmaCRM</title>
<link rel="stylesheet" href="/hospital/public/css/styles.css">
<link rel="stylesheet" href="https://cdnjs.cloudflare.com/ajax/libs/font-awesome/6.5.1/css/all.min.css">
</head>
<body>
<div class="login-wrapper">
<div class="login-card">
<div class="logo">
<div style="font-size:48px;margin-bottom:12px"><i class="fas fa-prescription-bottl
  User variables:
    target: http://localhost/hospital
    $environment: undefined
    $testId: tyrwb_hf3cergm9paphrkje9z4gkrz7e9jf_7x9j
    $dirname: tests
    $scenarioFile: C:\wamp64\www\hospital\mi-qa\tests\escenarios.yaml
    username: tester
    password: tester123
    nombre_medicamento: amoxicilina
    cliente_id: 8
    $uuid: 6c1754eb-24b5-4ea2-aeb5-09a5fe79f3d8
* POST /hospital/?route=auth&action=login 

  not ok statusCode 200 
  expected: 302
       got: 200
  Request params:
    http://localhost/hospital/?route=auth&action=login
    ""
  Headers:
  date: Wed, 06 May 2026 16:13:15 GMT
  server: Apache/2.4.65 (Win64) PHP/8.3.28 mod_fcgid/2.3.10-dev
  x-powered-by: PHP/8.3.28
  expires: Thu, 19 Nov 1981 08:52:00 GMT
  cache-control: no-store, no-cache, must-revalidate
  pragma: no-cache
  content-length: 1624
  keep-alive: timeout=5, max=97
  connection: Keep-Alive
  content-type: text/html; charset=UTF-8
  Body:
<!DOCTYPE html>
<html lang="es">
<head>
<meta charset="UTF-8">
<meta name="viewport" content="width=device-width,initial-scale=1.0">
<title>Iniciar Sesión — PharmaCRM</title>
<link rel="stylesheet" href="/hospital/public/css/styles.css">
<link rel="stylesheet" href="https://cdnjs.cloudflare.com/ajax/libs/font-awesome/6.5.1/css/all.min.css">
</head>
<body>
<div class="login-wrapper">
<div class="login-card">
<div class="logo">
<div style="font-size:48px;margin-bottom:12px"><i class="fas fa-prescription-bottl
  User variables:
    target: http://localhost/hospital
    $environment: undefined
    $testId: tyrwb_hf3cergm9paphrkje9z4gkrz7e9jf_7x9j
    $dirname: tests
    $scenarioFile: C:\wamp64\www\hospital\mi-qa\tests\escenarios.yaml
    username: supervisor1
    password: supervisor123
    nombre_medicamento: losartan
    cliente_id: 7
    $uuid: 7a4a28bc-8953-4e89-a41e-fa0da72c3f49
* GET /hospital/?route=home 

  ok statusCode 200 
* GET /hospital/?route=login 

  ok statusCode 200 
* POST /hospital/?route=auth&action=login 

  not ok statusCode 200 
  expected: 302
       got: 200
  Request params:
    http://localhost/hospital/?route=auth&action=login
    ""
  Headers:
  date: Wed, 06 May 2026 16:13:15 GMT
  server: Apache/2.4.65 (Win64) PHP/8.3.28 mod_fcgid/2.3.10-dev
  x-powered-by: PHP/8.3.28
  expires: Thu, 19 Nov 1981 08:52:00 GMT
  cache-control: no-store, no-cache, must-revalidate
  pragma: no-cache
  content-length: 1624
  keep-alive: timeout=5, max=97
  connection: Keep-Alive
  content-type: text/html; charset=UTF-8
  Body:
<!DOCTYPE html>
<html lang="es">
<head>
<meta charset="UTF-8">
<meta name="viewport" content="width=device-width,initial-scale=1.0">
<title>Iniciar Sesión — PharmaCRM</title>
<link rel="stylesheet" href="/hospital/public/css/styles.css">
<link rel="stylesheet" href="https://cdnjs.cloudflare.com/ajax/libs/font-awesome/6.5.1/css/all.min.css">
</head>
<body>
<div class="login-wrapper">
<div class="login-card">
<div class="logo">
<div style="font-size:48px;margin-bottom:12px"><i class="fas fa-prescription-bottl
  User variables:
    target: http://localhost/hospital
    $environment: undefined
    $testId: tyrwb_hf3cergm9paphrkje9z4gkrz7e9jf_7x9j
    $dirname: tests
    $scenarioFile: C:\wamp64\www\hospital\mi-qa\tests\escenarios.yaml
    username: vendedor1
    password: vendedor123
    nombre_medicamento: metformina
    cliente_id: 2
    $uuid: 6a7b3258-898d-41d9-8502-4522bfeaee16
* GET /hospital/?route=home 

  ok statusCode 200 
* GET /hospital/?route=login 

  ok statusCode 200 
* POST /hospital/?route=auth&action=login 

* POST /hospital/?route=auth&action=login 

  not ok statusCode 200 
  expected: 302
       got: 200
  Request params:
    http://localhost/hospital/?route=auth&action=login
    ""
  Headers:
  date: Wed, 06 May 2026 16:13:15 GMT
  server: Apache/2.4.65 (Win64) PHP/8.3.28 mod_fcgid/2.3.10-dev
  x-powered-by: PHP/8.3.28
  expires: Thu, 19 Nov 1981 08:52:00 GMT
  cache-control: no-store, no-cache, must-revalidate
  pragma: no-cache
  content-length: 1624
  keep-alive: timeout=5, max=97
  connection: Keep-Alive
  content-type: text/html; charset=UTF-8
  Body:
<!DOCTYPE html>
<html lang="es">
<head>
<meta charset="UTF-8">
<meta name="viewport" content="width=device-width,initial-scale=1.0">
<title>Iniciar Sesión — PharmaCRM</title>
<link rel="stylesheet" href="/hospital/public/css/styles.css">
<link rel="stylesheet" href="https://cdnjs.cloudflare.com/ajax/libs/font-awesome/6.5.1/css/all.min.css">
</head>
<body>
<div class="login-wrapper">
<div class="login-card">
<div class="logo">
<div style="font-size:48px;margin-bottom:12px"><i class="fas fa-prescription-bottl
  User variables:
    target: http://localhost/hospital
    $environment: undefined
    $testId: tyrwb_hf3cergm9paphrkje9z4gkrz7e9jf_7x9j
    $dirname: tests
    $scenarioFile: C:\wamp64\www\hospital\mi-qa\tests\escenarios.yaml
    username: username
    password: password
    nombre_medicamento: omeprazol
    cliente_id: 6
    $uuid: 8c6573b8-514a-4a21-a8f1-25d341412011
  not ok statusCode 200 
  expected: 302
       got: 200
  Request params:
    http://localhost/hospital/?route=auth&action=login
    ""
  Headers:
  date: Wed, 06 May 2026 16:13:15 GMT
  server: Apache/2.4.65 (Win64) PHP/8.3.28 mod_fcgid/2.3.10-dev
  x-powered-by: PHP/8.3.28
  expires: Thu, 19 Nov 1981 08:52:00 GMT
  cache-control: no-store, no-cache, must-revalidate
  pragma: no-cache
  content-length: 1624
  keep-alive: timeout=5, max=97
  connection: Keep-Alive
  content-type: text/html; charset=UTF-8
  Body:
<!DOCTYPE html>
<html lang="es">
<head>
<meta charset="UTF-8">
<meta name="viewport" content="width=device-width,initial-scale=1.0">
<title>Iniciar Sesión — PharmaCRM</title>
<link rel="stylesheet" href="/hospital/public/css/styles.css">
<link rel="stylesheet" href="https://cdnjs.cloudflare.com/ajax/libs/font-awesome/6.5.1/css/all.min.css">
</head>
<body>
<div class="login-wrapper">
<div class="login-card">
<div class="logo">
<div style="font-size:48px;margin-bottom:12px"><i class="fas fa-prescription-bottl
  User variables:
    target: http://localhost/hospital
    $environment: undefined
    $testId: tyrwb_hf3cergm9paphrkje9z4gkrz7e9jf_7x9j
    $dirname: tests
    $scenarioFile: C:\wamp64\www\hospital\mi-qa\tests\escenarios.yaml
    username: admin
    password: admin
    nombre_medicamento: metformina
    cliente_id: 8
    $uuid: 66ddb2fc-d23a-41d2-a301-92ac4a231458
* GET /hospital/?route=login 

  ok statusCode 200 
* GET /hospital/?route=home 

  ok statusCode 200 
* GET /hospital/?route=login 

  ok statusCode 200 
* GET /hospital/?route=login 

  ok statusCode 200 
* GET /hospital/?route=home 

  ok statusCode 200 
* POST /hospital/?route=auth&action=login 

  not ok statusCode 200 
  expected: 302
       got: 200
  Request params:
    http://localhost/hospital/?route=auth&action=login
    ""
  Headers:
  date: Wed, 06 May 2026 16:13:15 GMT
  server: Apache/2.4.65 (Win64) PHP/8.3.28 mod_fcgid/2.3.10-dev
  x-powered-by: PHP/8.3.28
  expires: Thu, 19 Nov 1981 08:52:00 GMT
  cache-control: no-store, no-cache, must-revalidate
  pragma: no-cache
  content-length: 1624
  keep-alive: timeout=5, max=97
  connection: Keep-Alive
  content-type: text/html; charset=UTF-8
  Body:
<!DOCTYPE html>
<html lang="es">
<head>
<meta charset="UTF-8">
<meta name="viewport" content="width=device-width,initial-scale=1.0">
<title>Iniciar Sesión — PharmaCRM</title>
<link rel="stylesheet" href="/hospital/public/css/styles.css">
<link rel="stylesheet" href="https://cdnjs.cloudflare.com/ajax/libs/font-awesome/6.5.1/css/all.min.css">
</head>
<body>
<div class="login-wrapper">
<div class="login-card">
<div class="logo">
<div style="font-size:48px;margin-bottom:12px"><i class="fas fa-prescription-bottl
  User variables:
    target: http://localhost/hospital
    $environment: undefined
    $testId: tyrwb_hf3cergm9paphrkje9z4gkrz7e9jf_7x9j
    $dirname: tests
    $scenarioFile: C:\wamp64\www\hospital\mi-qa\tests\escenarios.yaml
    username: admin
    password: admin
    nombre_medicamento: loratadina
    cliente_id: 4
    $uuid: a008e56c-4492-4466-bee4-11e3c77ad695
* GET /hospital/?route=login 

  ok statusCode 200 
* POST /hospital/?route=auth&action=login 

* POST /hospital/?route=auth&action=login 

  not ok statusCode 200 
  expected: 302
       got: 200
  Request params:
    http://localhost/hospital/?route=auth&action=login
    ""
  Headers:
  date: Wed, 06 May 2026 16:13:15 GMT
  server: Apache/2.4.65 (Win64) PHP/8.3.28 mod_fcgid/2.3.10-dev
  x-powered-by: PHP/8.3.28
  expires: Thu, 19 Nov 1981 08:52:00 GMT
  cache-control: no-store, no-cache, must-revalidate
  pragma: no-cache
  content-length: 1624
  keep-alive: timeout=5, max=97
  connection: Keep-Alive
  content-type: text/html; charset=UTF-8
  Body:
<!DOCTYPE html>
<html lang="es">
<head>
<meta charset="UTF-8">
<meta name="viewport" content="width=device-width,initial-scale=1.0">
<title>Iniciar Sesión — PharmaCRM</title>
<link rel="stylesheet" href="/hospital/public/css/styles.css">
<link rel="stylesheet" href="https://cdnjs.cloudflare.com/ajax/libs/font-awesome/6.5.1/css/all.min.css">
</head>
<body>
<div class="login-wrapper">
<div class="login-card">
<div class="logo">
<div style="font-size:48px;margin-bottom:12px"><i class="fas fa-prescription-bottl
  User variables:
    target: http://localhost/hospital
    $environment: undefined
    $testId: tyrwb_hf3cergm9paphrkje9z4gkrz7e9jf_7x9j
    $dirname: tests
    $scenarioFile: C:\wamp64\www\hospital\mi-qa\tests\escenarios.yaml
    username: supervisor1
    password: supervisor123
    nombre_medicamento: loratadina
    cliente_id: 6
    $uuid: 7a0e5ba3-82bc-46be-bcc3-08bee79d7f3a
  not ok statusCode 200 
  expected: 302
       got: 200
  Request params:
    http://localhost/hospital/?route=auth&action=login
    ""
  Headers:
  date: Wed, 06 May 2026 16:13:15 GMT
  server: Apache/2.4.65 (Win64) PHP/8.3.28 mod_fcgid/2.3.10-dev
  x-powered-by: PHP/8.3.28
  expires: Thu, 19 Nov 1981 08:52:00 GMT
  cache-control: no-store, no-cache, must-revalidate
  pragma: no-cache
  content-length: 1624
  keep-alive: timeout=5, max=97
  connection: Keep-Alive
  content-type: text/html; charset=UTF-8
  Body:
<!DOCTYPE html>
<html lang="es">
<head>
<meta charset="UTF-8">
<meta name="viewport" content="width=device-width,initial-scale=1.0">
<title>Iniciar Sesión — PharmaCRM</title>
<link rel="stylesheet" href="/hospital/public/css/styles.css">
<link rel="stylesheet" href="https://cdnjs.cloudflare.com/ajax/libs/font-awesome/6.5.1/css/all.min.css">
</head>
<body>
<div class="login-wrapper">
<div class="login-card">
<div class="logo">
<div style="font-size:48px;margin-bottom:12px"><i class="fas fa-prescription-bottl
  User variables:
    target: http://localhost/hospital
    $environment: undefined
    $testId: tyrwb_hf3cergm9paphrkje9z4gkrz7e9jf_7x9j
    $dirname: tests
    $scenarioFile: C:\wamp64\www\hospital\mi-qa\tests\escenarios.yaml
    username: supervisor1
    password: supervisor123
    nombre_medicamento: losartan
    cliente_id: 9
    $uuid: 94bb977b-e595-4f8a-a2ab-d7d13e65ea73
* GET /hospital/?route=login 

  ok statusCode 200 
* POST /hospital/?route=auth&action=login 

  not ok statusCode 200 
  expected: 302
       got: 200
  Request params:
    http://localhost/hospital/?route=auth&action=login
    ""
  Headers:
  date: Wed, 06 May 2026 16:13:15 GMT
  server: Apache/2.4.65 (Win64) PHP/8.3.28 mod_fcgid/2.3.10-dev
  x-powered-by: PHP/8.3.28
  expires: Thu, 19 Nov 1981 08:52:00 GMT
  cache-control: no-store, no-cache, must-revalidate
  pragma: no-cache
  content-length: 1624
  keep-alive: timeout=5, max=97
  connection: Keep-Alive
  content-type: text/html; charset=UTF-8
  Body:
<!DOCTYPE html>
<html lang="es">
<head>
<meta charset="UTF-8">
<meta name="viewport" content="width=device-width,initial-scale=1.0">
<title>Iniciar Sesión — PharmaCRM</title>
<link rel="stylesheet" href="/hospital/public/css/styles.css">
<link rel="stylesheet" href="https://cdnjs.cloudflare.com/ajax/libs/font-awesome/6.5.1/css/all.min.css">
</head>
<body>
<div class="login-wrapper">
<div class="login-card">
<div class="logo">
<div style="font-size:48px;margin-bottom:12px"><i class="fas fa-prescription-bottl
  User variables:
    target: http://localhost/hospital
    $environment: undefined
    $testId: tyrwb_hf3cergm9paphrkje9z4gkrz7e9jf_7x9j
    $dirname: tests
    $scenarioFile: C:\wamp64\www\hospital\mi-qa\tests\escenarios.yaml
    username: vendedor1
    password: vendedor123
    nombre_medicamento: loratadina
    cliente_id: 7
    $uuid: 8002e4e0-1df5-40a1-af54-5433ea554951
* GET /hospital/?route=login 

  ok statusCode 200 
* POST /hospital/?route=auth&action=login 

  not ok statusCode 200 
  expected: 302
       got: 200
  Request params:
    http://localhost/hospital/?route=auth&action=login
    ""
  Headers:
  date: Wed, 06 May 2026 16:13:15 GMT
  server: Apache/2.4.65 (Win64) PHP/8.3.28 mod_fcgid/2.3.10-dev
  x-powered-by: PHP/8.3.28
  expires: Thu, 19 Nov 1981 08:52:00 GMT
  cache-control: no-store, no-cache, must-revalidate
  pragma: no-cache
  content-length: 1624
  keep-alive: timeout=5, max=97
  connection: Keep-Alive
  content-type: text/html; charset=UTF-8
  Body:
<!DOCTYPE html>
<html lang="es">
<head>
<meta charset="UTF-8">
<meta name="viewport" content="width=device-width,initial-scale=1.0">
<title>Iniciar Sesión — PharmaCRM</title>
<link rel="stylesheet" href="/hospital/public/css/styles.css">
<link rel="stylesheet" href="https://cdnjs.cloudflare.com/ajax/libs/font-awesome/6.5.1/css/all.min.css">
</head>
<body>
<div class="login-wrapper">
<div class="login-card">
<div class="logo">
<div style="font-size:48px;margin-bottom:12px"><i class="fas fa-prescription-bottl
  User variables:
    target: http://localhost/hospital
    $environment: undefined
    $testId: tyrwb_hf3cergm9paphrkje9z4gkrz7e9jf_7x9j
    $dirname: tests
    $scenarioFile: C:\wamp64\www\hospital\mi-qa\tests\escenarios.yaml
    username: vendedor1
    password: vendedor123
    nombre_medicamento: nombre_medicamento
    cliente_id: 5
    $uuid: d9becef2-756d-4440-a54f-11bded9fb794
--------------------------------------
Metrics for period to: 11:13:10(-0500) (width: 9.981s)
--------------------------------------

errors.Failed capture or match: ................................................ 130
http.codes.200: ................................................................ 394
http.codes.302: ................................................................ 129
http.downloaded_bytes: ......................................................... 4594291
http.request_rate: ............................................................. 53/sec
http.requests: ................................................................. 523
http.response_time:
  min: ......................................................................... 1
  max: ......................................................................... 41
  mean: ........................................................................ 9.3
  median: ...................................................................... 5
  p95: ......................................................................... 26.8
  p99: ......................................................................... 32.1
http.response_time.2xx:
  min: ......................................................................... 1
  max: ......................................................................... 41
  mean: ........................................................................ 7.1
  median: ...................................................................... 3
  p95: ......................................................................... 26.8
  p99: ......................................................................... 32.1
http.response_time.3xx:
  min: ......................................................................... 4
  max: ......................................................................... 35
  mean: ........................................................................ 16
  median: ...................................................................... 18
  p95: ......................................................................... 25.8
  p99: ......................................................................... 30.3
http.responses: ................................................................ 523
plugins.expect.failed: ......................................................... 130
plugins.expect.failed.statusCode: .............................................. 130
plugins.expect.ok: ............................................................. 264
plugins.expect.ok.statusCode: .................................................. 264
vusers.created: ................................................................ 133
vusers.created_by_name.Jornada Completa PharmaCRM (5 Etapas Consecutivas): ..... 133
vusers.failed: ................................................................. 130


* GET /hospital/?route=login 

  ok statusCode 200 
* POST /hospital/?route=auth&action=login 

  not ok statusCode 200 
  expected: 302
       got: 200
  Request params:
    http://localhost/hospital/?route=auth&action=login
    ""
  Headers:
  date: Wed, 06 May 2026 16:13:16 GMT
  server: Apache/2.4.65 (Win64) PHP/8.3.28 mod_fcgid/2.3.10-dev
  x-powered-by: PHP/8.3.28
  expires: Thu, 19 Nov 1981 08:52:00 GMT
  cache-control: no-store, no-cache, must-revalidate
  pragma: no-cache
  content-length: 1624
  keep-alive: timeout=5, max=97
  connection: Keep-Alive
  content-type: text/html; charset=UTF-8
  Body:
<!DOCTYPE html>
<html lang="es">
<head>
<meta charset="UTF-8">
<meta name="viewport" content="width=device-width,initial-scale=1.0">
<title>Iniciar Sesión — PharmaCRM</title>
<link rel="stylesheet" href="/hospital/public/css/styles.css">
<link rel="stylesheet" href="https://cdnjs.cloudflare.com/ajax/libs/font-awesome/6.5.1/css/all.min.css">
</head>
<body>
<div class="login-wrapper">
<div class="login-card">
<div class="logo">
<div style="font-size:48px;margin-bottom:12px"><i class="fas fa-prescription-bottl
  User variables:
    target: http://localhost/hospital
    $environment: undefined
    $testId: tyrwb_hf3cergm9paphrkje9z4gkrz7e9jf_7x9j
    $dirname: tests
    $scenarioFile: C:\wamp64\www\hospital\mi-qa\tests\escenarios.yaml
    username: tester
    password: tester123
    nombre_medicamento: metformina
    cliente_id: 9
    $uuid: e22b2344-ef4b-4e2d-9e3d-d383e8787733
* GET /hospital/?route=login 

  ok statusCode 200 
* POST /hospital/?route=auth&action=login 

  not ok statusCode 200 
  expected: 302
       got: 200
  Request params:
    http://localhost/hospital/?route=auth&action=login
    ""
  Headers:
  date: Wed, 06 May 2026 16:13:16 GMT
  server: Apache/2.4.65 (Win64) PHP/8.3.28 mod_fcgid/2.3.10-dev
  x-powered-by: PHP/8.3.28
  expires: Thu, 19 Nov 1981 08:52:00 GMT
  cache-control: no-store, no-cache, must-revalidate
  pragma: no-cache
  content-length: 1624
  keep-alive: timeout=5, max=97
  connection: Keep-Alive
  content-type: text/html; charset=UTF-8
  Body:
<!DOCTYPE html>
<html lang="es">
<head>
<meta charset="UTF-8">
<meta name="viewport" content="width=device-width,initial-scale=1.0">
<title>Iniciar Sesión — PharmaCRM</title>
<link rel="stylesheet" href="/hospital/public/css/styles.css">
<link rel="stylesheet" href="https://cdnjs.cloudflare.com/ajax/libs/font-awesome/6.5.1/css/all.min.css">
</head>
<body>
<div class="login-wrapper">
<div class="login-card">
<div class="logo">
<div style="font-size:48px;margin-bottom:12px"><i class="fas fa-prescription-bottl
  User variables:
    target: http://localhost/hospital
    $environment: undefined
    $testId: tyrwb_hf3cergm9paphrkje9z4gkrz7e9jf_7x9j
    $dirname: tests
    $scenarioFile: C:\wamp64\www\hospital\mi-qa\tests\escenarios.yaml
    username: admin
    password: admin
    nombre_medicamento: acetaminofen
    cliente_id: 2
    $uuid: 5b081942-e14b-4145-bcd1-6d1cbdee5a7c
* GET /hospital/?route=login 

  ok statusCode 200 
* GET /hospital/?route=login 

  ok statusCode 200 
* POST /hospital/?route=auth&action=login 

  not ok statusCode 200 
  expected: 302
       got: 200
  Request params:
    http://localhost/hospital/?route=auth&action=login
    ""
  Headers:
  date: Wed, 06 May 2026 16:13:16 GMT
  server: Apache/2.4.65 (Win64) PHP/8.3.28 mod_fcgid/2.3.10-dev
  x-powered-by: PHP/8.3.28
  expires: Thu, 19 Nov 1981 08:52:00 GMT
  cache-control: no-store, no-cache, must-revalidate
  pragma: no-cache
  content-length: 1624
  keep-alive: timeout=5, max=97
  connection: Keep-Alive
  content-type: text/html; charset=UTF-8
  Body:
<!DOCTYPE html>
<html lang="es">
<head>
<meta charset="UTF-8">
<meta name="viewport" content="width=device-width,initial-scale=1.0">
<title>Iniciar Sesión — PharmaCRM</title>
<link rel="stylesheet" href="/hospital/public/css/styles.css">
<link rel="stylesheet" href="https://cdnjs.cloudflare.com/ajax/libs/font-awesome/6.5.1/css/all.min.css">
</head>
<body>
<div class="login-wrapper">
<div class="login-card">
<div class="logo">
<div style="font-size:48px;margin-bottom:12px"><i class="fas fa-prescription-bottl
  User variables:
    target: http://localhost/hospital
    $environment: undefined
    $testId: tyrwb_hf3cergm9paphrkje9z4gkrz7e9jf_7x9j
    $dirname: tests
    $scenarioFile: C:\wamp64\www\hospital\mi-qa\tests\escenarios.yaml
    username: admin
    password: admin
    nombre_medicamento: dexametasona
    cliente_id: 4
    $uuid: f081b137-ecdf-455d-a330-74b17a8e9e99
* POST /hospital/?route=auth&action=login 

  not ok statusCode 200 
  expected: 302
       got: 200
  Request params:
    http://localhost/hospital/?route=auth&action=login
    ""
  Headers:
  date: Wed, 06 May 2026 16:13:16 GMT
  server: Apache/2.4.65 (Win64) PHP/8.3.28 mod_fcgid/2.3.10-dev
  x-powered-by: PHP/8.3.28
  expires: Thu, 19 Nov 1981 08:52:00 GMT
  cache-control: no-store, no-cache, must-revalidate
  pragma: no-cache
  content-length: 1624
  keep-alive: timeout=5, max=97
  connection: Keep-Alive
  content-type: text/html; charset=UTF-8
  Body:
<!DOCTYPE html>
<html lang="es">
<head>
<meta charset="UTF-8">
<meta name="viewport" content="width=device-width,initial-scale=1.0">
<title>Iniciar Sesión — PharmaCRM</title>
<link rel="stylesheet" href="/hospital/public/css/styles.css">
<link rel="stylesheet" href="https://cdnjs.cloudflare.com/ajax/libs/font-awesome/6.5.1/css/all.min.css">
</head>
<body>
<div class="login-wrapper">
<div class="login-card">
<div class="logo">
<div style="font-size:48px;margin-bottom:12px"><i class="fas fa-prescription-bottl
  User variables:
    target: http://localhost/hospital
    $environment: undefined
    $testId: tyrwb_hf3cergm9paphrkje9z4gkrz7e9jf_7x9j
    $dirname: tests
    $scenarioFile: C:\wamp64\www\hospital\mi-qa\tests\escenarios.yaml
    username: admin
    password: admin
    nombre_medicamento: omeprazol
    cliente_id: 8
    $uuid: 98d9ef0c-7902-4ed4-b8f3-569d03083dd5
* GET /hospital/?route=login 

  ok statusCode 200 
* GET /hospital/?route=login 

  ok statusCode 200 
* POST /hospital/?route=auth&action=login 

  not ok statusCode 200 
  expected: 302
       got: 200
  Request params:
    http://localhost/hospital/?route=auth&action=login
    ""
  Headers:
  date: Wed, 06 May 2026 16:13:16 GMT
  server: Apache/2.4.65 (Win64) PHP/8.3.28 mod_fcgid/2.3.10-dev
  x-powered-by: PHP/8.3.28
  expires: Thu, 19 Nov 1981 08:52:00 GMT
  cache-control: no-store, no-cache, must-revalidate
  pragma: no-cache
  content-length: 1624
  keep-alive: timeout=5, max=97
  connection: Keep-Alive
  content-type: text/html; charset=UTF-8
  Body:
<!DOCTYPE html>
<html lang="es">
<head>
<meta charset="UTF-8">
<meta name="viewport" content="width=device-width,initial-scale=1.0">
<title>Iniciar Sesión — PharmaCRM</title>
<link rel="stylesheet" href="/hospital/public/css/styles.css">
<link rel="stylesheet" href="https://cdnjs.cloudflare.com/ajax/libs/font-awesome/6.5.1/css/all.min.css">
</head>
<body>
<div class="login-wrapper">
<div class="login-card">
<div class="logo">
<div style="font-size:48px;margin-bottom:12px"><i class="fas fa-prescription-bottl
  User variables:
    target: http://localhost/hospital
    $environment: undefined
    $testId: tyrwb_hf3cergm9paphrkje9z4gkrz7e9jf_7x9j
    $dirname: tests
    $scenarioFile: C:\wamp64\www\hospital\mi-qa\tests\escenarios.yaml
    username: username
    password: password
    nombre_medicamento: ibuprofeno
    cliente_id: 7
    $uuid: 80190fc1-b1ed-4641-af14-e3fad58a589d
* GET /hospital/?route=login 

  ok statusCode 200 
* POST /hospital/?route=auth&action=login 

  not ok statusCode 200 
  expected: 302
       got: 200
  Request params:
    http://localhost/hospital/?route=auth&action=login
    ""
  Headers:
  date: Wed, 06 May 2026 16:13:16 GMT
  server: Apache/2.4.65 (Win64) PHP/8.3.28 mod_fcgid/2.3.10-dev
  x-powered-by: PHP/8.3.28
  expires: Thu, 19 Nov 1981 08:52:00 GMT
  cache-control: no-store, no-cache, must-revalidate
  pragma: no-cache
  content-length: 1624
  keep-alive: timeout=5, max=97
  connection: Keep-Alive
  content-type: text/html; charset=UTF-8
  Body:
<!DOCTYPE html>
<html lang="es">
<head>
<meta charset="UTF-8">
<meta name="viewport" content="width=device-width,initial-scale=1.0">
<title>Iniciar Sesión — PharmaCRM</title>
<link rel="stylesheet" href="/hospital/public/css/styles.css">
<link rel="stylesheet" href="https://cdnjs.cloudflare.com/ajax/libs/font-awesome/6.5.1/css/all.min.css">
</head>
<body>
<div class="login-wrapper">
<div class="login-card">
<div class="logo">
<div style="font-size:48px;margin-bottom:12px"><i class="fas fa-prescription-bottl
  User variables:
    target: http://localhost/hospital
    $environment: undefined
    $testId: tyrwb_hf3cergm9paphrkje9z4gkrz7e9jf_7x9j
    $dirname: tests
    $scenarioFile: C:\wamp64\www\hospital\mi-qa\tests\escenarios.yaml
    username: vendedor1
    password: vendedor123
    nombre_medicamento: salbutamol
    cliente_id: 3
    $uuid: c0710b3f-4a82-4a11-aaeb-ca0c86524227
* POST /hospital/?route=auth&action=login 

  not ok statusCode 200 
  expected: 302
       got: 200
  Request params:
    http://localhost/hospital/?route=auth&action=login
    ""
  Headers:
  date: Wed, 06 May 2026 16:13:16 GMT
  server: Apache/2.4.65 (Win64) PHP/8.3.28 mod_fcgid/2.3.10-dev
  x-powered-by: PHP/8.3.28
  expires: Thu, 19 Nov 1981 08:52:00 GMT
  cache-control: no-store, no-cache, must-revalidate
  pragma: no-cache
  content-length: 1624
  keep-alive: timeout=5, max=97
  connection: Keep-Alive
  content-type: text/html; charset=UTF-8
  Body:
<!DOCTYPE html>
<html lang="es">
<head>
<meta charset="UTF-8">
<meta name="viewport" content="width=device-width,initial-scale=1.0">
<title>Iniciar Sesión — PharmaCRM</title>
<link rel="stylesheet" href="/hospital/public/css/styles.css">
<link rel="stylesheet" href="https://cdnjs.cloudflare.com/ajax/libs/font-awesome/6.5.1/css/all.min.css">
</head>
<body>
<div class="login-wrapper">
<div class="login-card">
<div class="logo">
<div style="font-size:48px;margin-bottom:12px"><i class="fas fa-prescription-bottl
  User variables:
    target: http://localhost/hospital
    $environment: undefined
    $testId: tyrwb_hf3cergm9paphrkje9z4gkrz7e9jf_7x9j
    $dirname: tests
    $scenarioFile: C:\wamp64\www\hospital\mi-qa\tests\escenarios.yaml
    username: admin
    password: admin
    nombre_medicamento: ibuprofeno
    cliente_id: 3
    $uuid: 9507a3cc-6cba-411f-a6d1-dd554de124ec
* GET /hospital/?route=login 

  ok statusCode 200 
* POST /hospital/?route=auth&action=login 

  not ok statusCode 200 
  expected: 302
       got: 200
  Request params:
    http://localhost/hospital/?route=auth&action=login
    ""
  Headers:
  date: Wed, 06 May 2026 16:13:16 GMT
  server: Apache/2.4.65 (Win64) PHP/8.3.28 mod_fcgid/2.3.10-dev
  x-powered-by: PHP/8.3.28
  expires: Thu, 19 Nov 1981 08:52:00 GMT
  cache-control: no-store, no-cache, must-revalidate
  pragma: no-cache
  content-length: 1624
  keep-alive: timeout=5, max=97
  connection: Keep-Alive
  content-type: text/html; charset=UTF-8
  Body:
<!DOCTYPE html>
<html lang="es">
<head>
<meta charset="UTF-8">
<meta name="viewport" content="width=device-width,initial-scale=1.0">
<title>Iniciar Sesión — PharmaCRM</title>
<link rel="stylesheet" href="/hospital/public/css/styles.css">
<link rel="stylesheet" href="https://cdnjs.cloudflare.com/ajax/libs/font-awesome/6.5.1/css/all.min.css">
</head>
<body>
<div class="login-wrapper">
<div class="login-card">
<div class="logo">
<div style="font-size:48px;margin-bottom:12px"><i class="fas fa-prescription-bottl
  User variables:
    target: http://localhost/hospital
    $environment: undefined
    $testId: tyrwb_hf3cergm9paphrkje9z4gkrz7e9jf_7x9j
    $dirname: tests
    $scenarioFile: C:\wamp64\www\hospital\mi-qa\tests\escenarios.yaml
    username: supervisor1
    password: supervisor123
    nombre_medicamento: metformina
    cliente_id: 3
    $uuid: b380d868-6598-4aac-9dde-5bc86b85765a
* GET /hospital/?route=login 

  ok statusCode 200 
* POST /hospital/?route=auth&action=login 

  not ok statusCode 200 
  expected: 302
       got: 200
  Request params:
    http://localhost/hospital/?route=auth&action=login
    ""
  Headers:
  date: Wed, 06 May 2026 16:13:16 GMT
  server: Apache/2.4.65 (Win64) PHP/8.3.28 mod_fcgid/2.3.10-dev
  x-powered-by: PHP/8.3.28
  expires: Thu, 19 Nov 1981 08:52:00 GMT
  cache-control: no-store, no-cache, must-revalidate
  pragma: no-cache
  content-length: 1624
  keep-alive: timeout=5, max=97
  connection: Keep-Alive
  content-type: text/html; charset=UTF-8
  Body:
<!DOCTYPE html>
<html lang="es">
<head>
<meta charset="UTF-8">
<meta name="viewport" content="width=device-width,initial-scale=1.0">
<title>Iniciar Sesión — PharmaCRM</title>
<link rel="stylesheet" href="/hospital/public/css/styles.css">
<link rel="stylesheet" href="https://cdnjs.cloudflare.com/ajax/libs/font-awesome/6.5.1/css/all.min.css">
</head>
<body>
<div class="login-wrapper">
<div class="login-card">
<div class="logo">
<div style="font-size:48px;margin-bottom:12px"><i class="fas fa-prescription-bottl
  User variables:
    target: http://localhost/hospital
    $environment: undefined
    $testId: tyrwb_hf3cergm9paphrkje9z4gkrz7e9jf_7x9j
    $dirname: tests
    $scenarioFile: C:\wamp64\www\hospital\mi-qa\tests\escenarios.yaml
    username: admin
    password: admin
    nombre_medicamento: dexametasona
    cliente_id: 3
    $uuid: 8d6cfe0b-7284-4736-9de5-4adc89379327
* POST /hospital/?route=auth&action=login 

  not ok statusCode 200 
  expected: 302
       got: 200
  Request params:
    http://localhost/hospital/?route=auth&action=login
    ""
  Headers:
  date: Wed, 06 May 2026 16:13:16 GMT
  server: Apache/2.4.65 (Win64) PHP/8.3.28 mod_fcgid/2.3.10-dev
  x-powered-by: PHP/8.3.28
  expires: Thu, 19 Nov 1981 08:52:00 GMT
  cache-control: no-store, no-cache, must-revalidate
  pragma: no-cache
  content-length: 1624
  keep-alive: timeout=5, max=97
  connection: Keep-Alive
  content-type: text/html; charset=UTF-8
  Body:
<!DOCTYPE html>
<html lang="es">
<head>
<meta charset="UTF-8">
<meta name="viewport" content="width=device-width,initial-scale=1.0">
<title>Iniciar Sesión — PharmaCRM</title>
<link rel="stylesheet" href="/hospital/public/css/styles.css">
<link rel="stylesheet" href="https://cdnjs.cloudflare.com/ajax/libs/font-awesome/6.5.1/css/all.min.css">
</head>
<body>
<div class="login-wrapper">
<div class="login-card">
<div class="logo">
<div style="font-size:48px;margin-bottom:12px"><i class="fas fa-prescription-bottl
  User variables:
    target: http://localhost/hospital
    $environment: undefined
    $testId: tyrwb_hf3cergm9paphrkje9z4gkrz7e9jf_7x9j
    $dirname: tests
    $scenarioFile: C:\wamp64\www\hospital\mi-qa\tests\escenarios.yaml
    username: supervisor1
    password: supervisor123
    nombre_medicamento: amoxicilina
    cliente_id: 10
    $uuid: 502b8651-e318-45e0-b1f4-542f7029a78f
* GET /hospital/?route=login 

  ok statusCode 200 
* GET /hospital/?route=login 

  ok statusCode 200 
* POST /hospital/?route=auth&action=login 

  not ok statusCode 200 
  expected: 302
       got: 200
  Request params:
    http://localhost/hospital/?route=auth&action=login
    ""
  Headers:
  date: Wed, 06 May 2026 16:13:16 GMT
  server: Apache/2.4.65 (Win64) PHP/8.3.28 mod_fcgid/2.3.10-dev
  x-powered-by: PHP/8.3.28
  expires: Thu, 19 Nov 1981 08:52:00 GMT
  cache-control: no-store, no-cache, must-revalidate
  pragma: no-cache
  content-length: 1624
  keep-alive: timeout=5, max=97
  connection: Keep-Alive
  content-type: text/html; charset=UTF-8
  Body:
<!DOCTYPE html>
<html lang="es">
<head>
<meta charset="UTF-8">
<meta name="viewport" content="width=device-width,initial-scale=1.0">
<title>Iniciar Sesión — PharmaCRM</title>
<link rel="stylesheet" href="/hospital/public/css/styles.css">
<link rel="stylesheet" href="https://cdnjs.cloudflare.com/ajax/libs/font-awesome/6.5.1/css/all.min.css">
</head>
<body>
<div class="login-wrapper">
<div class="login-card">
<div class="logo">
<div style="font-size:48px;margin-bottom:12px"><i class="fas fa-prescription-bottl
  User variables:
    target: http://localhost/hospital
    $environment: undefined
    $testId: tyrwb_hf3cergm9paphrkje9z4gkrz7e9jf_7x9j
    $dirname: tests
    $scenarioFile: C:\wamp64\www\hospital\mi-qa\tests\escenarios.yaml
    username: vendedor1
    password: vendedor123
    nombre_medicamento: amoxicilina
    cliente_id: 9
    $uuid: 3d8bf7e4-e4ec-4d5d-a885-29a62fec87c9
* POST /hospital/?route=auth&action=login 

  not ok statusCode 200 
  expected: 302
       got: 200
  Request params:
    http://localhost/hospital/?route=auth&action=login
    ""
  Headers:
  date: Wed, 06 May 2026 16:13:16 GMT
  server: Apache/2.4.65 (Win64) PHP/8.3.28 mod_fcgid/2.3.10-dev
  x-powered-by: PHP/8.3.28
  expires: Thu, 19 Nov 1981 08:52:00 GMT
  cache-control: no-store, no-cache, must-revalidate
  pragma: no-cache
  content-length: 1624
  keep-alive: timeout=5, max=97
  connection: Keep-Alive
  content-type: text/html; charset=UTF-8
  Body:
<!DOCTYPE html>
<html lang="es">
<head>
<meta charset="UTF-8">
<meta name="viewport" content="width=device-width,initial-scale=1.0">
<title>Iniciar Sesión — PharmaCRM</title>
<link rel="stylesheet" href="/hospital/public/css/styles.css">
<link rel="stylesheet" href="https://cdnjs.cloudflare.com/ajax/libs/font-awesome/6.5.1/css/all.min.css">
</head>
<body>
<div class="login-wrapper">
<div class="login-card">
<div class="logo">
<div style="font-size:48px;margin-bottom:12px"><i class="fas fa-prescription-bottl
  User variables:
    target: http://localhost/hospital
    $environment: undefined
    $testId: tyrwb_hf3cergm9paphrkje9z4gkrz7e9jf_7x9j
    $dirname: tests
    $scenarioFile: C:\wamp64\www\hospital\mi-qa\tests\escenarios.yaml
    username: vendedor1
    password: vendedor123
    nombre_medicamento: omeprazol
    cliente_id: 2
    $uuid: 72f17c37-a568-4744-9b94-981a3ec034f6
* POST /hospital/?route=auth&action=login 

  not ok statusCode 200 
  expected: 302
       got: 200
  Request params:
    http://localhost/hospital/?route=auth&action=login
    ""
  Headers:
  date: Wed, 06 May 2026 16:13:16 GMT
  server: Apache/2.4.65 (Win64) PHP/8.3.28 mod_fcgid/2.3.10-dev
  x-powered-by: PHP/8.3.28
  expires: Thu, 19 Nov 1981 08:52:00 GMT
  cache-control: no-store, no-cache, must-revalidate
  pragma: no-cache
  content-length: 1624
  keep-alive: timeout=5, max=97
  connection: Keep-Alive
  content-type: text/html; charset=UTF-8
  Body:
<!DOCTYPE html>
<html lang="es">
<head>
<meta charset="UTF-8">
<meta name="viewport" content="width=device-width,initial-scale=1.0">
<title>Iniciar Sesión — PharmaCRM</title>
<link rel="stylesheet" href="/hospital/public/css/styles.css">
<link rel="stylesheet" href="https://cdnjs.cloudflare.com/ajax/libs/font-awesome/6.5.1/css/all.min.css">
</head>
<body>
<div class="login-wrapper">
<div class="login-card">
<div class="logo">
<div style="font-size:48px;margin-bottom:12px"><i class="fas fa-prescription-bottl
  User variables:
    target: http://localhost/hospital
    $environment: undefined
    $testId: tyrwb_hf3cergm9paphrkje9z4gkrz7e9jf_7x9j
    $dirname: tests
    $scenarioFile: C:\wamp64\www\hospital\mi-qa\tests\escenarios.yaml
    username: username
    password: password
    nombre_medicamento: ibuprofeno
    cliente_id: 8
    $uuid: 0f955eb7-93d1-4d60-8584-76c723bccb47
* POST /hospital/?route=auth&action=login 

  not ok statusCode 200 
  expected: 302
       got: 200
  Request params:
    http://localhost/hospital/?route=auth&action=login
    ""
  Headers:
  date: Wed, 06 May 2026 16:13:16 GMT
  server: Apache/2.4.65 (Win64) PHP/8.3.28 mod_fcgid/2.3.10-dev
  x-powered-by: PHP/8.3.28
  expires: Thu, 19 Nov 1981 08:52:00 GMT
  cache-control: no-store, no-cache, must-revalidate
  pragma: no-cache
  content-length: 1624
  keep-alive: timeout=5, max=97
  connection: Keep-Alive
  content-type: text/html; charset=UTF-8
  Body:
<!DOCTYPE html>
<html lang="es">
<head>
<meta charset="UTF-8">
<meta name="viewport" content="width=device-width,initial-scale=1.0">
<title>Iniciar Sesión — PharmaCRM</title>
<link rel="stylesheet" href="/hospital/public/css/styles.css">
<link rel="stylesheet" href="https://cdnjs.cloudflare.com/ajax/libs/font-awesome/6.5.1/css/all.min.css">
</head>
<body>
<div class="login-wrapper">
<div class="login-card">
<div class="logo">
<div style="font-size:48px;margin-bottom:12px"><i class="fas fa-prescription-bottl
  User variables:
    target: http://localhost/hospital
    $environment: undefined
    $testId: tyrwb_hf3cergm9paphrkje9z4gkrz7e9jf_7x9j
    $dirname: tests
    $scenarioFile: C:\wamp64\www\hospital\mi-qa\tests\escenarios.yaml
    username: vendedor1
    password: vendedor123
    nombre_medicamento: loratadina
    cliente_id: 4
    $uuid: 6b579bad-56c4-413d-9a63-0084a91560e1
* POST /hospital/?route=auth&action=login 

  not ok statusCode 200 
  expected: 302
       got: 200
  Request params:
    http://localhost/hospital/?route=auth&action=login
    ""
  Headers:
  date: Wed, 06 May 2026 16:13:16 GMT
  server: Apache/2.4.65 (Win64) PHP/8.3.28 mod_fcgid/2.3.10-dev
  x-powered-by: PHP/8.3.28
  expires: Thu, 19 Nov 1981 08:52:00 GMT
  cache-control: no-store, no-cache, must-revalidate
  pragma: no-cache
  content-length: 1624
  keep-alive: timeout=5, max=97
  connection: Keep-Alive
  content-type: text/html; charset=UTF-8
  Body:
<!DOCTYPE html>
<html lang="es">
<head>
<meta charset="UTF-8">
<meta name="viewport" content="width=device-width,initial-scale=1.0">
<title>Iniciar Sesión — PharmaCRM</title>
<link rel="stylesheet" href="/hospital/public/css/styles.css">
<link rel="stylesheet" href="https://cdnjs.cloudflare.com/ajax/libs/font-awesome/6.5.1/css/all.min.css">
</head>
<body>
<div class="login-wrapper">
<div class="login-card">
<div class="logo">
<div style="font-size:48px;margin-bottom:12px"><i class="fas fa-prescription-bottl
  User variables:
    target: http://localhost/hospital
    $environment: undefined
    $testId: tyrwb_hf3cergm9paphrkje9z4gkrz7e9jf_7x9j
    $dirname: tests
    $scenarioFile: C:\wamp64\www\hospital\mi-qa\tests\escenarios.yaml
    username: admin
    password: admin
    nombre_medicamento: nombre_medicamento
    cliente_id: 3
    $uuid: d16280f9-9370-4363-9429-203b6acdf7fb
* POST /hospital/?route=auth&action=login 

  not ok statusCode 200 
  expected: 302
       got: 200
  Request params:
    http://localhost/hospital/?route=auth&action=login
    ""
  Headers:
  date: Wed, 06 May 2026 16:13:17 GMT
  server: Apache/2.4.65 (Win64) PHP/8.3.28 mod_fcgid/2.3.10-dev
  x-powered-by: PHP/8.3.28
  expires: Thu, 19 Nov 1981 08:52:00 GMT
  cache-control: no-store, no-cache, must-revalidate
  pragma: no-cache
  content-length: 1624
  keep-alive: timeout=5, max=97
  connection: Keep-Alive
  content-type: text/html; charset=UTF-8
  Body:
<!DOCTYPE html>
<html lang="es">
<head>
<meta charset="UTF-8">
<meta name="viewport" content="width=device-width,initial-scale=1.0">
<title>Iniciar Sesión — PharmaCRM</title>
<link rel="stylesheet" href="/hospital/public/css/styles.css">
<link rel="stylesheet" href="https://cdnjs.cloudflare.com/ajax/libs/font-awesome/6.5.1/css/all.min.css">
</head>
<body>
<div class="login-wrapper">
<div class="login-card">
<div class="logo">
<div style="font-size:48px;margin-bottom:12px"><i class="fas fa-prescription-bottl
  User variables:
    target: http://localhost/hospital
    $environment: undefined
    $testId: tyrwb_hf3cergm9paphrkje9z4gkrz7e9jf_7x9j
    $dirname: tests
    $scenarioFile: C:\wamp64\www\hospital\mi-qa\tests\escenarios.yaml
    username: supervisor1
    password: supervisor123
    nombre_medicamento: metformina
    cliente_id: 8
    $uuid: 95a4a701-fd95-43cc-866c-1b6015e2bc83
* POST /hospital/?route=auth&action=login 

  not ok statusCode 200 
  expected: 302
       got: 200
  Request params:
    http://localhost/hospital/?route=auth&action=login
    ""
  Headers:
  date: Wed, 06 May 2026 16:13:17 GMT
  server: Apache/2.4.65 (Win64) PHP/8.3.28 mod_fcgid/2.3.10-dev
  x-powered-by: PHP/8.3.28
  expires: Thu, 19 Nov 1981 08:52:00 GMT
  cache-control: no-store, no-cache, must-revalidate
  pragma: no-cache
  content-length: 1624
  keep-alive: timeout=5, max=97
  connection: Keep-Alive
  content-type: text/html; charset=UTF-8
  Body:
<!DOCTYPE html>
<html lang="es">
<head>
<meta charset="UTF-8">
<meta name="viewport" content="width=device-width,initial-scale=1.0">
<title>Iniciar Sesión — PharmaCRM</title>
<link rel="stylesheet" href="/hospital/public/css/styles.css">
<link rel="stylesheet" href="https://cdnjs.cloudflare.com/ajax/libs/font-awesome/6.5.1/css/all.min.css">
</head>
<body>
<div class="login-wrapper">
<div class="login-card">
<div class="logo">
<div style="font-size:48px;margin-bottom:12px"><i class="fas fa-prescription-bottl
  User variables:
    target: http://localhost/hospital
    $environment: undefined
    $testId: tyrwb_hf3cergm9paphrkje9z4gkrz7e9jf_7x9j
    $dirname: tests
    $scenarioFile: C:\wamp64\www\hospital\mi-qa\tests\escenarios.yaml
    username: admin
    password: admin
    nombre_medicamento: omeprazol
    cliente_id: 8
    $uuid: 0df2f342-8c57-439d-b4c7-87db1e378c94
* POST /hospital/?route=auth&action=login 

  not ok statusCode 200 
  expected: 302
       got: 200
  Request params:
    http://localhost/hospital/?route=auth&action=login
    ""
  Headers:
  date: Wed, 06 May 2026 16:13:17 GMT
  server: Apache/2.4.65 (Win64) PHP/8.3.28 mod_fcgid/2.3.10-dev
  x-powered-by: PHP/8.3.28
  expires: Thu, 19 Nov 1981 08:52:00 GMT
  cache-control: no-store, no-cache, must-revalidate
  pragma: no-cache
  content-length: 1624
  keep-alive: timeout=5, max=97
  connection: Keep-Alive
  content-type: text/html; charset=UTF-8
  Body:
<!DOCTYPE html>
<html lang="es">
<head>
<meta charset="UTF-8">
<meta name="viewport" content="width=device-width,initial-scale=1.0">
<title>Iniciar Sesión — PharmaCRM</title>
<link rel="stylesheet" href="/hospital/public/css/styles.css">
<link rel="stylesheet" href="https://cdnjs.cloudflare.com/ajax/libs/font-awesome/6.5.1/css/all.min.css">
</head>
<body>
<div class="login-wrapper">
<div class="login-card">
<div class="logo">
<div style="font-size:48px;margin-bottom:12px"><i class="fas fa-prescription-bottl
  User variables:
    target: http://localhost/hospital
    $environment: undefined
    $testId: tyrwb_hf3cergm9paphrkje9z4gkrz7e9jf_7x9j
    $dirname: tests
    $scenarioFile: C:\wamp64\www\hospital\mi-qa\tests\escenarios.yaml
    username: admin
    password: admin
    nombre_medicamento: amoxicilina
    cliente_id: cliente_id
    $uuid: 1933e965-cf05-4757-be2d-cdc06652513b
* POST /hospital/?route=auth&action=login 

  not ok statusCode 200 
  expected: 302
       got: 200
  Request params:
    http://localhost/hospital/?route=auth&action=login
    ""
  Headers:
  date: Wed, 06 May 2026 16:13:17 GMT
  server: Apache/2.4.65 (Win64) PHP/8.3.28 mod_fcgid/2.3.10-dev
  x-powered-by: PHP/8.3.28
  expires: Thu, 19 Nov 1981 08:52:00 GMT
  cache-control: no-store, no-cache, must-revalidate
  pragma: no-cache
  content-length: 1624
  keep-alive: timeout=5, max=97
  connection: Keep-Alive
  content-type: text/html; charset=UTF-8
  Body:
<!DOCTYPE html>
<html lang="es">
<head>
<meta charset="UTF-8">
<meta name="viewport" content="width=device-width,initial-scale=1.0">
<title>Iniciar Sesión — PharmaCRM</title>
<link rel="stylesheet" href="/hospital/public/css/styles.css">
<link rel="stylesheet" href="https://cdnjs.cloudflare.com/ajax/libs/font-awesome/6.5.1/css/all.min.css">
</head>
<body>
<div class="login-wrapper">
<div class="login-card">
<div class="logo">
<div style="font-size:48px;margin-bottom:12px"><i class="fas fa-prescription-bottl
  User variables:
    target: http://localhost/hospital
    $environment: undefined
    $testId: tyrwb_hf3cergm9paphrkje9z4gkrz7e9jf_7x9j
    $dirname: tests
    $scenarioFile: C:\wamp64\www\hospital\mi-qa\tests\escenarios.yaml
    username: admin
    password: admin
    nombre_medicamento: losartan
    cliente_id: 2
    $uuid: 66f0ba5b-7fd7-4857-b981-73742561b49f
* POST /hospital/?route=auth&action=login 

  not ok statusCode 200 
  expected: 302
       got: 200
  Request params:
    http://localhost/hospital/?route=auth&action=login
    ""
  Headers:
  date: Wed, 06 May 2026 16:13:17 GMT
  server: Apache/2.4.65 (Win64) PHP/8.3.28 mod_fcgid/2.3.10-dev
  x-powered-by: PHP/8.3.28
  expires: Thu, 19 Nov 1981 08:52:00 GMT
  cache-control: no-store, no-cache, must-revalidate
  pragma: no-cache
  content-length: 1624
  keep-alive: timeout=5, max=97
  connection: Keep-Alive
  content-type: text/html; charset=UTF-8
  Body:
<!DOCTYPE html>
<html lang="es">
<head>
<meta charset="UTF-8">
<meta name="viewport" content="width=device-width,initial-scale=1.0">
<title>Iniciar Sesión — PharmaCRM</title>
<link rel="stylesheet" href="/hospital/public/css/styles.css">
<link rel="stylesheet" href="https://cdnjs.cloudflare.com/ajax/libs/font-awesome/6.5.1/css/all.min.css">
</head>
<body>
<div class="login-wrapper">
<div class="login-card">
<div class="logo">
<div style="font-size:48px;margin-bottom:12px"><i class="fas fa-prescription-bottl
  User variables:
    target: http://localhost/hospital
    $environment: undefined
    $testId: tyrwb_hf3cergm9paphrkje9z4gkrz7e9jf_7x9j
    $dirname: tests
    $scenarioFile: C:\wamp64\www\hospital\mi-qa\tests\escenarios.yaml
    username: tester
    password: tester123
    nombre_medicamento: metformina
    cliente_id: 10
    $uuid: 97f2e27f-4c4f-4e32-bc42-4a78abec9235
* POST /hospital/?route=auth&action=login 

  not ok statusCode 200 
  expected: 302
       got: 200
  Request params:
    http://localhost/hospital/?route=auth&action=login
    ""
  Headers:
  date: Wed, 06 May 2026 16:13:17 GMT
  server: Apache/2.4.65 (Win64) PHP/8.3.28 mod_fcgid/2.3.10-dev
  x-powered-by: PHP/8.3.28
  expires: Thu, 19 Nov 1981 08:52:00 GMT
  cache-control: no-store, no-cache, must-revalidate
  pragma: no-cache
  content-length: 1624
  keep-alive: timeout=5, max=97
  connection: Keep-Alive
  content-type: text/html; charset=UTF-8
  Body:
<!DOCTYPE html>
<html lang="es">
<head>
<meta charset="UTF-8">
<meta name="viewport" content="width=device-width,initial-scale=1.0">
<title>Iniciar Sesión — PharmaCRM</title>
<link rel="stylesheet" href="/hospital/public/css/styles.css">
<link rel="stylesheet" href="https://cdnjs.cloudflare.com/ajax/libs/font-awesome/6.5.1/css/all.min.css">
</head>
<body>
<div class="login-wrapper">
<div class="login-card">
<div class="logo">
<div style="font-size:48px;margin-bottom:12px"><i class="fas fa-prescription-bottl
  User variables:
    target: http://localhost/hospital
    $environment: undefined
    $testId: tyrwb_hf3cergm9paphrkje9z4gkrz7e9jf_7x9j
    $dirname: tests
    $scenarioFile: C:\wamp64\www\hospital\mi-qa\tests\escenarios.yaml
    username: username
    password: password
    nombre_medicamento: salbutamol
    cliente_id: 6
    $uuid: 4408fe61-bb31-4834-8ed6-5761e35f787d
* POST /hospital/?route=auth&action=login 

  not ok statusCode 200 
  expected: 302
       got: 200
  Request params:
    http://localhost/hospital/?route=auth&action=login
    ""
  Headers:
  date: Wed, 06 May 2026 16:13:17 GMT
  server: Apache/2.4.65 (Win64) PHP/8.3.28 mod_fcgid/2.3.10-dev
  x-powered-by: PHP/8.3.28
  expires: Thu, 19 Nov 1981 08:52:00 GMT
  cache-control: no-store, no-cache, must-revalidate
  pragma: no-cache
  content-length: 1624
  keep-alive: timeout=5, max=97
  connection: Keep-Alive
  content-type: text/html; charset=UTF-8
  Body:
<!DOCTYPE html>
<html lang="es">
<head>
<meta charset="UTF-8">
<meta name="viewport" content="width=device-width,initial-scale=1.0">
<title>Iniciar Sesión — PharmaCRM</title>
<link rel="stylesheet" href="/hospital/public/css/styles.css">
<link rel="stylesheet" href="https://cdnjs.cloudflare.com/ajax/libs/font-awesome/6.5.1/css/all.min.css">
</head>
<body>
<div class="login-wrapper">
<div class="login-card">
<div class="logo">
<div style="font-size:48px;margin-bottom:12px"><i class="fas fa-prescription-bottl
  User variables:
    target: http://localhost/hospital
    $environment: undefined
    $testId: tyrwb_hf3cergm9paphrkje9z4gkrz7e9jf_7x9j
    $dirname: tests
    $scenarioFile: C:\wamp64\www\hospital\mi-qa\tests\escenarios.yaml
    username: admin
    password: admin
    nombre_medicamento: enalapril
    cliente_id: cliente_id
    $uuid: f2e5aa9f-d965-47a8-8816-80772cfa3d3c
* POST /hospital/?route=auth&action=login 

  not ok statusCode 200 
  expected: 302
       got: 200
  Request params:
    http://localhost/hospital/?route=auth&action=login
    ""
  Headers:
  date: Wed, 06 May 2026 16:13:17 GMT
  server: Apache/2.4.65 (Win64) PHP/8.3.28 mod_fcgid/2.3.10-dev
  x-powered-by: PHP/8.3.28
  expires: Thu, 19 Nov 1981 08:52:00 GMT
  cache-control: no-store, no-cache, must-revalidate
  pragma: no-cache
  content-length: 1624
  keep-alive: timeout=5, max=97
  connection: Keep-Alive
  content-type: text/html; charset=UTF-8
  Body:
<!DOCTYPE html>
<html lang="es">
<head>
<meta charset="UTF-8">
<meta name="viewport" content="width=device-width,initial-scale=1.0">
<title>Iniciar Sesión — PharmaCRM</title>
<link rel="stylesheet" href="/hospital/public/css/styles.css">
<link rel="stylesheet" href="https://cdnjs.cloudflare.com/ajax/libs/font-awesome/6.5.1/css/all.min.css">
</head>
<body>
<div class="login-wrapper">
<div class="login-card">
<div class="logo">
<div style="font-size:48px;margin-bottom:12px"><i class="fas fa-prescription-bottl
  User variables:
    target: http://localhost/hospital
    $environment: undefined
    $testId: tyrwb_hf3cergm9paphrkje9z4gkrz7e9jf_7x9j
    $dirname: tests
    $scenarioFile: C:\wamp64\www\hospital\mi-qa\tests\escenarios.yaml
    username: supervisor1
    password: supervisor123
    nombre_medicamento: nombre_medicamento
    cliente_id: 7
    $uuid: bdd4f13c-487c-4e93-920f-d001a640235d
* POST /hospital/?route=auth&action=login 

  not ok statusCode 200 
  expected: 302
       got: 200
  Request params:
    http://localhost/hospital/?route=auth&action=login
    ""
  Headers:
  date: Wed, 06 May 2026 16:13:17 GMT
  server: Apache/2.4.65 (Win64) PHP/8.3.28 mod_fcgid/2.3.10-dev
  x-powered-by: PHP/8.3.28
  expires: Thu, 19 Nov 1981 08:52:00 GMT
  cache-control: no-store, no-cache, must-revalidate
  pragma: no-cache
  content-length: 1624
  keep-alive: timeout=5, max=97
  connection: Keep-Alive
  content-type: text/html; charset=UTF-8
  Body:
<!DOCTYPE html>
<html lang="es">
<head>
<meta charset="UTF-8">
<meta name="viewport" content="width=device-width,initial-scale=1.0">
<title>Iniciar Sesión — PharmaCRM</title>
<link rel="stylesheet" href="/hospital/public/css/styles.css">
<link rel="stylesheet" href="https://cdnjs.cloudflare.com/ajax/libs/font-awesome/6.5.1/css/all.min.css">
</head>
<body>
<div class="login-wrapper">
<div class="login-card">
<div class="logo">
<div style="font-size:48px;margin-bottom:12px"><i class="fas fa-prescription-bottl
  User variables:
    target: http://localhost/hospital
    $environment: undefined
    $testId: tyrwb_hf3cergm9paphrkje9z4gkrz7e9jf_7x9j
    $dirname: tests
    $scenarioFile: C:\wamp64\www\hospital\mi-qa\tests\escenarios.yaml
    username: username
    password: password
    nombre_medicamento: losartan
    cliente_id: 5
    $uuid: 43ba1440-0f3e-429c-b3c9-e6c64a3b1eba
* POST /hospital/?route=auth&action=login 

  not ok statusCode 200 
  expected: 302
       got: 200
  Request params:
    http://localhost/hospital/?route=auth&action=login
    ""
  Headers:
  date: Wed, 06 May 2026 16:13:17 GMT
  server: Apache/2.4.65 (Win64) PHP/8.3.28 mod_fcgid/2.3.10-dev
  x-powered-by: PHP/8.3.28
  expires: Thu, 19 Nov 1981 08:52:00 GMT
  cache-control: no-store, no-cache, must-revalidate
  pragma: no-cache
  content-length: 1624
  keep-alive: timeout=5, max=97
  connection: Keep-Alive
  content-type: text/html; charset=UTF-8
  Body:
<!DOCTYPE html>
<html lang="es">
<head>
<meta charset="UTF-8">
<meta name="viewport" content="width=device-width,initial-scale=1.0">
<title>Iniciar Sesión — PharmaCRM</title>
<link rel="stylesheet" href="/hospital/public/css/styles.css">
<link rel="stylesheet" href="https://cdnjs.cloudflare.com/ajax/libs/font-awesome/6.5.1/css/all.min.css">
</head>
<body>
<div class="login-wrapper">
<div class="login-card">
<div class="logo">
<div style="font-size:48px;margin-bottom:12px"><i class="fas fa-prescription-bottl
  User variables:
    target: http://localhost/hospital
    $environment: undefined
    $testId: tyrwb_hf3cergm9paphrkje9z4gkrz7e9jf_7x9j
    $dirname: tests
    $scenarioFile: C:\wamp64\www\hospital\mi-qa\tests\escenarios.yaml
    username: supervisor1
    password: supervisor123
    nombre_medicamento: nombre_medicamento
    cliente_id: 7
    $uuid: 644bf2f2-7723-49a6-9d27-c08690af7ef3
* POST /hospital/?route=auth&action=login 

  not ok statusCode 200 
  expected: 302
       got: 200
  Request params:
    http://localhost/hospital/?route=auth&action=login
    ""
  Headers:
  date: Wed, 06 May 2026 16:13:17 GMT
  server: Apache/2.4.65 (Win64) PHP/8.3.28 mod_fcgid/2.3.10-dev
  x-powered-by: PHP/8.3.28
  expires: Thu, 19 Nov 1981 08:52:00 GMT
  cache-control: no-store, no-cache, must-revalidate
  pragma: no-cache
  content-length: 1624
  keep-alive: timeout=5, max=97
  connection: Keep-Alive
  content-type: text/html; charset=UTF-8
  Body:
<!DOCTYPE html>
<html lang="es">
<head>
<meta charset="UTF-8">
<meta name="viewport" content="width=device-width,initial-scale=1.0">
<title>Iniciar Sesión — PharmaCRM</title>
<link rel="stylesheet" href="/hospital/public/css/styles.css">
<link rel="stylesheet" href="https://cdnjs.cloudflare.com/ajax/libs/font-awesome/6.5.1/css/all.min.css">
</head>
<body>
<div class="login-wrapper">
<div class="login-card">
<div class="logo">
<div style="font-size:48px;margin-bottom:12px"><i class="fas fa-prescription-bottl
  User variables:
    target: http://localhost/hospital
    $environment: undefined
    $testId: tyrwb_hf3cergm9paphrkje9z4gkrz7e9jf_7x9j
    $dirname: tests
    $scenarioFile: C:\wamp64\www\hospital\mi-qa\tests\escenarios.yaml
    username: username
    password: password
    nombre_medicamento: ibuprofeno
    cliente_id: 7
    $uuid: 050aa07d-e7dd-491f-9017-99ca15e01726
--------------------------------------
Metrics for period to: 11:13:20(-0500) (width: 7.619s)
--------------------------------------

errors.Failed capture or match: ................................................ 111
http.codes.200: ................................................................ 291
http.codes.302: ................................................................ 111
http.downloaded_bytes: ......................................................... 2938773
http.request_rate: ............................................................. 58/sec
http.requests: ................................................................. 402
http.response_time:
  min: ......................................................................... 1
  max: ......................................................................... 32
  mean: ........................................................................ 8.4
  median: ...................................................................... 4
  p95: ......................................................................... 25.8
  p99: ......................................................................... 30.3
http.response_time.2xx:
  min: ......................................................................... 1
  max: ......................................................................... 32
  mean: ........................................................................ 5.8
  median: ...................................................................... 3
  p95: ......................................................................... 22
  p99: ......................................................................... 30.9
http.response_time.3xx:
  min: ......................................................................... 4
  max: ......................................................................... 31
  mean: ........................................................................ 15.2
  median: ...................................................................... 19.1
  p95: ......................................................................... 27.9
  p99: ......................................................................... 29.1
http.responses: ................................................................ 402
plugins.expect.failed: ......................................................... 111
plugins.expect.failed.statusCode: .............................................. 111
plugins.expect.ok: ............................................................. 180
plugins.expect.ok.statusCode: .................................................. 180
vusers.created: ................................................................ 83
vusers.created_by_name.Jornada Completa PharmaCRM (5 Etapas Consecutivas): ..... 83
vusers.failed: ................................................................. 111


All VUs finished. Total time: 1 minute, 4 seconds

--------------------------------
Summary report @ 11:13:19(-0500)
--------------------------------

errors.Failed capture or match: ................................................ 600
http.codes.200: ................................................................ 1800
http.codes.302: ................................................................ 600
http.downloaded_bytes: ......................................................... 20761800
http.request_rate: ............................................................. 47/sec
http.requests: ................................................................. 2400
http.response_time:
  min: ......................................................................... 1
  max: ......................................................................... 44
  mean: ........................................................................ 8.8
  median: ...................................................................... 5
  p95: ......................................................................... 27.9
  p99: ......................................................................... 32.1
http.response_time.2xx:
  min: ......................................................................... 1
  max: ......................................................................... 44
  mean: ........................................................................ 6.8
  median: ...................................................................... 3
  p95: ......................................................................... 26.8
  p99: ......................................................................... 32.1
http.response_time.3xx:
  min: ......................................................................... 3
  max: ......................................................................... 35
  mean: ........................................................................ 14.8
  median: ...................................................................... 16
  p95: ......................................................................... 27.9
  p99: ......................................................................... 30.9
http.responses: ................................................................ 2400
plugins.expect.failed: ......................................................... 600
plugins.expect.failed.statusCode: .............................................. 600
plugins.expect.ok: ............................................................. 1200
plugins.expect.ok.statusCode: .................................................. 1200
vusers.created: ................................................................ 600
vusers.created_by_name.Jornada Completa PharmaCRM (5 Etapas Consecutivas): ..... 600
vusers.failed: ................................................................. 600
